:020000040800F2
:10000000000002206D2800088D2300088F230008BF
:1000100091230008932300089523000800000000A6
:10002000000000000000000000000000972300080E
:1000300099230008000000009B2300089D2300086E
:10004000BD280008BD280008BD280008BD280008FC
:10005000BD280008BD280008BD280008BD280008EC
:10006000BD280008BD280008BD280008BD280008DC
:10007000BD280008BD280008BD280008BD280008CC
:10008000BD280008BD280008BD280008BD280008BC
:10009000BD280008A1230008BD280008BD280008CD
:1000A000BD280008B1230008BD280008BD280008AD
:1000B000C1230008BD280008BD280008BD2800088D
:1000C000BD280008BD280008BD280008BD2800087C
:1000D000BD280008D1230008BD280008BD2800085D
:1000E000BD280008BD280008BD280008BD2800085C
:1000F000BD280008BD280008BD280008BD2800084C
:10010000BD280008BD280008BD280008BD2800083B
:10011000BD280008BD280008BD280008BD2800082B
:10012000BD280008BD280008BD280008BD2800081B
:10013000BD280008BD280008BD280008BD2800080B
:10014000BD280008BD280008BD280008BD280008FB
:10015000BD280008BD280008BD280008BD280008EB
:10016000BD280008BD280008BD280008BD280008DB
:10017000BD280008BD280008BD280008BD280008CB
:10018000BD280008BD280008BD280008BD280008BB
:10019000BD28000800000000BD280008BD28000898
:1001A000BD280008BD280008BD280008BD2800089B
:1001B000BD280008BD280008BD280008BD2800088B
:1001C000BD280008BD280008BD280008BD2800087B
:0801D000BD280008BD2800084D
:1002000010B5054C237833B9044B13B10448AFF350
:1002100000800123237010BDBC09002000000000F5
:10022000D0F4000808B5034B1BB103490348AFF3F2
:10023000008008BD00000000C0090020D0F40008C4
:1002400081F0004102E000BF83F0004330B54FEA87
:1002500041044FEA430594EA050F08BF90EA020FF4
:100260001FBF54EA000C55EA020C7FEA645C7FEA87
:10027000655C00F0E2804FEA5454D4EB5555B8BFAA
:100280006D420CDD2C4480EA020281EA030382EA1B
:10029000000083EA010180EA020281EA0303362DAD
:1002A00088BF30BD11F0004F4FEA01314FF4801C80
:1002B0004CEA113102D0404261EB410113F0004F92
:1002C0004FEA03334CEA133302D0524263EB430349
:1002D00094EA050F00F0A780A4F10104D5F1200EE7
:1002E0000DDB02FA0EFC22FA05F2801841F1000142
:1002F00003FA0EF2801843FA05F359410EE0A5F116
:1003000020050EF1200E012A03FA0EFC28BF4CF046
:10031000020C43FA05F3C01851EBE37101F00045FC
:1003200007D54FF0000EDCF1000C7EEB00006EEB09
:100330000101B1F5801F1BD3B1F5001F0CD3490893
:100340005FEA30004FEA3C0C04F101044FEA4452EA
:1003500012F5800F80F09A80BCF1004F08BF5FEA71
:10036000500C50F1000041EB045141EA050130BD51
:100370005FEA4C0C404141EB0101013C28BFB1F563
:10038000801FE9D291F0000F04BF01460020B1FAAE
:1003900081F308BF2033A3F10B03B3F120020CDA81
:1003A0000C3208DD02F1140CC2F10C0201FA0CF05F
:1003B00021FA02F10CE002F11402D8BFC2F1200CC4
:1003C00001FA02F120FA0CFCDCBF41EA0C0190407A
:1003D000E41AA2BF01EB0451294330BD6FEA0404C3
:1003E0001F3C1CDA0C340EDC04F11404C4F12002AE
:1003F00020FA04F001FA02F340EA030021FA04F3C0
:1004000045EA030130BDC4F10C04C4F1200220FA16
:1004100002F001FA04F340EA0300294630BD21FA54
:1004200004F0294630BD94F0000F83F4801306BF1A
:1004300081F480110134013D4EE77FEA645C18BF0E
:100440007FEA655C29D094EA050F08BF90EA020FA5
:1004500005D054EA000C04BF1946104630BD91EA9D
:10046000030F1EBF0021002030BD5FEA545C05D1A0
:100470004000494128BF41F0004130BD14F58004DF
:100480003CBF01F5801130BD01F0004545F0FE4153
:1004900041F470014FF0000030BD7FEA645C1ABF88
:1004A000194610467FEA655C1CBF0B46024650EABF
:1004B000013406BF52EA033591EA030F41F40021EB
:1004C00030BD00BF90F0000F04BF0021704730B571
:1004D0004FF4806404F132044FF000054FF0000146
:1004E00050E700BF90F0000F04BF0021704730B507
:1004F0004FF4806404F1320410F0004548BF4042DC
:100500004FF000013EE700BF42004FEAE2014FEA30
:1005100031014FEA02701FBF12F07F4393F07F4F0B
:1005200081F06051704732F07F4208BF704793F00E
:100530007F4F04BF41F40021704730B54FF4607421
:1005400001F0004521F000411CE700BF50EA010224
:1005500008BF704730B54FF000050AE050EA0102CD
:1005600008BF704730B511F0004502D5404261EB3D
:1005700041014FF4806404F132045FEA915C3FF47E
:10058000D8AE4FF003025FEADC0C18BF03325FEA1B
:10059000DC0C18BF033202EBDC02C2F1200300FACC
:1005A00003FC20FA02F001FA03FE40EA0E0021FAF1
:1005B00002F11444BDE600BF80F0004002E000BF3D
:1005C00081F0004142001FBF5FEA410392EA030F3E
:1005D0007FEA226C7FEA236C6AD04FEA1262D2EB88
:1005E0001363C1BFD218414048404140B8BF5B428D
:1005F000192B88BF704710F0004F40F4000020F026
:100600007F4018BF404211F0004F41F4000121F03B
:100610007F4118BF494292EA030F3FD0A2F1010285
:1006200041FA03FC10EB0C00C3F1200301FA03F1C3
:1006300000F0004302D5494260EB4000B0F5000FE6
:1006400013D3B0F1807F06D340084FEA310102F1A5
:100650000102FE2A51D2B1F1004F40EBC25008BF57
:1006600020F0010040EA03007047490040EB000021
:10067000013A28BFB0F5000FEDD2B0FA80FCACF122
:10068000080CB2EB0C0200FA0CF0AABF00EBC2504F
:1006900052421843BCBFD0401843704792F0000F3D
:1006A00081F4000106BF80F400000132013BB5E790
:1006B0004FEA41037FEA226C18BF7FEA236C21D006
:1006C00092EA030F04D092F0000F08BF084670476B
:1006D00090EA010F1CBF0020704712F07F4F04D139
:1006E000400028BF40F00040704712F100723CBF4C
:1006F00000F50000704700F0004343F0FE4040F476
:10070000000070477FEA226216BF08467FEA236333
:100710000146420206BF5FEA412390EA010F40F41E
:10072000800070474FF0000304E000BF10F000436A
:1007300048BF40425FEA000C08BF704743F0964351
:1007400001464FF000001CE050EA010208BF70476C
:100750004FF000030AE000BF50EA010208BF7047F3
:1007600011F0004302D5404261EB41015FEA010C08
:1007700002BF84460146002043F0B64308BFA3F100
:100780008053A3F50003BCFA8CF2083AA3EBC253E2
:1007900010DB01FA02FC634400FA02FCC2F1200201
:1007A000BCF1004F20FA02F243EB020008BF20F038
:1007B0000100704702F1200201FA02FCC2F120029E
:1007C00050EA4C0021FA02F243EB020008BF20EA93
:1007D000DC7070474FF0FF0C1CEAD0521EBF1CEAC1
:1007E000D15392EA0C0F93EA0C0F6FD01A4480EAAF
:1007F000010C400218BF5FEA41211ED04FF0006398
:1008000043EA501043EA5111A0FB01310CF00040C3
:10081000B1F5000F3EBF490041EAD3715B0040EAE9
:10082000010062F17F02FD2A1DD8B3F1004F40EBB9
:10083000C25008BF20F00100704790F0000F0CF08C
:10084000004C08BF49024CEA502040EA51207F3A50
:10085000C2BFD2F1FF0340EAC250704740F400002B
:100860004FF00003013A5DDC12F1190FDCBF00F01C
:1008700000407047C2F10002410021FA02F1C2F1CA
:10088000200200FA02FC5FEA310040F1000053EA66
:100890004C0308BF20EADC70704792F0000F00F0B4
:1008A000004C02BF400010F4000F013AF9D040EABA
:1008B0000C0093F0000F01F0004C02BF490011F44E
:1008C000000F013BF9D041EA0C018FE70CEAD1534C
:1008D00092EA0C0F18BF93EA0C0F0AD030F0004CCC
:1008E00018BF31F0004CD8D180EA010000F0004080
:1008F000704790F0000F17BF90F0004F084691F03E
:10090000000F91F0004F14D092EA0C0F01D1420277
:100910000FD193EA0C0F03D14B0218BF084608D140
:1009200080EA010000F0004040F0FE4040F400008A
:10093000704740F0FE4040F4400070474FF0FF0C1D
:100940001CEAD0521EBF1CEAD15392EA0C0F93EA64
:100950000C0F69D0A2EB030280EA010C49024FEAB6
:10096000402037D04FF0805343EA111143EA10136F
:100970000CF000408B4238BF5B0042F17D024FF427
:10098000000C8B4224BF5B1A40EA0C00B3EB510F02
:1009900024BFA3EB510340EA5C00B3EB910F24BFEB
:1009A000A3EB910340EA9C00B3EBD10F24BFA3EB70
:1009B000D10340EADC001B0118BF5FEA1C1CE0D138
:1009C000FD2A3FF650AF8B4240EBC25008BF20F0EB
:1009D000010070470CF0004C4CEA50207F32C2BF3F
:1009E000D2F1FF0340EAC250704740F400004FF0DC
:1009F0000003013A37E792F0000F00F0004C02BF0D
:100A0000400010F4000F013AF9D040EA0C0093F0D6
:100A1000000F01F0004C02BF490011F4000F013B30
:100A2000F9D041EA0C0195E70CEAD15392EA0C0F98
:100A300008D142027FF47DAF93EA0C0F7FF470AFD0
:100A4000084676E793EA0C0F04D14B023FF44CAF13
:100A500008466EE730F0004C18BF31F0004CCAD1A8
:100A600030F000427FF45CAF31F000437FF43CAFE4
:100A70005FE700BF4FF0FF3C06E000BF4FF0010C06
:100A800002E000BF4FF0010C4DF804CD4FEA4002E8
:100A90004FEA41037FEA226C18BF7FEA236C11D032
:100AA00001B052EA530C18BF90EA010F58BFB2EBE5
:100AB000030088BFC81738BF6FEAE17018BF40F065
:100AC000010070477FEA226C02D15FEA402C05D119
:100AD0007FEA236CE4D15FEA412CE1D05DF8040B9E
:100AE000704700BF844608466146FFE70FB5FFF731
:100AF000C9FF002848BF10F1000F0FBD4DF808EDE9
:100B0000FFF7F4FF0CBF012000205DF808FB00BFD9
:100B10004DF808EDFFF7EAFF34BF012000205DF833
:100B200008FB00BF4DF808EDFFF7E0FF94BF012080
:100B300000205DF808FB00BF4DF808EDFFF7D2FF7D
:100B400094BF012000205DF808FB00BF4DF808EDC0
:100B5000FFF7C8FF34BF012000205DF808FB00BF8D
:100B60004FEA4002B2F1FE4F0FD34FF09E03B3EBBA
:100B700012620DD94FEA002343F0004310F0004FFA
:100B800023FA02F018BF404270474FF00000704750
:100B900012F1610F01D1420205D110F0004008BFEF
:100BA0006FF0004070474FF00000704742000ED2D7
:100BB000B2F1FE4F0BD34FF09E03B3EB126209D498
:100BC0004FEA002343F0004323FA02F070474FF04E
:100BD0000000704712F1610F01D1420202D14FF0C3
:100BE000FF3070474FF00000704700BF53B94AB95B
:100BF000002908BF00281CBF4FF0FF314FF0FF3025
:100C000000F074B9ADF1080C6DE904CE00F006F8FF
:100C1000DDF804E0DDE9022304B070472DE9F04778
:100C2000089E0D4604468846002B4DD18A429446C4
:100C300068D9B2FA82F252B101FA02F3C2F120018C
:100C400020FA01F10CFA02FC41EA030894404FEA51
:100C50001C45210CB8FBF5FE1FFA8CF705FB1E8323
:100C600041EA03430EFB07F199420BD91CEB030346
:100C70000EF1FF3080F01E81994240F21B81AEF1EF
:100C8000020E63445B1AA4B2B3FBF5F005FB10330C
:100C900044EA034400FB07F7A7420AD91CEB04040B
:100CA00000F1FF3380F00881A74240F205816444DF
:100CB0000238E41B40EA0E4000211EB1D44000235C
:100CC000C6E90043BDE8F0878B4208D9002E00F04A
:100CD000EE800021C6E900050846BDE8F087B3FABA
:100CE00083F100294AD1AB4202D3824200F2F9805B
:100CF000841A65EB030301209846002EE2D0C6E972
:100D00000048DFE702B9FFDEB2FA82F2002A40F0C3
:100D10009180A1EB0C054FEA1C471FFA8CFE0121C4
:100D2000B5FBF7F307FB1350250C45EA00450EFB16
:100D300003F0A84208D91CEB050503F1FF3802D2E5
:100D4000A84200F2CB8043462D1AA4B2B5FBF7F0BF
:100D500007FB105544EA05440EFB00FEA64508D9E2
:100D60001CEB040400F1FF3502D2A64500F2BB8063
:100D70002846A4EB0E0440EA03409EE7C1F1200799
:100D80008B4022FA07FC4CEA030C20FA07F405FA20
:100D900001F31C43FD404FEA1C4900FA01F3B5FB87
:100DA000F9F8200C1FFA8CFE09FB185540EA05459E
:100DB00008FB0EF0A84202FA01F20BD91CEB050564
:100DC00008F1FF3A80F08880A84240F28580A8F1BF
:100DD000020865442D1AA4B2B5FBF9F009FB1055C1
:100DE00044EA054500FB0EFEAE4508D91CEB05059F
:100DF00000F1FF346CD2AE456AD90238654440EA4E
:100E00000840A0FB0294A5EB0E05A542C846A646E5
:100E100056D353D05EB1B3EB080265EB0E0505FA6D
:100E200007F722FA01F3CD401F43C6E90075002100
:100E3000BDE8F087C2F1200320FA03F10CFA02FCAE
:100E400025FA03F395400D434FEA1C471FFA8CFE29
:100E5000B3FBF7F107FB11302B0C43EA004301FB16
:100E60000EF0984204FA02F408D91CEB030301F1D6
:100E7000FF382FD298422DD9023963441B1AADB2E4
:100E8000B3FBF7F007FB103345EA034500FB0EF315
:100E9000AB4208D91CEB050500F1FF3816D2AB4276
:100EA00014D902386544ED1A40EA014138E7314669
:100EB000304607E78646E5E61846FAE64B45A9D2EE
:100EC000B9EB020864EB0C0E0138A3E74046EAE7F1
:100ED000204694E74146D1E7D0467BE7023B654494
:100EE00032E7084609E76444023842E7704700BF2A
:100EF00000000000000000000000000000000000F2
:100F000090F800F06DE9024520F007016FF0000C49
:100F100010F0070491F820F040F049804FF00004F1
:100F20006FF00700D1E9002391F840F000F10800CC
:100F300082FA4CF2A4FA8CF283FA4CF3A2FA8CF304
:100F40004BBBD1E9022382FA4CF200F10800A4FA6B
:100F50008CF283FA4CF3A2FA8CF3E3B9D1E90423BF
:100F600082FA4CF200F10800A4FA8CF283FA4CF3F6
:100F7000A2FA8CF37BB9D1E9062301F1200182FAB0
:100F80004CF200F10800A4FA8CF283FA4CF3A2FAB6
:100F90008CF3002BC6D0002A04BF04301A4612BAC4
:100FA000B2FA82F2FDE8024500EBD2007047D1E9C7
:100FB000002304F00305C4F100004FEAC50514F056
:100FC000040F91F840F00CFA05F562EA05021CBF27
:100FD00063EA050362464FF00004A9E70000000041
:100FE00001F0FF01102A2BDB10F0070F08D010F8DA
:100FF000013B013A8B422DD010F0070F42B3F6D1DE
:10100000F0B441EA012141EA014122F007047FF0F6
:1010100000070023F0E80256083C85EA010586EA4D
:10102000010685FA47F5A3FA87F586FA47F6A5FA89
:1010300087F68EB9EED1F0BC01F0FF0102F0070295
:1010400032B110F8013B013A83EA010313B1F8D140
:101050000020704701387047002D06BF3546033821
:10106000073815F0010F07D1013015F4807F02BF5A
:10107000013015F4C03F0130F0BC0138704700BFAB
:10108000844641EA000313F003036DD1403A41D393
:1010900051F8043B40F8043B51F8043B40F8043B52
:1010A00051F8043B40F8043B51F8043B40F8043B42
:1010B00051F8043B40F8043B51F8043B40F8043B32
:1010C00051F8043B40F8043B51F8043B40F8043B22
:1010D00051F8043B40F8043B51F8043B40F8043B12
:1010E00051F8043B40F8043B51F8043B40F8043B02
:1010F00051F8043B40F8043B51F8043B40F8043BF2
:1011000051F8043B40F8043B51F8043B40F8043BE1
:10111000403ABDD2303211D351F8043B40F8043B81
:1011200051F8043B40F8043B51F8043B40F8043BC1
:1011300051F8043B40F8043B103AEDD20C3205D391
:1011400051F8043B40F8043B043AF9D2043208D089
:10115000D2071CBF11F8013B00F8013B01D30B88FB
:1011600003806046704700BF082A13D38B078DD0D9
:1011700010F003038AD0C3F10403D21ADB071CBFAB
:1011800011F8013B00F8013B80D331F8023B20F815
:10119000023B7BE7043AD9D3013A11F8013B00F84E
:1011A000013BF9D20B7803704B7843708B788370D6
:1011B0006046704770B54FF0FF0C4CF4E06C1CEAD1
:1011C00011541DBF1CEA135594EA0C0F95EA0C0F3D
:1011D00000F0DEF82C4481EA030621EA4C5123EAB0
:1011E0004C5350EA013518BF52EA033541F48011DF
:1011F00043F4801338D0A0FB02CE4FF00005E1FB92
:1012000002E506F00042E0FB03E54FF00006E1FBDB
:1012100003569CF0000F18BF4EF0010EA4F1FF041E
:10122000B6F5007F64F5407404D25FEA4E0E6D415E
:1012300046EB060642EAC62141EA55514FEAC5206F
:1012400040EA5E504FEACE2EB4F1FD0C88BFBCF5EB
:10125000E06F1ED8BEF1004F08BF5FEA500E50F19C
:10126000000041EB045170BD06F0004646EA010162
:1012700040EA020081EA0301B4EB5C04C2BFD4EB94
:101280000C0541EA045170BD41F480114FF0000E8D
:10129000013C00F3AB8014F1360FDEBF002001F0FB
:1012A000004170BDC4F10004203C35DA0C341BDC75
:1012B00004F11404C4F1200500FA05F320FA04F047
:1012C00001FA05F240EA020001F0004221F000417B
:1012D00010EBD37021FA04F642EB06015EEA430EEE
:1012E00008BF20EAD37070BDC4F10C04C4F120051E
:1012F00000FA04F320FA05F001FA04F240EA0200D1
:1013000001F0004110EBD37041F100015EEA430EA1
:1013100008BF20EAD37070BDC4F1200500FA05F2C1
:101320004EEA020E20FA04F301FA05F243EA020340
:1013300021FA04F001F0004121FA04F220EA02004F
:1013400000EBD3705EEA430E08BF20EAD37070BD95
:1013500094F0000F0FD101F00046400041EB010175
:1013600011F4801F08BF013CF7D041EA060195F057
:10137000000F18BF704703F00046520043EB030311
:1013800013F4801F08BF013DF7D043EA06037047FE
:1013900094EA0C0F0CEA135518BF95EA0C0F0CD009
:1013A00050EA410618BF52EA4306D1D181EA03014F
:1013B00001F000414FF0000070BD50EA410606BF49
:1013C0001046194652EA430619D094EA0C0F02D18E
:1013D00050EA013613D195EA0C0F05D152EA0336D3
:1013E0001CBF104619460AD181EA030101F00041F1
:1013F00041F0FE4141F470014FF0000070BD41F03A
:10140000FE4141F4780170BD70B54FF0FF0C4CF413
:10141000E06C1CEA11541DBF1CEA135594EA0C0F32
:1014200095EA0C0F00F0A7F8A4EB050481EA030E7F
:1014300052EA03354FEA013100F088804FEA033366
:101440004FF0805545EA131343EA12634FEA022234
:1014500045EA111545EA10654FEA00260EF00041F5
:101460009D4208BF964244F1FD0404F5407402D247
:101470005B084FEA3202B61A65EB03055B084FEAD8
:1014800032024FF480104FF4002CB6EB020E75EBD5
:10149000030E22BFB61A754640EA0C005B084FEAFD
:1014A0003202B6EB020E75EB030E22BFB61A75467A
:1014B00040EA5C005B084FEA3202B6EB020E75EBC5
:1014C000030E22BFB61A754640EA9C005B084FEA3D
:1014D0003202B6EB020E75EB030E22BFB61A75464A
:1014E00040EADC0055EA060E18D04FEA051545EA39
:1014F00016754FEA06164FEAC30343EA52734FEAE2
:10150000C2025FEA1C1CC0D111F4801F0BD141EA5A
:1015100000014FF000004FF0004CB6E711F4801FBF
:1015200004BF01430020B4F1FD0C88BFBCF5E06F9F
:101530003FF6AFAEB5EB030C04BFB6EB020C5FEAAF
:10154000500C50F1000041EB045170BD0EF0004E04
:101550004EEA113114EB5C04C2BFD4EB0C0541EA36
:10156000045170BD41F480114FF0000E013C90E633
:1015700045EA060E8DE60CEA135594EA0C0F08BFF7
:1015800095EA0C0F3FF43BAF94EA0C0F0AD150EAF6
:1015900001347FF434AF95EA0C0F7FF425AF104689
:1015A00019462CE795EA0C0F06D152EA03353FF4B1
:1015B000FDAE1046194622E750EA410618BF52EA2E
:1015C00043067FF4C5AE50EA41047FF40DAF52EA02
:1015D00043057FF4EBAE12E74FF0FF3C06E000BF9F
:1015E0004FF0010C02E000BF4FF0010C4DF804CDAC
:1015F0004FEA410C7FEA6C5C4FEA430C18BF7FEA6C
:101600006C5C1BD001B050EA410C0CBF52EA430C99
:1016100091EA030F02BF90EA020F0020704710F119
:10162000000F91EA030F58BF994208BF90422CBFA8
:10163000D8176FEAE37040F0010070474FEA410CA1
:101640007FEA6C5C02D150EA013C07D14FEA430CBF
:101650007FEA6C5CD6D152EA033CD3D05DF8040B30
:10166000704700BF8446104662468C461946634662
:1016700000E000BF01B5FFF7B7FF002848BF10F139
:10168000000F01BD4DF808EDFFF7F4FF0CBF01207E
:1016900000205DF808FB00BF4DF808EDFFF7EAFFFA
:1016A00034BF012000205DF808FB00BF4DF808EDB5
:1016B000FFF7E0FF94BF012000205DF808FB00BFAA
:1016C0004DF808EDFFF7CEFF94BF012000205DF834
:1016D00008FB00BF4DF808EDFFF7C4FF34BF012041
:1016E00000205DF808FB00BF4FEA410C7FEA6C5C0C
:1016F00002D150EA013C0AD14FEA430C7FEA6C5C0C
:1017000002D152EA033C02D14FF0000070474FF083
:10171000010070474FEA410212F5001215D211D5AF
:101720006FF47873B3EB625212D94FEAC12343F0DE
:10173000004343EA505311F0004F23FA02F018BF60
:10174000404270474FF00000704750EA013005D129
:1017500011F0004008BF6FF0004070474FF00000EC
:10176000704700BF4A0011D212F5001211D20DD5F8
:101770006FF47873B3EB62520ED44FEAC12343F097
:10178000004343EA505323FA02F070474FF0000041
:10179000704750EA013002D14FF0FF3070474FF0F0
:1017A000000070474FEA4102B2F1E04324BFB3F5B5
:1017B000001CDCF1FE5C0DD901F0004C4FEAC002C8
:1017C0004CEA5070B2F1004F40EB830008BF20F0AC
:1017D0000100704711F0804F21D113F13872BCBF66
:1017E00001F00040704741F480114FEA5252C2F1BB
:1017F0001802C2F1200C10FA0CF320FA02F018BF04
:1018000040F001004FEAC1234FEAD32303FA0CFC56
:1018100040EA0C0023FA02F34FEA4303CCE77FEAE5
:10182000625307D150EA01331EBF4FF0FE4040F42F
:101830004000704701F0004040F0FE4040F40000DE
:10184000704700BF38B505460C46284621460022A1
:101850000023FFF721FF28B928462146BDE838407C
:1018600000F00AB8284604F1004100F005F84042B3
:1018700061EB410138BD00BFD0B50C4B00220646DC
:101880000F46FFF797FCFFF76DFF0446FEF71AFEC1
:10189000074B0022FFF78EFC02460B4630463946C6
:1018A000FEF7D2FCFFF75EFF2146D0BD0000F03D01
:1018B0000000F04170B586B00024009401940294B9
:1018C00001260396049440F2FF730593074D694681
:1018D000284601F069FA284601F096FA2246314678
:1018E000284601F083FB06B070BD00BF600A0020EF
:1018F00010B58CB004462422002103A804F0F2F8AD
:101900000023019302934FF400730393082306937B
:1019100044FA03F38DF80A308DF80B4001AA03A9AD
:10192000024801F088FA0CB010BD00BF600A002028
:1019300000B58DB06B4602AA402101F0A5FA029BCA
:10194000B3F5017F02D00DB05DF804FB9DF80030C7
:101950009DF8012042EA03220A4B1A809DF80210EA
:101960009DF8032042EA01225A809DF804109DF858
:10197000052042EA01229A809DF806209A710122F0
:10198000DA71E0E7D809002070B582B0174C002565
:1019900025606560A560E5600023A4F87030A4F8B8
:1019A0007230636784F8783084F8793084F87A305C
:1019B00084F87B3084F87D30012384F87C300C4E31
:1019C00001960C4B00932B460B4A0C4904F1100076
:1019D00000F055FB019600962B462A464FF07E51AB
:1019E00004F1400000F04BFB02B070BDE0090020A4
:1019F00000409C4500401C46CDCC4C3D0000704151
:101A00002A4BDB79002B50D070B5284C0023E371B2
:101A1000B4F90200FEF78AFE2549FEF78FFF254B39
:101A20009860208893F8783073B1224B93F87B301C
:101A3000013BDBB2012B0ED91E4B0022DA600022E3
:101A40005A67A3F8720070BD1A4BA3F87200012206
:101A500083F87820F7E7174BB3F87230C31A1BB23C
:101A6000B3F5805F19DD134A536F013B5367114C87
:101A7000A4F87200666FFEF755FE4FF06451FEF752
:101A8000A9FE05463046FEF751FE2946FEF79AFDAF
:101A90000949FEF753FFE060D5E713F5805FE6DA0A
:101AA000044A536F01335367E1E77047D8090020B8
:101AB00000007042E009002000001042014B186055
:101AC000704700BFE0090020014B5860704700BF1D
:101AD000E0090020014B586019607047E0090020C0
:101AE000024B186159619A61704700BFE0090020FC
:101AF000024B186459649A64704700BFE0090020E3
:101B000038B5464B93F878308BB3444B93F8793023
:101B10008BB3424A92F87B3092F87D20934209D0F1
:101B2000012B3CD0022B46D0ABB33C4B93F87B202F
:101B300083F87D20394B1C6893F87B30012B44D00F
:101B4000022B4AD0354B93F87A300BB104F10044A4
:101B5000324DAA68214605F1100000F0A0FAFEF708
:101B6000FFFF00B2A5F87000FFF7C2FE38BD0020ED
:101B7000FFF7BEFEFAE7294CA4F8703004F110001C
:101B800000F0DDFA04F1400000F0D9FAB4F9700079
:101B9000FFF7AEFEEAE7224800F0D1FAC5E71F4C96
:101BA00004F1100000F0CBFA04F1400000F0C7FA95
:101BB000E3686360B9E7194C04F1100000F0BFFA64
:101BC00004F1400000F0BBFAAFE71448C268416876
:101BD000403000F064FA0446B4E7104CE2686168F3
:101BE00004F1400000F05BFA0546246824F000444C
:101BF0000C492046FEF78CFF00B10A4C29462046CE
:101C0000FEF786FF00289DD104F1004004462946D6
:101C1000FEF79CFF002895D12C4693E7E0090020B1
:101C2000200A0020CDCCCC3D30B58BB000240594EB
:101C300006940794089409941C4BDA6C42F0200235
:101C4000DA64DA6C02F020020192019ADA6C42F056
:101C50000402DA64DA6C02F004020292029ADA6C8C
:101C600042F01002DA64DA6C02F010020392039A76
:101C7000DA6C42F00102DA64DB6C03F001030493D6
:101C8000049B0B4D22464FF44051284601F0EEFBD9
:101C90004FF440530593012306930794089405A934
:101CA000284601F0F5FA0BB030BD00BF001002402D
:101CB0000010004830B587B00024019402940394CA
:101CC000049405940E4BDA6C42F01002DA64DB6C7B
:101CD00003F010030093009B0A4D22464FF440513D
:101CE000284601F0C3FB4FF44053019301230293B4
:101CF0000394049401A9284601F0CAFA07B030BD44
:101D0000001002400010004811F0010F00D1704790
:101D100008B5FFF70DFE08BD08B50268034B9A42EF
:101D200000D008BD00F07AFDFBE700BF003801409D
:101D300010B5044602681E4B9A4204D02368B3F1E2
:101D4000804F03D010BD00F0C9FDF7E7194A1368B2
:101D500001331360184A136801331360312B17D80D
:101D6000144B1A68154BA3FB02139B09C82101FBF6
:101D70001323B3B100F07BF9114A136801331360E8
:101D8000092BDFD9134600221A6000F0F3FCD9E7D3
:101D9000134600221A604FF480510A4801F06BFB91
:101DA000DEE74FF40051074801F065FBE2E700BFB2
:101DB000002C0140A80B0020A40B00201F85EB5134
:101DC000AC0B00200010004808B572B60F4C012281
:101DD0004FF48051204601F049FB00224FF400519E
:101DE000204601F043FB642000F08AFD00224FF4FE
:101DF0008051204601F03AFB01224FF40051204669
:101E000001F034FB642000F07BFDDFE700100048A8
:101E100008B50F480F4B0360002343608360C36025
:101E200003744374837405224261012282610D218F
:101E3000C1610321016242628262C2620263436342
:101E40008363C36300F0C6FE00B908BDFFF7BCFFA3
:101E5000600A00200064004000B589B000230493AC
:101E600005930693079301930293039314484FF04D
:101E70008042026044F26722426083606322C26053
:101E800003618023836102F05BFB90B94FF48053C0
:101E9000049304A90A4802F08FFB60B90023019360
:101EA000039301A9064802F031FC30B909B05DF88E
:101EB00004FBFFF789FFFFF787FFFFF785FF00BFF0
:101EC000C40A002008B51548154B03604FF4E133F0
:101ED000436000238360C36003610C22426183611D
:101EE000C36103624362836203F048FC70B900215E
:101EF0000A4803F083FD58B90021084803F0A3FD08
:101F000040B9064803F05BFD30B908BDFFF75CFF40
:101F1000FFF75AFFFFF758FFFFF756FF100B00209F
:101F20000038014000B595B03822002106A803F022
:101F3000D9FD00200190029003900490059001F0DB
:101F4000A3FA012306934FF48033079302230D93E2
:101F500003220E920C220F9255221092119304220A
:101F60001292139306A801F049FB90B90F23019335
:101F700003230293002303934FF48062049205939A
:101F800004210DEB010001F0EFFD20B915B05DF863
:101F900004FBFFF719FFFFF717FF000038B500F04B
:101FA0008EFCFFF7BFFFFFF73FFEFFF731FFFFF7A4
:101FB00053FFFFF787FFFFF77DFE254C01224FF40B
:101FC0008051204601F052FA01224FF40051204680
:101FD00001F04CFA4FF4FA6000F092FC00224FF44A
:101FE0008051204601F042FA00224FF40051204671
:101FF00001F03CFA4FF4FA7000F082FC00251FE07B
:10200000134C01224FF48051204601F02FFA012297
:102010004FF40051204601F029FAC82000F070FC6E
:1020200000224FF48051204601F020FA00224FF4A4
:102030000051204601F01AFAC82000F061FC013579
:10204000022DDDDD00F008F8024802F0BDF8FEE7E1
:1020500000100048C40A002008B5FFF72BFC6420DC
:1020600000F04EFCFFF790FC00F01AFA08BD08B52E
:10207000FFF7C6FC00F020FAFFF742FD08BD016043
:1020800042608360009B8362019BC3620023C36044
:10209000036143618361C361036243627047F8B5C2
:1020A000044608461146E0602261FEF789FA0546BB
:1020B0006061E169FEF786FA0646E061E76A394643
:1020C000FEF744FD38B3E761A1692846FEF778FAC8
:1020D0000646206221682846FEF77CFB0746E16938
:1020E0006068FEF777FB01463846FEF76BFA074655
:1020F000A1683046FEF76EFB01463846FEF762FAED
:1021000006466062A76A3946FEF720FD68B167623D
:10211000A561606AF8BD07F1004739463046FEF711
:10212000F7FC0028D0D0E761CEE707F10047394639
:102130003046FEF7EDFC0028EAD06762E8E70023AE
:1021400043618361C36103624362704700B583B03A
:102150000B4B1A6E42F001021A661A6E02F001026F
:102160000092009A9A6D42F080529A659B6D03F03E
:1021700080530193019B01F00DFA03B05DF804FB5D
:102180000010024010B59CB0044600211791189130
:1021900019911A911B91542202A803F0A3FC226802
:1021A0001E4B9A4201D01CB010BD4FF480530293D5
:1021B0004FF00073109302A801F01AFE50BB184BA9
:1021C0009A6D42F000729A659A6D02F00072009268
:1021D000009ADA6C42F00102DA64DB6C03F001036E
:1021E0000193019B4FF4C0531793022318930024CB
:1021F00019941A9409231B9317A94FF0904001F0EA
:1022000047F822462146152000F0A0FB152000F0DB
:10221000D5FBC8E7FFF7D8FDD1E700BF0064004059
:10222000001002400368B3F1804F00D0704700B542
:1022300083B003F504339A6D42F001029A659B6DF9
:1022400003F001030193019B002211461C2000F0C2
:102250007DFB1C2000F0B2FB03B05DF804FB000026
:1022600010B59CB0044600211791189119911A914C
:102270001B91542202A803F035FC22681B4B9A42A2
:1022800001D01CB010BD0123029302A801F0B0FDE3
:1022900040BB174B1A6E42F480421A661A6E02F463
:1022A00080420092009ADA6C42F00402DA64DB6C3D
:1022B00003F004030193019B302317930223189327
:1022C000002419941A9407231B9317A9094800F0B6
:1022D000DFFF22462146252000F038FB252000F0B4
:1022E0006DFBCEE7FFF770FDD3E700BF003801407C
:1022F000001002400008004830B589B004461E4B6B
:102300001A6E42F400621A661B6E03F400630193B6
:10231000019B02A903A801F04DFD01F039FD034620
:102320001648A0FB03239B0C013B1548154A02608D
:1023300040F2E732C260436000230361836002F031
:10234000FFF8054610B1284609B030BD0C4801F031
:102350003BFF05460028F6D1192000F02FFB0F2C7B
:1023600001D90125EFE700222146192000F0EEFAFD
:10237000054B1C60E7E700BF0010024083DE1B43F3
:10238000B00B0020002C014008000020FEE7FEE713
:10239000FEE7FEE7FEE770477047704770470000B2
:1023A00008B5024800F0AFFE08BD00BF600A00207B
:1023B00008B5024801F056FF08BD00BFB00B002071
:1023C00008B5024801F04EFF08BD00BFC40A002056
:1023D00008B5024802F042FA08BD00BF100B002009
:1023E0000120704708B503F053FB162303604FF03C
:1023F000FF3008BD08B54FF0FF31FFF7F3FFFEE7F0
:1024000070B50C461646002506E0AFF30080214665
:1024100001F8010B01350C46B542F6DB304670BDC4
:1024200070B50C461646002504E014F8010BAFF316
:1024300000800135B542F8DB304670BD4FF0FF300B
:1024400070474FF400534B600020704701207047E5
:102450000020704710B503460C4A0D490D4800682E
:1024600040B10C4800680344521A934206D8094A06
:10247000136010BD0748084C0460F2E703F008FB46
:102480000C2303604FF0FF30F3E700BF0000022091
:1024900000040000FC0B0020D00D0020704700005D
:1024A00008B501220249034803F03AFA08BD00BF0B
:1024B000000C0020100B0020984B93F8823103B9D8
:1024C000704710B586B005AA9549964803F0A0FB61
:1024D000012830D005AA9449924803F099FB0128BD
:1024E00035D005AA91498F4803F092FB012835D0D9
:1024F00005AA8F498B4803F08BFB012835D005AA2C
:102500008C49884803F084FB012835D005AA8A4904
:10251000844803F07DFB012835D005AA874981480E
:1025200003F076FB012835D10598FEF73FFB844B7D
:1025300083F87C0005E0824B9A6959690598FFF79A
:10254000CFFA764B002283F8822106B010BD7C4B77
:102550009A6905991869FFF7C3FAF2E7784B059A6B
:1025600059691869FFF7BCFAEBE7754B9A6C596C1F
:102570000598FFF7BDFAE4E7714B9A6C0599186C62
:10258000FFF7B6FADDE76E4B059A596C186CFFF74A
:10259000AFFAD6E705AA6B49624803F039FB012878
:1025A00006D10598FEF702FB654B83F87B00C8E770
:1025B00005AA65495B4803F02BFB012830D005AA2A
:1025C0006249584803F024FB012831D004AB05AA26
:1025D0005F49544803F01CFB022831D005AA5D492D
:1025E000504803F015FB012833D005AA5A494D483D
:1025F00003F00EFB012830D005AA5849494803F0E2
:1026000007FB012832D100210598FEF79FFA40B35D
:102610004B4B012283F87920022283F87B2090E73C
:102620000598FFF74BFA464B002283F87B2088E79A
:102630000598FFF749FA424B012283F87B2080E797
:1026400004990598FFF746FA3D4B022283F87B2058
:1026500077E70598FFF732FA73E70598FFF734FA42
:102660006FE7374B002283F879206AE705AA3C49D7
:102670002C4803F0CDFA012823D13A4A01AB07CA0E
:1026800083E80700059C00212046FEF755FA002844
:102690003FF457AF4FF080412046FEF743FA002841
:1026A0003FF44FAF2046FEF75BFA06AB03EB800327
:1026B00053F8140CFFF702FA214B002283F87B2019
:1026C0003FE705AA2849174803F0A2FA01280DD0D0
:1026D00005AA2649134803F09BFA01280ED1059854
:1026E000FEF764FA164B83F87A002AE70598FFF79D
:1026F000EBF9134B012283F87B2022E705AA1C4942
:10270000084803F085FA01287FF41BAF0598FEF70F
:102710004DFA0B4B83F8790013E700BF000C002043
:1027200010F50008000D002020F5000830F5000825
:102730000CF500081CF500082CF500083CF5000815
:10274000E00900204CF500085CF5000868F5000879
:1027500074F5000884F5000894F50008A4F5000855
:10276000B8F50008E8F40008C8F50008DCF5000832
:10277000E4F500082DE9F04FD1B0254C2668A76894
:10278000D4F80480D4F80C90D4F834A0D4F864B011
:10279000B4F97000FDF7CAFF054694F87B00FDF719
:1027A000C1FFFDF7B1FECDE90E012846FDF7ACFEF5
:1027B000CDE90C015846FDF7A7FECDE90A015046C8
:1027C000FDF7A2FECDE908014846FDF79DFECDE9E3
:1027D00006014046FDF798FECDE904013846FDF7B5
:1027E00093FECDE902013046FDF78EFECDE90001F2
:1027F000084A4FF4807110A803F0C6F9642382B22E
:1028000010A9054802F0ECFE51B0BDE8F08F00BF02
:10281000E0090020F0F50008100B002008B5114B6E
:102820001B780A2B0CD00F4AB2F880217E2A13D8CD
:102830000C49501CA1F880010A4482F800310BE0D9
:10284000084BB3F880211A44002182F800110122BC
:1028500083F88221A3F8801101220249024803F083
:102860005FF808BD000C0020100B00200D488546C5
:10287000FFF714FE0C480D490D4A002302E0D4581E
:10288000C4500433C4188C42F9D30A4A0A4C0023BA
:1028900001E013600432A242FBD303F0FFF8FFF71C
:1028A0007DFBFEE70000022000000020BC090020A4
:1028B00088FC0008BC090020D00D0020FEE710B500
:1028C000032000F031F80F20FFF716FD10B10124AE
:1028D000204610BD0446FFF739FCF9E7034A1368A8
:1028E000034909680B441360704700BF840D002042
:1028F00004000020014B1868704700BF840D0020C1
:1029000038B50446FFF7F6FF0546B4F1FF3F02D0A5
:10291000044B1B681C44FFF7EDFF401BA042FAD399
:1029200038BD00BF04000020074AD36823F4E063E9
:102930001B041B0C000200F4E060034343F0BF6380
:1029400043F40033D360704700ED00E000B5194B4D
:10295000DB68C3F30223C3F1070CBCF1040F28BFEB
:102960004FF0040C03F1040EBEF1060F18D9033B1F
:102970004FF0FF3E0EFA0CFC21EA0C0199400EFAD2
:1029800003F322EA0303194300280BDB0901C9B250
:1029900000F1604000F5614080F800135DF804FB31
:1029A0000023E5E700F00F000901C9B2024B1954FA
:1029B000F4E700BF00ED00E014ED00E0002807DBC5
:1029C00000F01F02400901239340024A42F82030E0
:1029D000704700BF00E100E0034690F82520D2B226
:1029E000022A09D00422C2630120012283F8252093
:1029F000002283F82420704701680A6822F00E0242
:102A00000A60816C0A6822F480720A6001680A68B0
:102A100022F001020A60426C02F01F01006C0122E8
:102A20008A404260DA6C196D51605A6D42B111688A
:102A300021F4807111609A6DD96D51600020D4E746
:102A40000020D2E708B590F82530DBB2022B09D080
:102A50000423C363012380F82530002280F824205A
:102A6000184608BD0268136823F00E03136002685D
:102A7000136823F001031360826C136823F48073DE
:102A80001360436C03F01F02016C012393404B6001
:102A9000C36C026D5A60436D33B11A6822F48072C0
:102AA0001A60836DC26D5A60012380F825300023BF
:102AB00080F82430836B13B198470020D1E70020C1
:102AC000CFE7000002681D4B9A422AD01C491D4BDB
:102AD0009A4228D00164D2F8803023F4F813D0F859
:102AE00034C043EA0C43C2F8803001F17003436400
:102AF0000268D2F8803023F07063D0F838C043EA1F
:102B00000C63C2F8803001F1B003836401F5C47333
:102B1000C36401F51873036501F51E7343650B4625
:102B200007E00949D3E701F5D461D3E7002243F870
:102B3000042B01F554729A42F8D87047006800409F
:102B400000A40040006C004050A7004070B54C68E5
:102B5000ECB90D698C6825430C6845EA8445CC695D
:102B60000E6A44EA06648E6934434E693443CE6883
:102B700044EA0644406D03EBC30300EBC30E40F888
:102B80003350CEF804400EF1080E002019E00C6915
:102B90008D6825430C68254345F08045DFE702EB4F
:102BA000000C9CF803409CF802301B0443EA0463C9
:102BB0009CF8014043EA0423145C23434EF8043B91
:102BC0000430CB68024CE35C8342E8D870BD00BFA0
:102BD0001CF60008002800F0E38038B5044690F8A1
:102BE0005C30D3B12268936923F010039361FFF73F
:102BF00081FE054623689A6912F0080F12D0FFF78C
:102C000079FE401B0A28F5D9236E43F001032366A1
:102C1000032384F85C30012038BD80F85D30FFF775
:102C2000B1FADFE79A6942F001029A61FFF762FEAA
:102C3000054623689A6912F0010F0DD1FFF75AFE7D
:102C4000401B0A28F5D9236E43F0010323660323B2
:102C500084F85C300120DFE79A6942F002029A6151
:102C60002268504B9A4242D0237C012B45D02268E7
:102C7000936943F040039361637C012B43D0226846
:102C8000936923F480439361A37C012B41D0226894
:102C9000936943F4805393612268936923F44073EA
:102CA000A1680B4393612268936923F0A4039361A5
:102CB0002268136923F010031361E368012B2ED0FF
:102CC000002B31D0022B54D02268936943F080034B
:102CD00093612268136943F010031361E368032BC7
:102CE00022D12268936943F0200393611CE062685B
:102CF000A3F58063C3F80025B6E72268936923F043
:102D000040039361B8E72268936943F48043936179
:102D1000BAE72268936923F480539361BCE7226881
:102D2000936943F004039361A3695A1EE369013B6D
:102D30001B0243EA4263226A013A13436269013A81
:102D4000216843EA0243CB61A368B3F5407F16D004
:102D50002268D2F8C030E16B0B43C2F8C030204685
:102D6000FFF7B0FE0020A0652066012384F85C30E8
:102D700052E72268936943F020039361D4E7A36A82
:102D8000013BE26A013A43EA0223226B013A43EA39
:102D90000213626A013A216843EA0243CB60D7E733
:102DA000012070470064004090F85C30013BDBB2CA
:102DB000012B05D9036E43F002030366012070471F
:102DC0000B687BB98A68CB68DB0643EA82730A69C1
:102DD00043EA02434A691343026C496842F82130CE
:102DE00000207047CA680B6943EA42724B69D1F808
:102DF00008C043EA8C73406C496800EBC10C40F892
:102E00003120CCF80430EBE790F85C30DBB2012BDA
:102E100005D0036E43F004030366012070470223CC
:102E200080F85C300268936923F00103936100230A
:102E300003661846704738B5044690F85C30DBB23C
:102E4000022B1BD10368D3F8C40010F4001F05D077
:102E5000236E43F400732366012014E0D3F8C450BA
:102E6000C5F301452B462046FFF770FE226801237B
:102E7000AB40C2F8CC30A365002004E0036E43F001
:102E800008030366012038BD70B590F85C40E4B2D9
:102E9000022C40F0A28040290BD00468D4F898504E
:102EA00015F00F0F2DD1036E43F4807303660120DC
:102EB00098E00468D4F8905015F00F0F05D1036E18
:102EC00043F48073036601208CE0D4F89050C5F37E
:102ED000006C15F0807F08D0D4F88050C5F3402CEA
:102EE00015F4007F01D04FF0010CD4F89040C4F3EA
:102EF00001240CEB0405846C05EBC50C04EBCC0C35
:102F00001AE0D4F89850C5F3006C15F0807F08D013
:102F1000D4F88050C5F3002C15F4807F01D04FF019
:102F2000010CD4F89840C4F301240CEB0405C46CE4
:102F300005EBC50C04EBCC0CDCF8004004F080443D
:102F4000546074BBDCF80040C4F38A441460DCF8BD
:102F5000004004F000549460DCF8004004F00044A9
:102F60001461BCF80440D461BCF8064004F00F04BE
:102F7000D460DCF8044004F480145461DCF80440AC
:102F800004F4001494619CF8074004F07F04146278
:102F9000DCF80440E40F54620CF1080E4FF0000C12
:102FA0000BE0DCF8004024F060441460CFE71EF82A
:102FB0000C4003F80C400CF1010C0B4CD668A45DDE
:102FC0006445F4D8402904D00368C3F89C5000201D
:102FD00008E00368C3F89450F9E7036E43F0080370
:102FE0000366012070BD00BF1CF6000890F85C303D
:102FF000013BDBB2012B05D9036E43F002030366EC
:103000000120704770B40468A36D11F0070602D068
:1030100013F0010F23D011F0380F02D013F0020F7C
:103020001DD011F4E07F02D013F0040F17D011F47B
:10303000F05F02D013F0080F11D011F4604F02D0EE
:1030400013F0100F0BD011F4403F02D013F0200FFB
:1030500005D011F47C0F06D013F0400F03D1E56DBD
:1030600045F00105E56516B113F0010F23D111F00C
:10307000380F02D013F0020F1DD111F4E07F02D0FF
:1030800013F0040F17D111F4F05F02D013F0080F02
:1030900011D111F4604F02D013F0100F0BD111F4C5
:1030A000403F02D013F0200F05D111F47C0F07D060
:1030B00013F0400F04D00468E36D43F00203E365AE
:1030C00011F0800F05D00468D4F8DC301343C4F845
:1030D000DC3011F4807F05D00468D4F8E0301A4366
:1030E000C4F8E0200268536D19435165002070BC9C
:1030F0007047704770477047704770477047704718
:103100007047704770472DE9F84F044603681A6D01
:1031100002F4E05A5A6D0AEA020A1A6D02F007092F
:103120005A6D09EA02091A6D02F038085A6D08EA68
:1031300002081E6D06F471065A6D16401F6D07F4E5
:1031400060275A6D1740D3F854B01D6D15F0400F2D
:1031500002D01BF0400F41D115F4807F02D01BF448
:10316000807F40D1BAF1000F4AD1B9F1000F4FD1A1
:10317000B8F1000F54D115F4007F02D01BF4007F8A
:1031800056D115F0800F02D01BF0800F58D115F4E6
:10319000005F02D01BF4005F5ED115F4004F02D037
:1031A0001BF4004F60D115F4804F0AD01BF4804F00
:1031B00007D023684FF480421A65236E43F08003E2
:1031C0002366002F58D126B123681E65236E1E4347
:1031D0002666236E002B56D1BDE8F88F40221A6573
:1031E000FFF78EFFB8E72368D3F8D810D3F8E020B4
:1031F0004FF48070186511402046FFF77EFFB1E75D
:103200002368C3F850A051462046FFF772FFACE791
:103210002368C3F8509049462046FEF775FDA7E79E
:103220002368C3F8508041462046FFF763FFA2E7BA
:1032300023684FF400721A652046FFF75CFFA0E791
:103240002368D3F8D410D3F8DC208020186511400F
:103250002046FFF751FF9AE723684FF400521A65A2
:103260002046FFF74BFF98E723684FF400421A65AA
:103270002046FFF744FF96E723681F65394620463E
:10328000FFF740FF9FE72046FFF73BFFA4E7000062
:1032900070B582B0002365E085685E000324B44009
:1032A00025EA0405CC68B4402C438460446824EAD1
:1032B0000C0C4C68C4F300149C4044EA0C044460B9
:1032C00061E0DD08083550F8256003F007044FEA97
:1032D000840C0F2404FA0CF426EA040E0C6904FA98
:1032E0000CF444EA0E0440F8254063E0052400E0B5
:1032F000002404FA0EF42C430CF1020C574D45F84F
:103300002C40574CA568D44325EA0206D1F804C0E6
:103310001CF4801F01D042EA0506514DAE60ED68F5
:1033200004EA0506D1F804C01CF4001F01D042EAEB
:1033300005064B4DEE606D6804EA0506D1F804C041
:103340001CF4003F01D042EA0506454D6E602D6831
:103350002C404E6816F4803F01D042EA0504404AF2
:10336000146001330A6832FA03F474D04FF0010C90
:103370000CFA03FC1CEA0202F3D04C6804F00304CC
:10338000013C012C88D94C6804F00304032C0CD0B8
:10339000C4685D004FF0030C0CFA05FC24EA0C0C29
:1033A0008C68AC4044EA0C04C4604C6804F003042C
:1033B000022C86D004684FEA430E4FF0030C0CFA3F
:1033C0000EFC24EA0C0C4C6804F0030404FA0EF41E
:1033D00044EA0C0404604C6814F4403FC1D0214C12
:1033E000256E45F001052566246E04F00104019464
:1033F000019C4FEA930C0CF10205184C54F825502F
:1034000003F003044FEA840E0F2404FA0EF425EAB5
:103410000405B0F1904F3FF46BAF134CA04212D0B3
:1034200004F58064A04210D004F58064A0420ED060
:1034300004F58064A0420CD004F58064A0423FF4FF
:1034400055AF062455E7012453E7022451E703242E
:103450004FE704244DE702B070BD00BF00000140FB
:103460000004014000100240000400480AB18161DC
:10347000704781627047436901EA030221EA030150
:1034800041EA024181617047002836D13E4B1B68FA
:1034900003F4C063B3F5806F08D03B4AD2F88030A4
:1034A00023F48073C2F8803000207047364AD2F887
:1034B000803023F48073C2F88030136823F4C06333
:1034C00043F400731360314B1B68322202FB03F399
:1034D0002F4AA2FB03239B0C013300E0013B2A4A45
:1034E000526912F4806F01D0002BF7D1264B5B6933
:1034F00013F4806F44D100207047B0F5007F08D0EE
:10350000214A136823F4C06343F4806313600020EE
:1035100070471D4B1B6803F4C063B3F5806F08D080
:10352000194AD2F8803043F48073C2F8803000200A
:103530007047154AD2F8803043F48073C2F8803067
:10354000136823F4C06343F4007313600F4B1B68CC
:10355000322202FB03F30E4AA2FB03239B0C01332E
:1035600000E0013B084A526912F4806F01D0002B41
:10357000F7D1054B5B6913F4806F03D100207047CE
:1035800003207047032070470070004000000020B7
:1035900083DE1B43024A936843F480439360704781
:1035A00000700040124BDA6802F00302D868C0F3E2
:1035B0000310431C032A11D00E48B0FBF3F00C4B50
:1035C000DB68C3F3062303FB00F0094BDB68C3F39E
:1035D000416301335B00B0FBF3F070470648B0FB7A
:1035E000F3F0034BDB68C3F3062303FB00F0ECE7C7
:1035F000001002400024F400006CDC02002800F0FF
:103600004F8270B582B00446036813F0010F37D0C3
:10361000A44A936803F00C03D26802F003020C2B57
:1036200023D0082B23D06368B3F5803F4ED0B3F589
:10363000A02F51D09B4B1A6822F480321A601A686E
:1036400022F480221A606368002B52D0FFF752F9EF
:103650000546944B1B6813F4003F11D1FFF74AF95C
:10366000401B6428F5D9032023E2032AD9D18D4BCE
:103670001B6813F4003F03D06368002B00F0128234
:10368000236813F0020F5DD0864A936803F00C03A1
:10369000D26802F003020C2B3AD0042B3AD0E36834
:1036A000002B75D07F4A136843F480731360FFF7D3
:1036B00021F905467B4B1B6813F4806F5FD1FFF740
:1036C00019F9401B0228F5D90320F2E1754A136865
:1036D00043F480331360B6E703F18043A3F53C3332
:1036E0001A6842F480221A601A6842F480321A6022
:1036F000A9E7FFF7FFF805466A4B1B6813F4003F84
:10370000BED0FFF7F7F8401B6428F5D90320D0E1BD
:10371000022AC2D1634B1B6813F4806F03D0E368A5
:10372000002B00F0C1815F4A536823F0FE432169FA
:1037300043EA016353605C4B1868FEF7DDFD002827
:1037400040F0B481236813F0080F4CD063699BB339
:10375000544AD2F8943043F00103C2F89430FFF792
:10376000C9F805464F4BD3F8943013F0020F3AD105
:10377000FFF7C0F8401B0228F4D9032099E1494A19
:10378000536823F0FE43216943EA01635360D9E79C
:10379000444A136823F480731360FFF7ABF80546BF
:1037A000404B1B6813F4806FCCD0FFF7A3F8401B8D
:1037B0000228F5D903207CE13A4AD2F8943023F06C
:1037C0000103C2F89430FFF795F80546354BD3F85E
:1037D000943013F0020F06D0FFF78CF8401B02283C
:1037E000F4D9032065E1236813F0040F00F0818011
:1037F0002C4B9B6D13F0805F36D12A4B9A6D42F0B3
:1038000080529A659B6D03F080530193019B0125C3
:10381000264B1B6813F4807F28D0A368012B39D076
:10382000052B45D01F4BD3F8902022F00102C3F89E
:103830009020D3F8902022F00402C3F89020A368CF
:10384000002B43D0FFF756F80646164BD3F89030BE
:1038500013F0020F4CD1FFF74DF8801B41F2883373
:103860009842F2D9032024E10025D1E70F4A1368DA
:1038700043F480731360FFF73DF806460B4B1B685B
:1038800013F4807FC9D1FFF735F8801B0228F5D9E2
:1038900003200EE1034AD2F8903043F00103C2F84E
:1038A0009030CCE70010024008000020007000407B
:1038B000884BD3F8902042F00402C3F89020D3F84C
:1038C000902042F00102C3F89020B8E7FFF712F809
:1038D0000646804BD3F8903013F0020F08D0FFF764
:1038E00009F8801B41F288339842F2D90320E0E0C6
:1038F000E5B9236813F0200F35D0A369E3B1754A09
:10390000D2F8983043F00103C2F89830FEF7F2FF86
:103910000546704BD3F8983013F0020F23D1FEF711
:10392000E9FF401B0228F4D90320C2E0694A936DE5
:1039300023F080539365DCE7664AD2F8983023F091
:103940000103C2F89830FEF7D5FF0546614BD3F866
:10395000983013F0020F06D0FEF7CCFF401B022870
:10396000F4D90320A5E0E369002B00F0A180594AB7
:10397000926802F00C020C2A64D0022B13D0554A34
:10398000136823F080731360FEF7B4FF0446514BB5
:103990001B6813F0007F4ED0FEF7ACFF001B02281F
:1039A000F5D9032085E04B4A136823F08073136038
:1039B000FEF7A0FF0546474B1B6813F0007F06D0BB
:1039C000FEF798FF401B0228F5D9032071E0414A19
:1039D000D36841491940236A606A013843EA0013F9
:1039E000A06A43EA0023206B4008013843EA4053B1
:1039F000606B4008013843EA4063E06A43EAC06311
:103A00000B43D360136843F080731360D36843F0B3
:103A10008073D360FEF76EFF04462E4B1B6813F0D5
:103A2000007F06D1FEF766FF001B0228F5D90320B0
:103A30003FE000203DE0274AD168284B0B40D3608F
:103A4000002036E0012B36D0224BDB6803F0030167
:103A5000226A914231D103F0F002616A0139B2EB7E
:103A6000011F2CD103F4FE42A16AB2EB012F28D131
:103A700003F07842E16AB2EBC16F24D103F4C001D4
:103A8000226B5208013AB1EB425F1ED103F0C063D2
:103A9000626B5208013AB3EB426F18D1002008E084
:103AA00001207047012004E0012002E0012000E035
:103AB000002002B070BD0120FBE70120F9E70120E2
:103AC000F7E70120F5E70120F3E70120F1E7012006
:103AD000EFE700BF001002400C809F01FCFFEEFEEC
:103AE0001E4B9B6803F00C03042B33D01B4B9B68CD
:103AF00003F00C03082B2FD0184B9B6803F00C032A
:103B00000C2B01D000207047144BDA6802F003023E
:103B1000D868C0F30310431C032A11D01048B0FB2F
:103B2000F3F00E4BDB68C3F3062303FB00F00B4BF3
:103B3000DB68C3F3416301335B00B0FBF3F0704714
:103B40000848B0FBF3F0054BDB68C3F3062303FB27
:103B500000F0ECE70248704702487047001002404E
:103B60000024F400006CDC02002800F0E680F8B5C8
:103B70000C460546744B1B6803F00F038B420BD2B7
:103B8000714A136823F00F030B431360136803F0AB
:103B90000F038B4240F0D3802E6816F001065FD0F1
:103BA0006B68032B2FD0022B4DD0684B1B6813F48E
:103BB000806F00F0C680FFF793FF654B98424DD9A8
:103BC000624A936823F0F00343F0800393608026F9
:103BD0005E4A936823F0030369680B439360FEF722
:103BE00089FE0746594B9B6803F00C036A68B3EBE8
:103BF000820F35D0FEF77EFEC01B41F2883398421B
:103C0000F0D9032078E0514B1B6813F0007F01D1FD
:103C1000012071E0FFF7C6FC4D4B98421AD94B4B7F
:103C20009B6813F0F00F05D02E6816F00206CFD077
:103C3000AB688BB9454A936823F0F00343F08003E7
:103C400093608026C4E7414B1B6813F4003FB2D158
:103C5000012051E00026BBE70026B9E70026B7E7C0
:103C60002B6813F0020F48D013F0040F04D0374A2A
:103C7000936843F4E06393602B6813F0080F06D059
:103C8000324A936823F47C5343F4E06393602F4AF1
:103C9000936823F0F003A9680B4393602A4B1B68D9
:103CA00003F00F03A34230D82B6813F0040F06D0A3
:103CB000264A936823F4E063E9680B4393602B681A
:103CC00013F0080F07D0214A936823F46053296941
:103CD00043EAC1039360FFF703FF1C4B9B68C3F3E8
:103CE00003131C4AD35C03F01F03D8401A4B18601F
:103CF0001A4B1868FEF700FBF8BD802ECED1134A90
:103D0000936823F0F0039360C8E70F4A136823F029
:103D10000F0323431360FEF7EDFD06460A4B1B68B5
:103D200003F00F03A342BFD0FEF7E4FD801B41F276
:103D300088339842F2D90320DEE701207047012042
:103D4000DAE70120D8E700BF00200240001002405F
:103D500000B4C404F4F400080000002008000020AF
:103D6000014B1868704700BF0000002008B5FFF73E
:103D7000F7FF054B9B68C3F30223044AD35C03F0AF
:103D80001F03D84008BD00BF0010024004F5000822
:103D900008B5FFF7E5FF054B9B68C3F3C223044A50
:103DA000D35C03F01F03D84008BD00BF00100240E1
:103DB00004F500080F2303600B4B9A6802F003021E
:103DC00042609A6802F0F00282609A6802F4E0624F
:103DD000C2609B68DB0803F4E0630361034B1B686C
:103DE00003F00F030B6070470010024000200240F8
:103DF000F0B583B00446036813F4002F6ED0354B42
:103E00009B6D13F0805F1ED1324B9A6D42F0805251
:103E10009A659B6D03F080530193019B01262E4A06
:103E2000136843F480731360FEF764FD05462A4B64
:103E30001B6813F4807F08D1FEF75CFD401B02284D
:103E4000F5D9032502E00026E9E7002545BB214B13
:103E5000D3F8903013F4407315D0226D9A4212D0EB
:103E60001C4AD2F8903023F44073D2F8901041F4F9
:103E70008031C2F89010D2F8901021F48031C2F84D
:103E80009010C2F8903013F0010F10D145B9114ACB
:103E9000D2F8903023F44073216D0B43C2F8903078
:103EA000EEB10C4A936D23F08053936517E0FEF753
:103EB00021FD0746074BD3F8903013F0020FE5D1F0
:103EC000FEF718FDC01B41F288339842F2D9032552
:103ED000DCE700BF001002400070004000252368AE
:103EE00013F0010F08D09F4AD2F8883023F0030363
:103EF00061680B43C2F88830236813F0020F08D0C2
:103F0000984AD2F8883023F00C03A1680B43C2F81A
:103F10008830236813F0040F08D0924AD2F8883012
:103F200023F03003E1680B43C2F88830236813F0B4
:103F3000080F08D08B4AD2F8883023F0C0032169DB
:103F40000B43C2F88830236813F0100F08D0854A5D
:103F5000D2F8883023F4407361690B43C2F888308B
:103F6000236813F0200F08D07E4AD2F8883023F45B
:103F70004063A1690B43C2F88830236813F0400FF7
:103F800008D0784AD2F8883023F44053E1690B43D3
:103F9000C2F88830236813F0800F08D0714AD2F835
:103FA000883023F44043216A0B43C2F888302368E9
:103FB00013F4807F08D06B4AD2F8883023F4403362
:103FC000616A0B43C2F88830236813F4003F08D0BD
:103FD000644AD2F89C3023F00303A16A0B43C2F871
:103FE0009C30236813F4007F08D05E4AD2F88830F2
:103FF00023F44023E16A0B43C2F88830236813F4AA
:10400000806F0CD0574AD2F8883023F44013216BCC
:104010000B43C2F88830236BB3F5801F79D0236837
:1040200013F4006F0CD04F4AD2F8883023F44003C9
:10403000616B0B43C2F88830636BB3F5800F6DD0B2
:10404000236813F4805F0CD0464AD2F8883023F0FE
:104050004073A16B0B43C2F88830A36BB3F1807F30
:1040600061D0236813F4005F0CD03E4AD2F8883048
:1040700023F04063E16B0B43C2F88830E36BB3F18C
:10408000006F55D0236813F4804F0CD0354AD2F816
:10409000883023F04063216C0B43C2F88830236CD6
:1040A000B3F1006F49D0236813F4004F0CD02D4AB0
:1040B000D2F8883023F04053616C0B43C2F888304B
:1040C000636CB3F1805F3DD0236813F4803F0CD064
:1040D000244AD2F8883023F04043A16C0B43C2F845
:1040E0008830A36CB3F1804F31D0236813F4802F54
:1040F0000CD01C4AD2F89C3023F44013E16C0B43E3
:10410000C2F89C30E36CB3F5001F25D0284603B0FD
:10411000F0BDD36843F48013D36080E7D36843F4E1
:104120008013D3608CE7D36843F48013D36098E79F
:10413000D36843F48013D360A4E7D36843F48013B7
:10414000D360B0E7D36843F48033D360BCE7D3686F
:1041500043F48033D360C8E7D36843F48013D3605B
:10416000D4E700BF0010024010B4036A046A24F0D0
:1041700001040462846924F0F00C4CEA021223F07A
:104180000A030B438261036210BC704710B4036AD8
:10419000046A24F010040462846924F4704C4CEA2C
:1041A000023223F0A00343EA01138261036210BCD0
:1041B0007047836823F4401323F070030B4343F0EC
:1041C000070383607047000090F83D30DBB2012B9D
:1041D0003AD1022380F83D300268D36843F00103EE
:1041E000D36003681B4A934220D0B3F1804F1DD0A7
:1041F000A2F59432934219D002F58062934215D011
:1042000002F58062934211D002F5943293420DD0B0
:1042100002F54062934209D002F58052934205D0E4
:104220001A6842F001021A600020704799680A4A31
:104230000A40062A0AD0B2F5803F09D01A6842F037
:1042400001021A600020704701207047002070476B
:1042500000207047002C01400700010070477047A4
:104260007047704770B505460368DE681C6914F036
:10427000020F10D016F0020F0DD06FF002021A617B
:104280000123037703689B6913F0030F7CD0FFF7CA
:10429000E6FF00232B7714F0040F12D016F0040F62
:1042A0000FD02B686FF004021A6102232B772B6862
:1042B0009B6913F4407F6DD02846FFF7D0FF0023A1
:1042C0002B7714F0080F12D016F0080F0FD02B68C0
:1042D0006FF008021A6104232B772B68DB6913F057
:1042E000030F5ED02846FFF7BAFF00232B7714F0A8
:1042F000100F12D016F0100F0FD02B686FF01002B5
:104300001A6108232B772B68DB6913F4407F4FD0A9
:104310002846FFF7A4FF00232B7714F0010F02D0EB
:1043200016F0010F4BD114F4025F02D016F0800F8B
:104330004DD114F4807F02D016F0800F4FD114F0CD
:10434000400F02D016F0400F51D114F0200F02D0D0
:1043500016F0200F53D114F4801F02D016F4801FE2
:1043600055D114F4001F02D016F4001F57D114F4D5
:10437000800F02D016F4800F59D114F4000F02D030
:1043800016F4000F5BD170BDFFF768FF2846FFF7FA
:1043900067FF7EE72846FFF761FF2846FFF760FFCB
:1043A0008DE72846FFF75AFF2846FFF759FF9CE79D
:1043B0002846FFF753FF2846FFF752FFABE72B686D
:1043C0006FF001021A612846FDF7B2FCABE72B68DB
:1043D0006FF402521A61284600F0EFF9A9E72B6842
:1043E0006FF480721A61284600F0E8F9A7E72B689D
:1043F0006FF040021A612846FFF733FFA5E72B68EC
:104400006FF020021A61284600F0D6F9A3E72B6866
:104410006FF480121A61284600F0D1F9A1E72B68E9
:104420006FF400121A61284600F0CAF99FE72B6862
:104430006FF480021A61284600F0C3F99DE72B68EB
:104440006FF400021A61284600F0BCF99BE70000F7
:1044500003683A4A904216D0B0F1804F13D0A2F5CB
:10446000943290420FD002F5806290420BD002F558
:104470008062904207D002F59432904203D002F558
:10448000E052904203D123F070034A6813432B4A51
:10449000904222D0B0F1804F1FD0A2F594329042CA
:1044A0001BD002F58062904217D002F580629042E4
:1044B00013D002F5943290420FD002F54062904240
:1044C0000BD002F58062904207D002F580629042E4
:1044D00003D002F50062904203D123F44073CA680E
:1044E000134323F080034A69134303608B68C3625C
:1044F0000B688362114B984213D003F50063984216
:104500000FD003F5406398420BD003F580639842C7
:1045100007D003F58063984203D003F50063984207
:1045200001D10B69036301234361036913F0010F98
:1045300003D0036923F0010303617047002C01409D
:1045400060B310B5044690F83D3013B3022384F8ED
:104550003D30214651F8040BFFF77AFF012384F820
:10456000483084F83E3084F83F3084F8403084F896
:10457000413084F8423084F8433084F8443084F881
:10458000453084F8463084F8473084F83D300020C8
:1045900010BD80F83C30FDF745FED7E7012070479D
:1045A00010B4846824F47F4C42EA03220A4342EAAE
:1045B0000C02826010BC704790F83C30012B00F078
:1045C0009B8010B50446012380F83C30022380F81C
:1045D0003D3002689068494B034093600B68702B34
:1045E00061D031D8502B78D00CD9602B2AD1CA6831
:1045F00049682068FFF7CAFD60212068FFF7D9FDF0
:10460000002038E0402B0AD1CA6849682068FFF7CB
:10461000ABFD40212068FFF7CCFD00202BE067D8E0
:10462000202B07D003D9302B04D0012023E00BB17D
:10463000102B05D119462068FFF7BBFD00201AE0BA
:10464000012018E0012016E0B3F5005F38D00ED944
:104650002B4A9342EED015D92A4A9342EAD010321F
:104660009342E7D0203A9342E4D0012003E0B3F52F
:10467000805F3FD10020012384F83D30002384F87F
:104680003C3010BD203A9342D4D004D91E4A934204
:10469000D0D00120EFE7B3F5801FCBD0B3F1101FCE
:1046A000C8D00120E7E7CB684A6889682068FFF72F
:1046B00077FF2268936843F0770393600020DAE77E
:1046C000CB684A6889682068FFF76AFF22689368A8
:1046D00043F4804393600020CDE7CA6849682068AE
:1046E000FFF742FD50212068FFF763FD0020C2E77D
:1046F0000120C0E70120BEE7022070478800CEFFFE
:1047000040001000600010003000100090F83C30B5
:10471000012B4CD030B4012380F83C30022380F8C8
:104720003D30026853689468224DAA4207D005F5CF
:104730000065AA4203D005F5E055AA4203D123F44F
:1047400070034D682B4323F0007323F070030D6852
:104750002B4353600368174A93421AD0B3F1804F3A
:1047600017D0A2F59432934213D002F5806293429F
:104770000FD002F5806293420BD002F5943293423F
:1047800007D002F54062934203D002F58052934273
:1047900004D124F080048A6814439C60012380F8CB
:1047A0003D30002380F83C30184630BC7047022072
:1047B000704700BF002C014070477047704770473A
:1047C000704770477047026852E8003F23F49073C7
:1047D00042E800310029F6D1026802F1080353E8EB
:1047E000003F23F0805323F00103083242E80031F8
:1047F0000029F1D1C36E012B06D02023C0F88C30E4
:104800000023C36643677047026852E8003F23F005
:10481000100342E800310029F6D1EEE7704708B5F1
:10482000026852E8003F23F0400342E800310029CB
:10483000F6D12023C0F8883000238367FFF7EEFF0E
:1048400008BD704708B5806A0023A0F85E30A0F864
:104850005630FFF7F6FF08BD7047000070B50446FC
:104860000168CB6908688D6840F60F021A4008D1CC
:1048700013F0200F05D010F0200F34D115F0805F19
:1048800031D12AB1994A2A4033D1994E304230D1A0
:10489000E26E012A00F0C68013F4801F03D015F4E5
:1048A000800F40F0658113F0800F07D010F0800F6B
:1048B00040F0658115F4000F40F0618113F0400F66
:1048C00003D010F0400F40F0618113F4000F03D0CB
:1048D00010F0804F40F05E8113F0807F02D00028FE
:1048E000C0F25C8170BD636F002BFBD020469847FF
:1048F000F8E713F0010F09D010F4807F06D00126ED
:104900000E62D4F890103143C4F8901013F0020FE7
:104910000BD015F0010F08D0216802260E62D4F8E2
:10492000901041F00401C4F8901013F0040F0BD064
:1049300015F0010F08D0216804260E62D4F89010FB
:1049400041F00201C4F8901013F0080F0BD010F0E2
:10495000200F00D13AB1226808211162D4F89020CA
:104960000A43C4F8902013F4006F0CD010F0806F4D
:1049700009D022684FF400611162D4F8902042F00F
:104980002002C4F89020D4F89020002AAAD013F076
:10499000200F09D010F0200F02D115F0805F03D056
:1049A000636F0BB120469847D4F8902023689B682A
:1049B00013F0400F02D112F0280F2CD02046FFF741
:1049C00002FF23689B6813F0400F20D0226802F199
:1049D000080353E8003F23F04003083242E8003167
:1049E0000029F3D1D4F880306BB1424A9A63D4F8ED
:1049F0008000FEF727F800283FF474AFD4F8800059
:104A0000836B98476EE72046FFF71BFF6AE7204657
:104A1000FFF717FF66E72046FFF713FF0023C4F8F0
:104A200090305FE713F0100F3FF436AF10F0100F27
:104A30003FF432AF10230B6223689B6813F0400FE2
:104A40005AD0D4F8802013685B689BB2002B3FF4E7
:104A500049AFB4F85C1099427FF644AFA4F85E30D9
:104A600013681B6813F0200F32D1226852E8003F10
:104A700023F4807342E800310029F6D1226802F164
:104A8000080353E8003F23F00103083242E80031F5
:104A90000029F3D1226802F1080353E8003F23F014
:104AA0004003083242E800310029F3D12023C4F842
:104AB0008C300023E366226852E8003F23F01003A5
:104AC00042E800310029F6D1D4F88000FDF784FFD8
:104AD00002232367B4F85C10B4F85E309BB2C91AA5
:104AE00089B22046FFF7B8FEFCE600BF01000010C7
:104AF0002001000445480008B4F85C10B4F85E30AA
:104B00009BB2C91A89B2B4F85E309BB2002B3FF455
:104B1000E9AE00293FF4E6AE226852E8003F23F4F4
:104B2000907342E800300028F6D1226802F10803B1
:104B300053E8003F23F0805323F00103083242E89A
:104B400000300028F1D12023C4F88C300023E36624
:104B50006367226852E8003F23F0100342E8003008
:104B60000028F6D1022323672046FFF775FEB9E639
:104B70004FF480130B62204600F01EFFB2E6A36FD5
:104B8000002B3FF4AFAE20469847ABE62046FFF738
:104B900046FEA7E6204600F011FFA3E6204600F0FF
:104BA0000CFF9FE608B5B0F86030D0F88C20222AC0
:104BB00005D00268936943F00803936108BD026859
:104BC000516ADBB2826D0B401370836D01338365D4
:104BD000B0F85E309BB2013B9BB2A0F85E30B0F8FB
:104BE0005E309BB2002BE9D1026852E8003F23F40B
:104BF000907342E800310029F6D1026802F10803FF
:104C000053E8003F23F00103083242E80031002955
:104C1000F3D12023C0F88C30002343670367036877
:104C2000164A93420CD05B6813F4000F08D0026858
:104C300052E8003F23F0806342E800310029F6D1BA
:104C4000C36E012B16D10023C366026852E8003FF1
:104C500023F0100342E800310029F6D10368DA6935
:104C600012F0100F01D010221A62B0F85C10FFF79A
:104C7000F3FDA3E7FDF750F8A0E700BF0080004078
:104C800008B5B0F86020D0F88C30222B05D002682F
:104C9000936943F00803936108BD03685B6A816D03
:104CA00013400B80836D02338365B0F85E309BB296
:104CB000013B9BB2A0F85E30B0F85E309BB2002B97
:104CC000EAD1026852E8003F23F4907342E80031D1
:104CD0000029F6D1026802F1080353E8003F23F0EF
:104CE0000103083242E800310029F3D12023C0F843
:104CF0008C300023436703670368164A93420CD045
:104D00005B6813F4000F08D0026852E8003F23F0FC
:104D1000806342E800310029F6D1C36E012B16D121
:104D20000023C366026852E8003F23F0100342E804
:104D300000310029F6D10368DA6912F0100F01D0B2
:104D400010221A62B0F85C10FFF786FDA4E7FCF7AA
:104D5000E3FFA1E7008000402DE9F843B0F8606070
:104D60000368DD69D3F80090D3F80880D0F88C2070
:104D7000222A05D09A6942F008029A61BDE8F883B8
:104D80000446B0F8687008E0D4F89030002B4CD19D
:104D9000B4F85E309BB2002B4ED0002F00F09A800A
:104DA00015F0200F00F096802368596AF3B2A26DC7
:104DB0000B401370A36D0133A365B4F85E309BB252
:104DC000013B9BB2A4F85E302368DD6915F0070F44
:104DD000DED015F0010F09D019F4807F06D0012232
:104DE0001A62D4F890301343C4F8903015F0020FD3
:104DF0000BD018F0010F08D0236802221A62D4F8F1
:104E0000903043F00403C4F8903015F0040FBBD089
:104E100018F0010FB8D0236804221A62D4F8903039
:104E200043F00203C4F89030AEE72046FFF709FDD7
:104E30000023C4F89030ABE7226852E8003F23F427
:104E4000807342E800310029F6D1226802F108039C
:104E500053E8003F23F0805323F00103083242E877
:104E600000310029F1D12023C4F88C30002363677E
:104E700023672368294A934203D05B6813F4000F29
:104E800006D1E36E012B0DD02046FCF745FF84E7E9
:104E9000226852E8003F23F0806342E80031002995
:104EA000F6D1EEE70023E366226852E8003F23F0E4
:104EB000100342E800310029F6D12368DA6912F0C4
:104EC000100F01D010221A62B4F85C102046FFF7D0
:104ED000C3FC62E7B4F85E309BB2002B3FF44EAFE8
:104EE000B4F868209A427FF649AF226802F10803BD
:104EF00053E8003F23F08053083242E80031002994
:104F0000F3D1074B6367226852E8003F43F0200368
:104F100042E800310029F6D130E700BF00800040B0
:104F2000A54B00082DE9F843B0F860600368DD691F
:104F3000D3F80090D3F80880D0F88C20222A05D02E
:104F40009A6942F008029A61BDE8F8830446B0F815
:104F5000687008E0D4F89030002B4BD1B4F85E3084
:104F60009BB2002B4DD0002F00F0998015F0200F40
:104F700000F0958023685B6AA26D33401380A36DB7
:104F80000233A365B4F85E309BB2013B9BB2A4F838
:104F90005E302368DD6915F0070FDFD015F0010FD3
:104FA00009D019F4807F06D001221A62D4F890301B
:104FB0001343C4F8903015F0020F0BD018F0010F16
:104FC00008D0236802221A62D4F8903043F0040318
:104FD000C4F8903015F0040FBCD018F0010FB9D010
:104FE000236804221A62D4F8903043F00203C4F814
:104FF0009030AFE72046FFF724FC0023C4F8903040
:10500000ACE7226852E8003F23F4807342E80031A5
:105010000029F6D1226802F1080353E8003F23F08B
:10502000805323F00103083242E800310029F1D116
:105030002023C4F88C300023636723672368294A40
:10504000934203D05B6813F4000F06D1E36E012B8B
:105050000DD02046FCF760FE85E7226852E8003F4D
:1050600023F0806342E800310029F6D1EEE7002307
:10507000E366226852E8003F23F0100342E8003163
:105080000029F6D12368DA6912F0100F01D010223E
:105090001A62B4F85C102046FFF7DEFB63E7B4F851
:1050A0005E309BB2002B3FF44FAFB4F868209A42B9
:1050B0007FF64AAF226802F1080353E8003F23F06D
:1050C0008053083242E800310029F3D1064B636770
:1050D000226852E8003F43F0200342E800310029F3
:1050E000F6D131E700800040814C000870B50446DD
:1050F000016883680269134342691343C269134319
:105100000868964A024013430B602268536823F4F0
:105110004053E1680B435360A1692268904B9A4267
:1051200001D0236A1943936823F06E4323F430635C
:105130000B4393602268D36A23F00F03616A0B4329
:10514000D3622368874A934210D0874A934221D082
:10515000864A934237D0864A93425CD0854A93422E
:105160006BD07F4A93427DD010223AE002F558423C
:10517000D2F8882002F00302032A09D8DFE802F0FF
:105180000204870601222CE004222AE0082228E0FB
:10519000102226E002F5E632D2F8882002F00C0256
:1051A0000C2A0ED8DFE802F0070D0D0D090D0D0DCC
:1051B000750D0D0D0B00002213E0042211E00822F2
:1051C0000FE010220DE002F5E432D2F8882002F060
:1051D0003002202A5FD01AD8002A5ED0102A5ED171
:1051E00004225F498B4276D0E069B0F5004F00F0B1
:1051F000C980082A00F23481DFE812F0F7001901B3
:10520000F50032011C013201320132011F01302A46
:1052100047D10822E5E702F5E232D2F8882002F011
:10522000C002802A3FD004D8FAB3402A3FD10422DA
:10523000D7E7C02A3DD10822D3E702F5E032D2F801
:10524000882002F44072B2F5007F34D005D8A2B3B2
:10525000B2F5807F33D10422C3E7B2F5407F30D16D
:105260000822BEE702F5C832D2F8882002F4406274
:10527000B2F5006F27D005D83AB3B2F5806F26D1CA
:105280000422AEE7B2F5406F23D10822A9E702223B
:10529000A7E70222A5E70222A3E70022A1E7102246
:1052A0009FE710229DE702229BE7002299E7102248
:1052B00097E7102295E7022293E7002291E7102258
:1052C0008FE710228DE702228BE7002289E7102268
:1052D00087E7102285E7082A00F2B280DFE802F0B3
:1052E00008B03BB038B0B0B005004FF4004004E067
:1052F000FEF73CFD002800F0A580626A1E4B33F8E3
:105300001220B0FBF2F3656805EB4501994200F20B
:105310009B80B3EB053F00F299800026334631466F
:10532000FBF764FC090241EA106100026B08C01837
:105330002A46334641F10001FBF758FCA0F54072C4
:105340000E4B9A4200F284802368D860304665E0B4
:10535000FEF7C6FBCEE70A48CFE700BFF369FFCFF1
:1053600000800040003801400044004000480040F8
:10537000004C0040005000402CF60008FFFC0F00DD
:105380000024F400082A65D8DFE802F00727056446
:105390002A6464640B00354803E0FEF7E7FC00284C
:1053A0005AD0626A324B33F81230B0FBF3F06268C5
:1053B000530803EB4000B0FBF2F0A0F110024FF6EF
:1053C000EF739A424AD883B223F00F03C0F342002E
:1053D00018432368D860002020E0FEF7D9FCDEE700
:1053E000FEF77EFBDBE7214803E0FEF7BFFC002869
:1053F00038D0626A1E4B33F81230B0FBF3F06368AA
:1054000000EB5300B0FBF3F0A0F110024FF6EF7386
:105410009A4229D8236880B2D86000200123A4F8DA
:105420006A30A4F8683000236367A36770BDFEF795
:10543000AFFCDCE7FEF754FBD9E74FF40040D8E7B8
:105440000120EBE70020E9E70120E7E70120E5E79D
:105450000120E3E70120E1E70020DFE70120DDE7AD
:105460000120DBE70020D9E70120D7E70024F40082
:105470002CF60008836A13F0080F06D00268536800
:1054800023F40043816B0B435360836A13F0010FD5
:1054900006D00268536823F40033C16A0B4353609B
:1054A000836A13F0020F06D00268536823F4803336
:1054B000016B0B435360836A13F0040F06D002683C
:1054C000536823F48023416B0B435360836A13F0CA
:1054D000100F06D00268936823F48053C16B0B430E
:1054E0009360836A13F0200F06D00268936823F458
:1054F0000053016C0B439360836A13F0400F0AD092
:105500000268536823F48013416C0B435360436C6F
:10551000B3F5801F0BD0836A13F0800F06D00268AA
:10552000536823F40023C16C0B4353607047026837
:10553000536823F4C003816C0B435360EBE72DE900
:10554000F84305460E4617469946DDF820802C683C
:10555000E46936EA04030CBF4FF0010C4FF0000C75
:10556000BC4536D1B8F1FF3FF1D0FDF7C3F9A0EB50
:105570000900404530D8B8F1000F2FD02B681A68C9
:1055800012F0040FE3D0802EE1D0402EDFD0DA6994
:1055900012F0080F11D1DA6912F4006FD7D04FF46E
:1055A00000621A622846FFF70EF92023C5F89030F2
:1055B000002385F8843003200CE008241C62284670
:1055C000FFF701F9C5F89040002385F884300120E9
:1055D00000E00020BDE8F8830320FBE70320F9E7A3
:1055E0002DE9F04182B01E46D0F88830202B5AD1E8
:1055F00004460D469046002959D00AB9012053E0CF
:105600000023C0F890302123C0F88830FDF772F9EC
:105610000746A4F85480A4F85680A368B3F5805FC9
:1056200002D04FF0000816E0236943B34FF00008A2
:1056300011E02023C4F88830032035E038F8023B1D
:105640002268C3F308039362B4F8562092B2013A79
:1056500092B2A4F85620B4F856309BB293B100969B
:105660003B46002280212046FFF769FF0028E0D159
:10567000002DE3D015F8012B23689A62E4E7A846D1
:105680000025E8E700963B46002240212046FFF730
:1056900056FF18B92023C4F8883005E02023C4F849
:1056A0008830032000E0022002B0BDE8F081012034
:1056B000FAE730B583B004460023C0F89030FDF718
:1056C00019F905462268126812F0080F10D12368F4
:1056D0001B6813F0040F28D12023C4F88830C4F8C5
:1056E0008C300020E066206784F8840003B030BD71
:1056F0006FF07E430093034600224FF400112046D2
:10570000FFF71DFF0028E2D0226852E8003F23F097
:10571000800342E800310029F6D12023C4F8883004
:10572000002384F884300320E0E76FF07E43009389
:105730002B4600224FF480012046FFF700FF00288F
:10574000CAD0226852E8003F23F4907342E8003147
:105750000029F6D1226802F1080353E8003F23F044
:105760000103083242E800310029F3D12023C4F8B4
:105770008C30002384F884300320B7E778B310B569
:105780000446D0F888300BB32423C4F8883022684C
:10579000136823F001031360A36AE3B92046FFF7FF
:1057A000A5FC012811D02268536823F4904353606C
:1057B0002268936823F02A0393602268136843F0F9
:1057C000010313602046FFF774FF10BD80F884309A
:1057D000FCF746FDD8E72046FFF74CFEDEE7012048
:1057E0007047000010B48165A0F85C20A0F85E202E
:1057F000002343678368B3F5805F06D0A3B90369CC
:1058000073B9FF23A0F8603014E0036923B940F2B4
:10581000FF13A0F860300DE0FF23A0F8603009E02E
:105820007F23A0F8603005E0B3F1805F2DD0002326
:10583000A0F860300023C0F890302223C0F88C30EC
:10584000016801F1080353E8003F43F00103083108
:1058500041E80034002CF3D1436EB3F1005F1ED059
:105860008368B3F5805F42D0294B43670369002BFF
:1058700043D0026852E8003F43F4907342E800319D
:105880000029F6D1002010BC704703691BB97F23A3
:10589000A0F86030CEE73F23A0F86030CAE7B0F848
:1058A00068309342DCD88368B3F5805F19D0194B18
:1058B0004367036943B1026852E8003F43F48073D1
:1058C00042E800310029F6D1026802F1080353E8EA
:1058D000003F43F08053083242E800310029F3D101
:1058E000D0E70369002BE2D10B4B4367E1E7036983
:1058F000002BB9D1094B4367B8E7026852E8003F73
:1059000043F0200342E800310029F6D1BAE700BF96
:10591000A54B0008594D0008254F0008814C000890
:1059200038B5D0F88C30202B17D1C1B1CAB10023C3
:10593000C36603680C4CA3420CD05B6813F4000FE1
:1059400008D0046854E8003F43F0806344E8003521
:10595000002DF6D1FFF746FF00E0022038BD012000
:10596000FCE70120FAE700BF00800040436E2BB93E
:105970000123A0F86A30A0F86830704730B403689B
:105980009A68C2F342629968490F094D6B5CDB006B
:10599000084C615C93FBF1F3A0F86A30AB5CDB0070
:1059A000A25C93FBF2F3A0F8683030BC704700BFF4
:1059B0004CF6000844F6000870477047704790F8AE
:1059C0008430012B18D0012380F884302423C0F8C0
:1059D000883003681A68196821F00101196022F003
:1059E00000520023436601680A602022C0F8882024
:1059F00080F88430184670470220704738B590F818
:105A00008430012B1DD00446012380F884302423E8
:105A1000C0F8883003681D681A6822F001021A6015
:105A20000268936823F0604319439160FFF79EFF7B
:105A300023681D602023C4F88830002084F8840087
:105A400038BD0220FCE738B590F88430012B1DD01A
:105A50000446012380F884302423C0F8883003688A
:105A60001D681A6822F001021A600268936823F028
:105A7000606319439160FFF779FF23681D6020235D
:105A8000C4F88830002084F8840038BD0220FCE788
:105A9000014B1868704700BF0C00002070B50D4E18
:105AA0000D4D761BB61006D0002455F8043B01348A
:105AB0009847A642F9D1094E094D761B09F008FD19
:105AC000B61006D0002455F8043B01349847A6428E
:105AD000F9D170BD7CFC00087CFC000884FC000847
:105AE0007CFC0008830730B548D0541E002A3FD004
:105AF000CAB2034601E0013C3AD303F8012B9D07EB
:105B0000F9D1032C2DD9CDB245EA05250F2C45EA54
:105B1000054536D9A4F1100222F00F0C03F1200E36
:105B2000E6444FEA121C03F1100242E9045542E92F
:105B3000025510327245F8D10CF1010214F00C0F2D
:105B400003EB021204F00F0C13D0ACF1040323F0AA
:105B500003030433134442F8045B9342FBD10CF07B
:105B600003042CB1CAB21C4403F8012B9C42FBD1A4
:105B700030BD64461346002CF4D1F9E703461446C1
:105B8000BFE71A46A446E0E70CB410B51F4B002946
:105B90001C689CB035DB4FF40273ADF814300290F2
:105BA00006901FAB18D001394FF6FF720491079190
:105BB000ADF8162002A91E9A0193204600F09AF82B
:105BC000421C01DA8B232360029B00221A701CB056
:105BD000BDE8104002B070474FF6FF720491079184
:105BE000ADF8162002A91E9A0193204600F082F813
:105BF000431C01DA8B2323601CB0BDE8104002B0C7
:105C000070478B2323604FF0FF30F5E70C00002036
:105C10000EB430B59CB01FAC4FF4017254F8045B65
:105C2000ADF8142002900690FBF76AF903900790F4
:105C30000A480B490A9100234FF6FF7C0E931393F9
:105C40002A46234602A90068ADF816C0019401F067
:105C50006FFD1CB0BDE8304003B070470C00002061
:105C6000895C000810B50C46B1F90E1005F0D2FAA7
:105C7000002803DB236D0344236510BDA38923F4AF
:105C80008053A38110BD00BF002070472DE9F04173
:105C90000C46B1F90C101F46CB05054616460BD431
:105CA00021F48051A1813B46B4F90E1032462846BA
:105CB000BDE8F04103F0C2B8B4F90E10022300228F
:105CC00004F074FAB4F90C10EAE700BF10B50C4602
:105CD000B1F90E1004F06AFAA389421C0EBF23F436
:105CE000805343F480532065A38110BDB1F90E1099
:105CF00003F0CAB82DE9F04FD5B00C460C9191468F
:105D00000E930A9004F046FA036817931846FBF7BF
:105D1000F7F8A3891690190603D52369002B00F024
:105D20008B8700242BAB4D46CDE92944CDE919449E
:105D3000CDE91B44129428939846189400230894A4
:105D40000024CDE914342B78002B00F0DD81AA4625
:105D500004E01AF8013F002B00F01681252BF8D142
:105D6000BAEB050640F014819AF80030002B00F0E1
:105D7000CB8100234FF0FF329AF801608DF8833019
:105D800009930AF1010A07921F462B244FF02009BC
:105D90000AF1010AA6F120035A2B00F22D81DFE857
:105DA00013F0BA022B012B01B5022B012B012B01A1
:105DB0006A002B012B014F02E3022B015A02C90298
:105DC0002B01C4025B005B005B005B005B005B00BF
:105DD0005B005B005B002B012B012B012B012B01D6
:105DE0002B012B01BF012B011A028600BF01BF014D
:105DF000BF012B012B012B012B01B0022B012B0129
:105E0000C3002B012B012B0124022B015F022B016C
:105E10002B013C072B012B012B012B012B012B010B
:105E20002B012B01BF012B011A028800BF01BF010A
:105E3000BF01A302880081002B0196022B01820280
:105E4000C500700281002B0124027E0039072B015E
:105E50002B0119072B017E00A6F1300300221AF84E
:105E6000016B02EB820203EB4202A6F13003092B25
:105E7000F5D909928EE7DDF828B0584604F08AF982
:105E800043681B931846FBF73BF81C9006465846A0
:105E900004F080F983681993002E40F07A869AF80E
:105EA000006075E79AF8006047F0200770E747F058
:105EB0001007BA060E9B40F18081073323F00703D9
:105EC0001A465B6852F8084B0E929946002BC0F2B6
:105ED0005F85079B013301F01F8054EA090327F017
:105EE000800B00F0E3840A2C79F1000380F08187B5
:105EF000303401238DF84F415F460B930DF24F155F
:105F000007990B989DF8832081424FF00003B8BF9A
:105F100001460D9306910F9313931093002A7CD0A2
:105F2000069B0133069378E047F0100717F020092D
:105F300000F034810E9B073323F00703D3F804905D
:105F400053F8084B0E9327F4806B002300228DF842
:105F50008320079A511C00F00D8254EA09012BF0AE
:105F6000800740F00682002A41F01080002B40F0AC
:105F7000A2841BF001030B9300F0378530238DF8CA
:105F80004F310DF24F15BBE7BAEB050600F0BC80B0
:105F90002A9B33442A93299B0133072BC8E90056D7
:105FA000299305DC08F10808089B33440893DBE6D5
:105FB0000C990A9828AA06F087FE80B90DF1AC0862
:105FC000F2E70C990A9828AA06F07EFE002800F055
:105FD0008C800D9B1BB10D990A9803F0C1FF0C9B9F
:105FE0009B8913F0400F089B18BF4FF0FF330893B5
:105FF000089855B0BDE8F08F002E00F08580002293
:106000008DF8EC608DF88320012306930D920B939D
:1060100007920F92139210923BAD17F0020302D039
:1060200006990231069117F0840B07D10999069859
:10603000A1EB0009B9F1000F00F315832A9C8AB186
:10604000299A0DF1830101320134C8F80010072AA2
:106050004FF001012A942992C8F8041000F34683F6
:1060600008F1080883B1299B21AA01330234C8F83A
:106070000020072B4FF002022A942993C8F804202D
:1060800000F3488308F10808BBF1800F00F00E828E
:10609000079B0B9AA3EB020BBBF1000F00F34F829F
:1060A000FB0500F1A5810B9BC8F804301C44299B1B
:1060B000C8F800500133072B2A94299300F3C782B4
:1060C00008F108087B0705D5099B069A9D1A002D43
:1060D00000F32C83DDE9083206998A42ACBF9B1895
:1060E0005B180893002C7FF46CAF002329930D9B61
:1060F0001BB10D990A9803F033FF0DF1AC0855461A
:106100002B78002B7FF423AE2A9B002B3FF467AF44
:106110000C9C0A9828AA214606F0D6FDA38960E7C0
:106120000E9B073323F00702F2E80234CDE9143462
:10613000DDE9143424F000440E92994618462146B5
:10614000A74B4FF0FF32FBF7CFFA002840F06284F4
:10615000A34B484621464FF0FF32FBF7A7FA002831
:1061600040F05884DDE9140100220023FBF794FA83
:10617000002840F0AD879DF883209A4D9A4B27F078
:1061800080070321472EC8BF1D4600230D930691AB
:106190000B9107930F9313931093BFE617F010031F
:1061A00040F02E8417F0400200F054870E9A52F807
:1061B000044B0E929946A4B2C5E653F8044B0E93D5
:1061C000FB0600F118847D0640F1128444F3C039C7
:1061D0004B4624B27AE60E9B002253F8041B8DF83E
:1061E00083208DF8EC100E930EE70E9C079B54F85D
:1061F000045B4FF000098DF88390002D00F0D586E8
:106200005A1C00F052851A4649462846FAF7E8FE1D
:106210000D90002801F057800D9BCDF81C905B1B62
:106220000B930E9423EAE3739DF883200693CDF835
:106230003490CDF83C90CDF84C90CDF840906DE680
:106240000E9B53F8042B0992002A80F2C983099A05
:106250000E93524209929AF8006047F0040797E5BE
:1062600047F0100B1BF0200900F081830E9B0733D1
:1062700023F00703D3F8049053F8084B0E9301233F
:1062800064E60E9B53F8044B0E93302378268DF86A
:106290008430564B189347F0020B8DF885604FF011
:1062A0000009022352E6BD0600F18284FC0600F1DB
:1062B0007386780600F13C87B90540F16D860E9B28
:1062C000089953F8042B0E931170554618E79AF865
:1062D00000606C2E03BF9AF8016047F020070AF1B6
:1062E000010A47F0100753E59AF80060682E03BFD3
:1062F0009AF8016047F400770AF1010A47F0400775
:1063000046E59AF8006047F0080741E59AF8006012
:1063100047F001073CE59DF88330002B7FF4BFADCB
:106320009AF800608DF8839032E59AF8006047F0A3
:1063300080072DE5524612F8016B2A2E01F0CD811F
:10634000A6F13003092B924698BF002201F2888003
:106350001AF8016B02EB820203EB4202A6F1300352
:10636000092BF5D9079215E59AF800608DF883405E
:106370000EE5BB46012B3FF4B6AD022B54AD12D156
:10638000189A04F00F032409D35C05F8013D44EA90
:1063900009744FEA191954EA0903F2D154AB5B1B93
:1063A0005F460B93ACE504F00703E40844EA497444
:1063B0004FEAD909303354EA09012A4605F8013D6C
:1063C000F1D11BF0010FE9D0302BE7D03023023A96
:1063D00005F8013C54AB9B1A5F460B9315468FE5BD
:1063E000FFFFEF7F58F600085CF6000868F600082B
:1063F000652E40F3E680DDE9140100220023FBF75F
:1064000041F9002800F0CD81299BBF4AC8F800203F
:10641000013301340122072B2A942993C8F8042060
:1064200000F37D8508F10808229B129A934280F2BE
:10643000D382169B179A1C44C8E90023299B2A94EF
:106440000133072B299300F3EB8308F10808129B13
:106450005D1E002D7FF736AE102D299BDFF8AC9224
:1064600040F36E8549462246B946DDF828B00C9CBB
:1064700010260F4605E008F10808103D102D40F3E6
:106480005B8501331032072BC8E90076CDE929324C
:10649000F1DD28AA2146584606F016FC00287FF4B4
:1064A00098ADDDE929320DF1AC08E6E7099B069AC3
:1064B000A3EB020BBBF1000F7FF7EAADBBF1100FAE
:1064C000299ADFF848922CDD1D9621464E460C9CF9
:1064D000DDF82890102306E0ABF1100BBBF1100F94
:1064E00008F108081ADD01321031072AC8E90063F3
:1064F000CDE92921F0DD28AA214648460DF1AC0856
:1065000006F0E2FB00287FF464ADABF1100BBBF1A9
:10651000100FDDE929214FF01003E4DCB1461D9E88
:106520000C4601325C44072ACDE92924C8F80090C2
:10653000C8F804B000F31D8508F10808A8E5BBF110
:10654000100F299ADFF8C4912DDD41462046A84658
:106550004C460C9DDDF82890102306E0ABF1100BA3
:10656000BBF1100F01F1080119DD01321030072ACB
:10657000C1E90043CDE92920F0DD28AA2946484693
:1065800006F0A2FB00287FF424ADABF1100BBBF1A9
:10659000100FDDE929202BA94FF01003E5DC45465B
:1065A000A1468846044601325C44072ACDE92924E5
:1065B000C8F80090C8F804B000F3CC8108F10808CE
:1065C0006EE5129B012B40F37C81299EC8F8005098
:1065D000013601340123072E2A942996C8F8043085
:1065E00000F3E08108F10808169B179A01361C4455
:1065F000072EC8E90023CDE9296400F3E08108F102
:106600000808DDE9140100220023FBF73BF800280D
:1066100040F07481129B0136013B01351C44072E6A
:10662000C8F800502996C8F804302A9400F359811C
:1066300008F108081A9BC8F8043001361C44072EDC
:1066400024ABCDE92964C8F800307FF739AD0C9947
:106650000A9828AA06F038FB00287FF4BAAC2A9CD6
:106660000DF1AC082EE5B9F1100FDDE929212BDD84
:10667000CDE91D3B1F96DDF828B04E461024A946F3
:106680000C9D04E0103E102E08F1080817DD0132C1
:106690001F4B1031072AC8E90034CDE92921F1DD6B
:1066A00028AA294658460DF1AC0806F00DFB002833
:1066B0007FF48FAC103E102EDDE92921E7DCDDE907
:1066C0001D3B4D46B1461F9EC8F80490013209EBB0
:1066D0000104072A0E49C8F80010CDE9292400F367
:1066E000FF839DF8832008F10808A8E40C990A9814
:1066F0001D9328AA06F0E8FA00287FF46AAC2A9CC9
:106700001D9B0DF1AC08ADE498F60008ACF600084E
:106710009CF600080C990A9828AA06F0D5FA0028D9
:106720007FF457AC2A9C0DF1AC08ADE4102D299BE9
:1067300021DD0A9FDDF83090102604E0103D102D79
:1067400008F1080817DD0133B04A1034072BC8E9F7
:106750000026CDE92934F1DD28AA494638460DF155
:10676000AC0806F0B1FA00287FF433AC103D102DD0
:10677000DDE92934E7DC0133A44AC8F804502C448D
:10678000072BCDE92934C8F800207FF7A3AC0C997A
:106790000A9828AA06F098FA00287FF41AAC2A9CD6
:1067A00098E42299002940F36683DDF84090129B1B
:1067B0009945A8BF9946B9F1000F0BDD299B01331C
:1067C0004C44072BC8E900592A94299300F32F85DC
:1067D00008F10808109EB9F1000FA8BFA6EB090642
:1067E000002E00F33882DDF840B07805AB4400F1AC
:1067F0006682229B129A934202DBF90740F18E8453
:10680000169A17991444C8E90012299A2A94013259
:10681000072A299200F3188508F10808129AAE1881
:10682000A6EB0B06D51AAE42A8BF2E46002E0DDDF4
:10683000299BC8F800B001333444072BC8F8046022
:106840002A94299300F31A8608F10808002EA8BF9D
:10685000AD1B002D7FF736AC102D299BDFF8B091D2
:1068600040F36E8349462246B946DDF828B00C9CB9
:1068700010260F4605E008F10808103D102D40F3E2
:106880005B8301331032072BC8E90076CDE929324A
:10689000F1DD28AA2146584606F016FA00287FF4B2
:1068A00098ABDDE929320DF1AC08E6E7079B002B38
:1068B0007FF41EAB5F46002307930B9354ADFFF7A5
:1068C0001FBBFA073FF581AE299EC8F8005001367C
:1068D00001340123072E2A942996C8F804307FF743
:1068E000A7AE0C990A9828AA06F0EEF900287FF4C2
:1068F00070ABDDE929640DF1AC089BE6129B5D1ECF
:10690000002D7FF797AE102DDFF8049140F39683AA
:10691000224607970A9C0C9F4FF0100B05E008F1E8
:106920000808103D102D40F3878301361032072EE2
:10693000C8E9009BCDE92962F1DD28AA3946204645
:1069400006F0C2F900287FF444ABDDE929620DF1BD
:10695000AC08E6E70C990A9828AA06F0B5F90028D1
:106960007FF437AB2A9C0DF1AC08FFF799BB1BF005
:10697000100340F028811BF0400200F079830E9A4A
:1069800052F8044B0E929946A4B20123FFF7DEBAE7
:106990002D2364428DF8833069EB4909BB460123FE
:1069A000FFF7D7BA0C990A9828AA06F08DF90028A3
:1069B0007FF40FABDDE929640DF1AC0814E60C9906
:1069C0000A9828AA06F080F900287FF402ABDDE9D6
:1069D00029640DF1AC0814E6FD077FF573AB28E5DB
:1069E0009AF800600E93FFF7D3B954ADFFF788BA59
:1069F000B80500F1A6834FEAE4794B46FFF766BA83
:106A00000E9B53F8044B0E93FFF79DBA9CF60008BB
:106A1000ACF60008DDE9140102460B46FAF764FE05
:106A2000002840F00F86612E00F04585412E00F0D1
:106A30006D84079B013326F02003069300F0A983A1
:106A4000472B00F08885DDE9141247F480730F931B
:106A50001346002BC0F292850B9300231D938B46A7
:106A60000D93069B462B00F0FD83452B00F04485DB
:106A70000799019126A9049123A9039122A90291C2
:106A800002210B9B0A9800915A4602F0A1FA069B3C
:106A9000472B054640F0318617F0010FB9460F9F8E
:106AA00040F0FC84269B5B1B1293069B472B00F057
:106AB0008283069B462B00F01284229B1093109B2E
:106AC000069A013B412A229300F0AD85F2B20021E3
:106AD000002BB8BF109B8DF89020BABFC3F1010303
:106AE0002D222B22092B8DF8912040F38D850DF15D
:106AF0009F04B64F2246104687FB0321DA17C2EBEC
:106B0000A10202EB8201A3EB4101303100F8011C2C
:106B100019466329134600F1FF32ECDC3033D9B259
:106B2000831E9C4202F8011C40F2F18513460DF1D0
:106B3000920201E013F8011B02F8011B9C42F9D1FB
:106B40000DF1A1030DF192021B1A134424AA9B1A02
:106B50001A93129B1A9A012B1A440B9240F39E85AA
:106B60000B9B169A13440B930B9A002329F480670E
:106B700022EAE27247F480770F9306921393109300
:106B80001D9B002B40F03F839DF883200793FFF768
:106B9000C5B9199B002B3FF482A9199B1B78002BC8
:106BA0003FF47DA99AF8006047F48067FFF7F0B8DA
:106BB0000E9B089853F8041B0E93C217C1E90002FC
:106BC0005546FFF79DBA0E9B53F8044B0E930123D5
:106BD000FFF7BCB97E4B189317F0200900F0EC804A
:106BE0000E9B073323F00703D3F8049053F8084BA8
:106BF0000E93F80709D554EA090306D030238DF81F
:106C0000856047F002078DF8843027F4806B0223FB
:106C1000FFF79CB9BB46FFF725BB6E4B1893DBE72C
:106C20000C990A9828AA06F04FF800287FF4D1A9F9
:106C30002A9C0DF1AC080AE40A98402103F0DCFA22
:106C40000C9B18601861002800F065850C9A4023A1
:106C50005361FFF766B8102E299BDFF87C9140F353
:106C60002982484642462146A846B9460A9C0C9DC0
:106C70004FF0100B074604E00832103E102E40F390
:106C8000138201331031072BC2E9007BCDE9293192
:106C9000F2DD28AA2946204606F016F800287FF4DF
:106CA00098A9DDE929312BAAE7E72846CDF81C9001
:106CB0000E94FAF725F903460B90FFF7B3BA129B2F
:106CC000CDF82CA04246DDF84C801097EB180793C6
:106CD0005E46199FDDF87090DDF828A0DDF830B031
:106CE0000F9B13952146B8F1000F2FD0002B30D108
:106CF000013F08F1FF381B9BC2E90039299B013392
:106D00004944072B2A91299368DC0832079B38787D
:106D10009B1B8342A8BF0346002B1C460BDD299812
:106D2000013019440728C2E900632A91299000F331
:106D3000148138780832002CACBF051B0546002DA5
:106D40000BDC06440F9BB8F1000FCFD1002B00F0F5
:106D500023820F9B013B0F93CDE7102D29981DDD5A
:106D6000102404E0103D102D02F1080216DD013060
:106D7000194B10310728C2E90034CDE92901F1DDB2
:106D800028AA5946504605F09FFF00287FF421A904
:106D9000103D102DDDE929012BAAE8DC01300E4B56
:106DA000556029440728CDE92901136000F3328298
:106DB000387808320644C5E717F0100300F0A180C8
:106DC0000E9B53F8044B0E9313E700BF676666668D
:106DD00068F600087CF60008ACF6000828AA5946B8
:106DE000504605F071FF00287FF4F3A82A992BAADA
:106DF0008CE70BF4806300220696CDF82CA0CDF82A
:106E0000348054AFDDF864809A4616460CE00023C7
:106E1000204649460A22F9F7E9FE0A2C79F10003D7
:106E20001BD3044689462F4620460A2200234946A2
:106E3000F9F7DCFE30327D1E013607F8012CBAF17D
:106E4000000FE4D098F800309E42E0D1FF2EDED053
:106E50000A2C79F1000380F0408154AB5B1BDDF814
:106E60002CA0CDF864801296DDF83480069E0B933A
:106E70005F46FFF745B8299BBC4AC8F8002001339C
:106E800001340122072B2A942993C8F8042000F327
:106E9000388108F10808002940F09780129A07F01D
:106EA000010313433FF40EA9169B17991A19C8E959
:106EB0000013299B2A920133072B299300F3478162
:106EC00008F108081299C8F8005001338C18072BF4
:106ED000CDE92934C8F804107FF7F2A8FFF7B7BB53
:106EE0000C990A981D9328AA05F0EEFE00287FF45D
:106EF00070A89DF883202A9C1D9B0DF1AC08FFF71C
:106F00009EB817F0400200F0C2800E9A52F8044B6F
:106F10000E929946A4B26CE6BB46FEF7E4BF0C990C
:106F20000A9828AA05F0D0FE00287FF452A82A9CCF
:106F30000DF1AC08FFF778BA14463A464F46914631
:106F400001332C44072BC8F80090C8F80450CDE951
:106F500029347FF7B5A8FFF77ABB28AA59465046CF
:106F600005F0B2FE00287FF434A838782A992BAABD
:106F7000E1E60C990A9828AA05F0A6FE00287FF4FD
:106F800028A82A9C0DF1AC08FFF782B8012BBB465C
:106F90007FF4F3A9FEF7ACBF0E9B089953F8042BBE
:106FA000554611600E93FFF7ABB8062B294628BF54
:106FB000062307950D952A4606936D4D0E940B9367
:106FC0000F9113911091FEF7A9BF169B17981A19EC
:106FD000C8E90003299B2A920133072B299300F368
:106FE000B68008F108080029BFF66CAF4E42103198
:106FF000DFF8809180F297824146DDF828B0A846FC
:1070000010240C9D04E00831103E102E40F38982BC
:1070100001331032072BC1E90094CDE92932F2DDAA
:1070200028AA2946584605F04FFE00287EF4D1AF25
:10703000DDE929322BA9E7E7079F144601362C44E6
:10704000072ECDE92964C8F80090C8F804507FF7EE
:10705000EFAA46E40E9B17F4007914BF53F8044BD3
:1070600053F8044B0E931CBF9146E4B2FEF76BBF7E
:107070000E9B1BF4007914BF53F8044B53F8044BD8
:107080000E931CBF9146E4B20123FEF75FBF0E9B37
:1070900017F4007914BF53F8044B53F8044B0E93C4
:1070A0001CBF9146E4B2A4E5454690463A460C46DC
:1070B0004F46914601333444072BCDE92934C8F8B3
:1070C0000090C8F8046057DC08F10808FFF78BBB94
:1070D0002D228DF88320FFF750B81C9B1B99ED1AC9
:1070E0001A46284604F058FB98F801300BB108F115
:1070F0000108204649460A2200230026F9F776FDBA
:107100008FE60C990A9828AA05F0DEFD00287EF487
:1071100060AF22992A9C0DF1AC08BCE6129AAE1819
:10712000A6EB0B06D51AAE42A8BF2E46FFF78EBBC4
:107130000E9B089953F8042B0E9311805546FEF7C9
:10714000DFBF44F3C0194B4664B2FEF7BFBE0C99D3
:107150000A9828AA05F0B8FD00287EF43AAFDDE9C8
:10716000293222990DF1AC083DE700BF98F60008DE
:1071700090F60008ACF600080C990A9828AA05F0C9
:10718000A3FD00287EF425AF2A9C0DF1AC08FFF783
:107190002ABB0623079356E4DDE91235EB189E421D
:1071A0001997B346DDF82CA0109F90460C4628BFD7
:1071B0009B46FFF71EBB229B1093DA1C02DB079A4B
:1071C000934204DD023E26F02003069377E4109BF1
:1071D000129A9342C0F2488119F0010F00F0118217
:1071E000169A13440B9319F4806F03D0109B002B55
:1071F00000F3C7810B9B23EAE37306936726002302
:107200000F931393BCE42D2200238DF88320079362
:10721000FEF786BE28AA5946504605F055FD0028BF
:107220007EF4D7AE38782A992BAA06448AE50C99C1
:107230000A9828AA05F048FD00287EF4CAAE2A9CC8
:107240000DF1AC08FFF7C6BA0C990A9828AA05F008
:107250003BFD00287EF4BDAE229B2A9C0DF1AC08BC
:10726000FFF7DCBA0799019126A9049123A903919C
:1072700022A9029103210B9B0A9800915A4601F022
:10728000A7FE0378302B054600F0F181229B079A78
:10729000B94613440F9FEC180B995846002200235F
:1072A000FAF7F0F910B12346FFF7FDBB269BA34286
:1072B000BFF4F9AB30215A1C26921970269B9C42D0
:1072C000F9D8FFF7F0BB079B9DF883200E94069337
:1072D0000B9307900F9013901090FEF71FBE229A09
:1072E0001092002A40F3E081079909F001030B4353
:1072F00040F0B781109B0B93662619F4806F40F025
:1073000041810B9B23EAE373069378E730238DF8E2
:10731000843058238DF88530079B632B47F0020497
:1073200000F3BF8000230D933BADDDE9141247F459
:1073300081730F931346002B2746C0F285800B9371
:1073400026F02003069300238B461D93612E00F048
:107350004081412E7FF485AB22AA0B99584604F058
:1073600067F900224FF07F53F9F724FF02460B46DE
:10737000CDE9102300220023FAF784F908B1012394
:107380002293AC4B0B93079BCDE912A6CDE91E7857
:10739000DDF82CA0DDE9106703F1FF39AB4610954D
:1073A00006E00022002309F1FF39FAF76BF9E8B98A
:1073B000A14B002230463946F9F7FCFE0F4606463F
:1073C000FAF7A8F90446F9F78DF80B460246394654
:1073D0003046F8F739FF1AF80430B9F1FF3FD846C4
:1073E0004D460BF8013B06460F46DAD1304639468A
:1073F000924BDDF848A0139ECDF848800022A946A4
:10740000DDF87C80109D1E9FCDE91001FAF762F92E
:10741000002855D1DDE91001884B0022FAF732F936
:1074200008B1E1074CD44B46002B06DB01335B442B
:1074300030220BF8012B5B45FBD1ABEB0503B946C2
:1074400012930F9FFFF731BB26F020030693DDE96F
:1074500014349B4604F100430B932D231D9375E7D1
:1074600000230793FEF796BC129B169A9A18109B5E
:107470000B92002B40F3098167263EE70C990A988E
:1074800028AA05F021FC00287EF4A3AD229D129BC2
:107490002A9C5D1B0DF1AC08FFF7D8B9079BEC18CF
:1074A000FAE60A98591C02F0A7FE0546002800F0EB
:1074B00026810D9039E730238DF88430782329E731
:1074C000129B26930B9B1BF8012CD97B8A425B46AF
:1074D00009D1302003F8010C269B5A1E269213F87E
:1074E000012C9142F6D0392A0BBF0B9A0132927AC5
:1074F000D2B203F8012CA0E707990B9B0A984C1C09
:1075000026A9049123A9039122A9029102215A4696
:107510000194009101F05CFD0546B9462C440F9F93
:10752000BAE64546884601333244072BCDE9293275
:10753000C8F80090C8F804607FF7C2AC0C990A98AC
:1075400028AA05F0C1FB00287EF443ADDDE929320D
:107550000DF1AC08B6E4079B002B08BF012307938D
:1075600047F480730F93159B002BC0F2B180DDF8B8
:1075700050B00D900B931D90FFF77ABA00230D9336
:1075800065E7672619990B78FF2B00F0B28000247D
:10759000109A204603E001300131FF2B08D09342BE
:1075A00006DAD21A4B78002BF5D10B780134F4E7C8
:1075B0001991109213900F940F9A139B1C991344D6
:1075C0000B9A01FB03230B9323EAE3730693FFF764
:1075D000D7BA22AA0B99584604F02AF800224FF095
:1075E0007F53F9F7E7FD02460B46CDE91023002251
:1075F0000023FAF747F808B101232293104B0B93AD
:10760000C1E6109B0B93EEE5002963D130228DF883
:1076100092200DF19302303302F8013B24ABD31AD0
:107620001A93FFF796BA06F10F02D2B20121FFF7C3
:107630004FBA00BF7CF60008000030400000E03F79
:1076400068F60008159B384D002BB4BF2D229DF81D
:107650008320364BB8BF8DF8832027F08007FEF7D4
:1076600090BD169BD31819440B91662645E60B99DD
:10767000584600220023FAF705F800287FF406AEEA
:10768000079BC3F10103229301E6C3F101031A44EE
:1076900022EAE2730B9206936726B0E519F0010F18
:1076A0003FF462AAFFF75CBA079A09F0010959EAA8
:1076B000020304D10123069366260B939FE5169BD4
:1076C00001331A4422EAE2730B920693662696E58A
:1076D0000D90BCE60DF192029DE70E9B9AF80160B9
:1076E000924653F8042B0E9342EAE2720792FEF799
:1076F0004FBB00230F9313935EE7079C0DE70C9994
:107700008B8943F0400213468A81FEF76ABC02234C
:107710001A93FFF71EBA0A9A0C2313604FF0FF3337
:107720000893FEF765BC00BF60F6000864F6000829
:107730002DE9F04FADF5317D8A46B1F90C1002AF5D
:10774000814688047B6209D4DAF8643041F4005140
:1077500023F40053AAF80C10CAF86430134613F847
:10776000012BFB637A64002A01F0C7800023C7F86D
:107770003890FB617B63BB613B623B639946824B04
:1077800013F8028018F0080840F08180252A61D1A2
:10779000F86B027845464446A2F12503411C552B5F
:1077A00064D8DFE813F056006300630063006300F1
:1077B000830563006300630063006300D200D200AE
:1077C000D200D200D200D200D200D200D200D20029
:1077D0006300630063006300630063006300DD0017
:1077E000630013052505DD00DD00DD006300630097
:1077F00063006300A904630063001B05630063006A
:1078000063000D056300630063006300B20463005E
:1078100063002F0563006300630063006300DD0005
:10782000630015052705DD00DD00DD00640570053A
:10783000A90463003905450553051D05800563004E
:1078400063000F05A504780563006300B2046300BC
:10785000A504F963DAF80430002B48DDDAF80030CB
:10786000FA6B197812F8012C914235D07B6B43B139
:107870007B6BD3F80080B8F1000F02D0404602F0D5
:10788000B3FC386B07F52F77BD46BDE8F08FDAF80B
:107890000420BC6B0FE0DAF800303B491A788A5CB0
:1078A000110703F101030ED5DAF80420013ACAE901
:1078B000003209F10109002AEDDC5146204605F0AD
:1078C000BFFA0028E7D0FB6B13F8012BFB637A6447
:1078D000002A7FF454AFC9E70133CAF80030DAF860
:1078E0000430013B09F10109CAF80430EBE7B86B39
:1078F000514605F0A5FA0028B0D03B6B1BB1BAF891
:107900000C305A06B2D57B6B002B01F0CA807B6B22
:10791000DE88002E00F08D877B6BD3F8008000247A
:10792000A8F10405A14655F8043F186802F05CFC74
:1079300001342B68B442C3F80090F4D14FF0FF3308
:107940003B63B8F1000F99D19BE715F08F0F8DD1F4
:1079500004EB840402EB4404303C427808461BE705
:10796000F9630426DAF80430002B40F3DC836B065D
:1079700040F1E383731E032B01F2EA80DFE813F08A
:1079800007025A01A6000600E9F60008B86B02F0EB
:1079900001FC0368BB60631EB3F5AE7F40F2BF8598
:1079A0006FF4AE72A3183B6040F25D14002307F53C
:1079B000AC72514645F4F0657A617B60FB601E460F
:1079C0003B6193469A4608680278A2F12B0CBCF101
:1079D0004E0F50D8DFE81CF018034F0018034F007B
:1079E0004F007D0374007400740074007400740010
:1079F0007400740074004F004F004F004F004F00A0
:107A00004F004F001E037200720072007A030403DD
:107A10004F004F00AA024F004F004F004F0062037B
:107A20004F0044034F004F004F003D034F004F00F5
:107A30004F00290311034F004F004F004F004F002C
:107A40004F004F001E037200720072007A0304039D
:107A50004F004F00AA024F004F004F004F0062033B
:107A60004F0044034F004F004F003D034F004F00B5
:107A70004F0029031103BB6893F800C0944514D14B
:107A8000AB0512D525F42075C7F810A00BF8012B13
:107A9000013C4A68013A002A09F101094A6040F3B1
:107AA0001D8401300860002C8DD1334656468A462D
:107AB000002E00F04C8225F4807548E22B05F4D5A9
:107AC00016EB080FF1D125F4C075DFE7631EB3F59F
:107AD000AE7F84BF6FF4AE7204EB020B07F5AC739C
:107AE00098BF4FF0000B4FF000087B611E46C7F8AF
:107AF00028B05346D7F820B0CA4688BF40F25D147C
:107B0000C14645F458659846D8F800201078A0F191
:107B10002B034D2B63D8DFE813F0380362003803E2
:107B200062006200D103FD01FD01FD01FD01FD01C7
:107B3000FD01FD013E033E0362006200620062003F
:107B40006200620062004E004E004E004E004E0089
:107B50004E00620062006200620062006200620029
:107B60006200620062006200620062006200620005
:107B7000620062004603620062006200620062000E
:107B80006200620062004E004E004E004E004E0049
:107B90004E006200620062006200620062006200E9
:107BA00062006200620062006200620062006200C5
:107BB000620062004603BBF10A0F10DD25F4386550
:107BC00006F8010BD8F80430013B002BC8F804304C
:107BD00040F391830132C8F80020013C94D1434620
:107BE000E905C846C7F820B0D1469A4607D57B6953
:107BF0009E4200F2B9857B699E423FF437AE15F094
:107C0000100240F08A833B6A7969B86BFC69327074
:107C1000A047AA0600F177832B0700F153856C0774
:107C200040F1C186D7F824B05BF8043BC7F824B014
:107C300018806FE3002C08BF4FF0FF3415F00106E9
:107C400000F0FB8315F01003BB6240F0A18529060C
:107C500040F13B86D7F824B05BF8046B002E3FF46C
:107C600005AE802002F0B8FA804600283FF44BAE03
:107C70007A6B3060D58893889D4280F00D851068BE
:107C80007B6B40F825600135DD802023C7F824B0E8
:107C9000C7F810807B61DAF80030A14A1B78D35C0A
:107CA00013F0080358D19B4602F06EFA58453FF492
:107CB00024AEDAE9003213F8011B013ACAE90032B6
:107CC000BB6907F5AC70032B00F80B1007F15005EA
:107CD0000BF1010B02D12B68042B04D008220021E8
:107CE0002846FDF7FFFE07F5AC72B86B00955B46C2
:107CF000414602F031FD421CB8613FF4FEAD002860
:107D000040F0A985C8F8000002F030FA002840F0E1
:107D1000B686D944013CBB6A002B40F0728608F15C
:107D20000408002E00F06D863B69A8EB03057B6913
:107D3000B3EBA50F40F2BA86D7F828B0DAF80430D2
:107D4000002B40F36286DAF80030754A1B78D35C6A
:107D50001D0701D4002CA7D1BB6A002B7FF4B3AD63
:107D6000C8F80030002E00F037813B697A69A8EB33
:107D700003018B1001339A4240F22E8130680431A6
:107D800003F05EFA002800F02781306024E1002C27
:107D900008BF4FF0FF34E80740F1DE8215F0100312
:107DA0003B6140F032852906D7F824B040F1838545
:107DB0005BF8043BFB60002B3FF458AD802002F0E1
:107DC0000BFA054600283FF49EADFB687A6B1860FD
:107DD000B2F806809388984580F04A841068FB6862
:107DE0007A6B40F8283008F10103D3802023C7F8CC
:107DF00024B0BD607B60C7F82890A146BC6900260E
:107E000007F5AC7BA84602F0BFF9B0423FF475AD70
:107E1000DAE9003213F8011B0BF80610013A032CC3
:107E2000CAE9003206F1010607F1480502D12B68C4
:107E3000042B04D0082200212846FDF753FE5A46A1
:107E4000B86B00953346414602F086FC421C04465E
:107E50003FF453AD002840F0F383C8F80000B86148
:107E600007F150030822002118467B61FDF73AFE16
:107E70002C49B86BD1F8E010D7E90532B961D7F8D1
:107E800018C007F14001E047012800F052840022A9
:107E900007F158039B5C002B00F0A085BB6A032C04
:107EA0003344BB6200F0498409F1FF393B695BB997
:107EB000FB6808F104083BB1BB68A8EB03057B68CD
:107EC000B3EBA50F40F23F84DAF80430002B4FF0FB
:107ED000000640F3BD83B9F1000F94D1D7F8289084
:107EE000BC6145463B69002B7FF4EDAC2B60FB6821
:107EF000002B71D0BB687A68E91A8B1001339A4263
:107F00006AD9FC680431206803F09AF9002863D02C
:107F1000206061E0044B25F4386533F91BB04FE66F
:107F2000E9F600083C040020C4F60008B8F1000F90
:107F300040F0FF81BAF1000F40F0EC8205F4E06CF4
:107F4000BCF5E06F00F01B85334656468A46013B80
:107F5000012B40F2848508F1FF33062B40F2E382C7
:107F6000EA0513D56B0500F1B3851BF8011C6529E3
:107F70000BF1FF3309F1FF3402D0452940F01C8397
:107F8000B86B5246A1469B4604F01AFF15F010024A
:107F90007FF499AC05F4C063B3F5806F8BF80020D3
:107FA00000F0EB83FB68002B40F09D830022796991
:107FB000B86B04F0BDFBEE0702460B46C7E90A2387
:107FC000D7F824B040F1E1825BF8043B0A46014651
:107FD000C3E90012C7F824B03B6B01333B6372E482
:107FE0002B0503D516EB080F3FF46DADB8F1020F6A
:107FF0007FF45BAD4FF0030848E5B8F1070F7FF45D
:1080000054AD4FF0080841E52B067FF54EAD25F045
:1080100080053BE52B0503D516EB080F3FF453AD68
:10802000012E7FF442AD022630E505F4186CBCF554
:10803000807F7FF43AADBAF1010F7FF436AD4FF097
:10804000300C0BF801CB45F40065013C4FF0000A01
:108050001CE5B8F1060F7FF428AD4FF0070815E5D1
:108060002B057FF522AD05F4A06CBCF5806F06D022
:108070006B057FF51AADBAF1000F3FF465AFAB05A4
:1080800005D43B69C7F804B0AAEB0303FB6025F4F1
:10809000786545F4C0754FF0000AF7E4002E40F013
:1080A0004281BAF1000F05D105F4E06CBCF5E06F38
:1080B00000F07484B8F1010F03D0B8F1040F7FF41D
:1080C000F4AC08F101085FFA88F8DFE42B05CAD5A3
:1080D000F6E4EB057FF5F4AC3B6825F080050AF18A
:1080E000010A002B3FF4D4AC3B68013B3B60D0E479
:1080F0002A077FF4BBAB30E42E077FF4B7AB42789E
:1081000045F002050846FFF747BB45F400758E4B66
:10811000FB6110233B62DAF80430F963002B4FF067
:1081200003063FF724ACB86B514604F089FE0028E3
:108130007FF4E3AB6B063FF51DACDAF80020834912
:108140001378CB5C18077FF515ACD7F838B007E08B
:10815000CAF800207D491378CB5C19077FF50AAC7B
:10816000DAF80430013B002B09F10109CAF80430A8
:1081700002F10102ECDC5146584604F061FE002891
:108180007FF4BBABDAF80020E4E72B067FF527ADE0
:1081900025F0800514E56E4B33F91BB0BBF1080FD9
:1081A0003FF70CAD1BE505F4C063B3F5007F7FF42A
:1081B00016AD25F4007545F4A0654FF0100BFFE4F3
:1081C00045F00105F9630226FFF7CCBB45F0010538
:1081D00045F04005F9630026FFF7C4BB45F00105F3
:1081E000594BFB610823F9633B620326FFF7BABBD7
:1081F00045F00105574BFB610A23F9633B620326F7
:10820000FFF7B0BB07F1580003F05CFA45F04005FA
:10821000F8630126FFF7A6BB2A077FF427AB427855
:108220006C2A00F0008345F001050846FFF7B4BA58
:1082300015F08F037FF41AAB7A6B002A00F02183CC
:10824000427845F080050846FFF7A6BAEB0600F134
:10825000B0812E0740F14383D7F824B0F9635BF86F
:10826000043BC7F824B083F80090FFF72CBB2B0722
:108270007FF4FCAA4278682A00F0CF8245F004051A
:108280000846FFF789BA334BFB610023F9633B6271
:108290000326FFF767BB2C4BFB610A23F9633B62A4
:1082A0000326FFF75FBB45F4087530E72C437FF4E6
:1082B000DDAA427810250846FFF76EBA2B057FF538
:1082C0007FACBBF1000F03D145F400754FF0080BF4
:1082D000690540F14F8125F4B06571E4B86BB9626E
:1082E00004F0AEFDB96A00287FF4DFAB002C7FF408
:1082F0006AABFFF7DABBB86B414604F0A1FD00287A
:108300003FF46BAC6BE4D7F824B05BF8043B186027
:10831000C7F824B03B6B01333B637B69F61AB0446A
:10832000C144FFF7D0BA022E7FF4C4AE0326FFF794
:10833000ADBBB8F1030F3FF4C4AEB8F1050F3FF485
:10834000C0AEFFF7B2BB00BF29CB0008E9F60008BA
:10835000C4F600085DC80008E80600F1238215F0A5
:108360008005D7F824B000F0A1825BF8045BBD6201
:10837000002D3FF47BAA202001F02EFF06460028A6
:108380003FF4C1AA7A6B28609388D5889D4280F01B
:1083900041811068BB6A40F825307B6BC7F824B078
:1083A0000135DD802025DAF8002007F1580B13781D
:1083B0001BF80330002B3FF459AAB046C7F81490BD
:1083C000D946AB463546BE6ADAF804000138CAF829
:1083D0000400501CCAF800004146107801F8010B57
:1083E00026B1A1EB0508D84580F007818846013CFD
:1083F0000BD0DAF80410002940F38A81DAF8002063
:10840000117819F801100029DED1D7F814904646EA
:10841000A8465D46B6EB08083FF428AA002333704F
:10842000BB6A23B108F101018D4200F2AE823B6BC1
:108430000133C1443B63FFF746BAE80600F16882A6
:1084400015F0800500F00082D7F824B05BF8046BCB
:10845000BE62002E3FF40AAA202001F0BDFE0546B0
:1084600000283FF450AA7A6B30609388D6889E42E9
:1084700080F0AD801068BB6A40F826307B6BC7F88F
:1084800024B00136DE804FF0200BDAF80030BE4910
:108490001A788A5C160700F1838122462E462C4604
:1084A00019461546DAF804204B1C013ACAF8042094
:1084B000CAF80030A0460B7808F8013BBB6A23B12C
:1084C000A8EB06045C4580F0E281013D0CD0DAF8AF
:1084D0000420002A444640F31382DAF80010AA4B25
:1084E0000A789A5C1007DDD5A8EB06018944454659
:1084F000013100232B70BB6A002B3FF46DAD8B451F
:108500007FF66AAD18681C4602F09AFE00287FF4D8
:10851000FFAC61E5334656468A46FFF7CCBA0023E6
:108520003B60FFF743BAB8F1020F40F2E982B8F1BD
:10853000030F3FF415ADA8F104085FFA88F86FEA5D
:1085400008045346BD62BD6BC2465C44B0461E463D
:108550001BF8011D3246284604F032FC5C45F7D179
:1085600033464646D0469A4609F1FF33BD6AA3EB2F
:108570000809F5E4BB6A25F4607513B1013BBB62E1
:10858000013409F10109FFF71DBBAC0700F1A2801E
:10859000D7E90A235BF8044BF9F7A6F8002840F066
:1085A000A782D7E90A01F9F7FDF8C7F824B02060DF
:1085B00012E5F963FFF787B9B86B524604F000FC87
:1085C000A9F102041BF8021CABF10203D8E44FF638
:1085D000F67293423FF69BA908331FFA83F87B6B30
:1085E0004FEA8801186802F02BFE00283FF48FA99B
:1085F0007B6BA3F8048018603DE74FEA4B0B2846DD
:10860000594602F01DFE054600283FF47CA980442F
:108610003060ECE64FF6F67293423FF678A90833E5
:108620001FFA83F87B6B4FEA8801186802F008FE96
:1086300000283FF46CA97B6BA3F804801860A9E6BE
:10864000831C40F07682DAF80430002B3FF7DBAB76
:10865000B86B514604F0F4FB00283FF43CACD7F86B
:108660002890BC614546002E3FF43CACFFF745B96D
:108670004FF6F67293423FF64AA908339EB27B6BDF
:10868000B100186802F0DCFD00283FF440A97B6BC4
:108690009E801860FFF7A3BB4FF6F67293423FF639
:1086A00036A97A6B08339BB210687B62990002F09E
:1086B000C7FD00283FF42BA97A6B7B6A938010607A
:1086C000FFF7DEBAD7F824B05BF8043BC7F824B054
:1086D00018701FE6D7E90A125BF8043BC3E90012E1
:1086E000C7F824B078E4786801460A23013183464C
:1086F000B86B04F0B3F8FB68C21A07F2AB239B45D2
:1087000028BF07F2AA2B2149584603F025F84DE46B
:10871000B86B514604F094FB00283FF46FAE464618
:10872000A8464645D7F814905D467FF473AEFFF730
:10873000E4B897F84020FFF7ABBB2B68042B7FF41D
:10874000B3ABFFF7B3BBB868D9001E4602F078FDA3
:10875000B86000283FF4D7A8FA68730000EB05085A
:1087600010607B60FFF7B0BB16F8011CB86B524677
:10877000013E04F025FBFFF73EBA3B69B342A3EB91
:108780000602BAD112E400BFE9F60008BCF6000800
:10879000002607F14403C7E904669846FFF77BBA51
:1087A0000121A6E6DAF8003007F1580B1A781BF819
:1087B0000220002A3FF45AA80133CAF80030DAF840
:1087C0000430012C03F1FF33CAF804301AD0BD6B1A
:1087D00010E0DAF800301A781BF8022001338AB171
:1087E000CAF80030DAF804300136013BB442CAF866
:1087F000043007D0002BECDC5146284604F020FB67
:108800000028E6D0B144FFF75EB80023C7E9013382
:10881000FB6007F14405FFF7EEBA827845F00805E2
:108820000230FEF7B9BF827845F002050230FEF74C
:10883000B3BFD3F800804FF0FF333B63B8F1000FB4
:108840007FF41CA8FFF71DB87E6AAB4656F8045BA0
:10885000C7E9096B19E6BB6902333FF46FAAD8F880
:10886000000001F083FC002840F00981BB69032B64
:10887000D9447FF44FAA2B68042B7FF44BAAFFF74F
:108880004ABA82B0CDE9023302AB7B63D8E44FEA47
:108890004B0B3046594602F0D3FC064600283FF405
:1088A00032A8BB6A00EB040818600EE65BF8046BA4
:1088B000C7E909B577E53B695BF8045B7B60C7E90D
:1088C0000233C7F824B0FFF796BAD7E9096356F820
:1088D000048B7E627B613B611E46FFF7DCB96C074F
:1088E00040F1A080D7F824B0F9635BF8043BC7F8E7
:1088F00024B0A3F80090FEF7E6BF3A63FEF7C1BFCD
:10890000B86B514604F09CFA00283FF4E6ADEBE565
:10891000DAF800308B491A788A5C11073FF572AF9C
:108920000133CAF80030DAF80430012C03F1FF33C8
:10893000CAF8043000F0F980BD6B012614E0DAF8C3
:10894000003080491A788A5C120703F101033FF571
:1089500059AFCAF80030DAF804300136013BB442AE
:10896000CAF804303FF44EAF002BE8DC51462846ED
:1089700004F066FA0028E2D0B144FEF7A4BF25F463
:10898000F0654FF00108FFF781B818681C4602F047
:1089900057FC00283FF44BAD206048E525F4F06516
:1089A0000126FFF773B815F001027FF4ACACA907FC
:1089B0007FF5A9AC644BF969B86B99423B6A796958
:1089C00000F0AF8004F010F80B46D7F824B05BF845
:1089D000041BC7F824B0C1E900039BE4D7F8289032
:1089E000BC614546002E3FF47DAABC6B013E524659
:1089F0001BF80610204604F0E3F9002EF6D1FFF72D
:108A000071BA4FF0000BFFF799B9B86B514604F0FB
:108A100017FA00283FF497A9BBF1000F7EF46DAF61
:108A2000FFF79AB9E8070FD4AA070DD5D7F824B0F5
:108A3000F9635BF8043BC7F824B04FEAE972C3F866
:108A400000905A60FEF73FBFD7F824B0F9635BF897
:108A5000043BC3F80090C7F824B0FEF734BF7C692C
:108A6000D7F83890A3457EF601AF1BF8011D52469A
:108A7000484604F0A5F9A345F7D1FEF7F7BEBBF1D0
:108A8000000F3FF469A9BD6B5C46013C07F5AC7370
:108A90005246195D284604F093F9002CF5D1FFF7F2
:108AA0005BB94FF0FF333B63FEF7EBBE3869D9008B
:108AB00002F0C6FB386100283EF425AF7B69D7F889
:108AC00028B030605B0000EB05087B61FFF736B92A
:108AD0007C69D7F83890A3457EF6C8AE1BF8011D17
:108AE0005246484604F06CF9A345F7D1FEF7BEBEE6
:108AF0001648C7F824B002F02BFE2060FFF76CBACE
:108B00007B69D7F838909B457EF6B0AE1BF8011D07
:108B10005246484604F054F97B699B45F6D1FEF76E
:108B2000A5BE04F0CFF80B464FE72646B144FEF74A
:108B3000CABED8F80030BB6101337FF491A9BA698D
:108B4000FFF7A6B9E9F6000829CB000818F60008D7
:108B5000012C38BF012415F0010300F0978015F0B7
:108B600010037B6140F0D9802A06D7F824B040F189
:108B7000DB805BF8043BBB62002B3EF477AE8020C9
:108B800001F02AFB064600283EF4BDAEBB6A7A6BB4
:108B90001860B2F8068093889845C0F0F5804FF6CB
:108BA000F67293423EF6B3AE08339DB27B6BA900DA
:108BB000186802F045FB00283EF4A9AE7B6B9D804F
:108BC0001860BB6A40F828307B6BC7F824B008F106
:108BD0000108A3F80680B3464FF02008002501F0F5
:108BE000D3FAA8423EF489AEDAE9003213F8011B49
:108BF000013ACAE90032BA6907F5AC70032A415557
:108C000005F1010307F1500502D12A68042A06D0B4
:108C1000082200212846BB61FCF764FFBB69B86BE2
:108C2000009507F5AC7231463B6101F095FD431CA0
:108C3000B8613EF462AE3B69002840F0B5807A69C5
:108C400002B932609944013C7B6943B9BB6A2BB1DC
:108C5000A6EB0B05B8EBA50F40F2D8800436DAF886
:108C60000430002B4FF0000540F3A780002CB6D154
:108C7000BB6A2BB1A6EB0B01B8EBA10F00F2D580BC
:108C80007B69002B7EF41FAEFFF7A6B9EE0654D425
:108C90002D066AD57E6A56F8045B002D3EF4E6ADDB
:108CA000204601F099FA804600283EF42CAE7A6BFB
:108CB0002860B2F806B093889B4573D34FF6F672DE
:108CC00093423EF624AE7A6B08339BB21068BB62C7
:108CD000990002F0B5FA00283EF419AE7A6BBB6A2F
:108CE000938010607B6B40F82B500BF1010BA3F8C5
:108CF00006B04146B86BCDF800A02346012204F02F
:108D0000BDF88046002864D084426DD83B6B7E62FB
:108D10000133C1443B63FEF7D6BD4FF00008C346A4
:108D2000C7F82880464659E77B695BF8046BC7F8AB
:108D300024B098469B46BB6250E71D46DAF80430E3
:108D40009C4223DDDAF80020B86B1A44CAF80020F0
:108D500051461D44E41A04F073F80028EED0002DAB
:108D60003EF4CBADA944FEF7AEBD7E6AB86B316868
:108D7000CDF800A02346012204F080F880460028A8
:108D80003EF4BBAD0436C1E710681AE71B1BCAF8F6
:108D90000430DAF8003025441C44CAF80040A944E5
:108DA000FEF791BD10689DE7BA69023224D1DAF866
:108DB0000420002A1D463FF712AFB86B514604F05D
:108DC0003FF800283FF452AF002D3FF451AFFEF7BB
:108DD00094BD3B6B002B3EF49AADBAF80C305B06A9
:108DE0007EF546ADFEF793BD2868414602F028FAAD
:108DF00000288BD0286089E79944BB69032B7FF456
:108E000022AF2B68042B7FF41EAF1DE758464FEAB4
:108E1000C80102F015FA834600283EF474ADBB6A1F
:108E2000461918604FEA480818E7BC6A206802F043
:108E300007FA00283FF424AF206021E738B50C463C
:108E4000084D8446114620461A4600232B6064468E
:108E5000F9F7E6FA431C00D038BD2B68002BFBD095
:108E6000236038BDCC0D0020024B13B1024800F046
:108E700005B8704700000000959E000800230146D9
:108E80001A46184604F09EB838B5074D002204462D
:108E900008462A60F9F7D2FA431C00D038BD2B6887
:108EA000002BFBD0236038BDCC0D00202DE9F04F06
:108EB00003690C69A34283B0C0F28680013C01F1D2
:108EC0001405A30000F11408009355F8243058F855
:108ED000242001338A469A4208EB8401814605EB3F
:108EE00084070191B2FBF3F638D30023AE46404627
:108EF0009B465EF8041B02681FFA81FC06FB0C33DC
:108F0000090C4FEA134C06FB01CC99B2ABEB010103
:108F10001FFA8CF311FA82F1C3EB124202EB2142E9
:108F200089B241EA0241774540F8041B4FEA1C43ED
:108F30004FEA224BDDD2009B58F8033073B9019BF6
:108F4000043B984504D307E0984504F1FF3403D26D
:108F500053F80429002AF7D0C9F810405146484672
:108F600001F01AFF00282BDB01364046002355F89C
:108F7000041BD0F800C08AB29A1A0B0C12FA8CF2B9
:108F8000C3EB1C4303EB224392B242EA0342AF42DB
:108F900040F8042B4FEA2343E9D258F8242008EB89
:108FA00084036AB9043B984504D307E0984504F16B
:108FB000FF3403D253F80429002AF7D0C9F810402F
:108FC000304603B0BDE8F08F002003B0BDE8F08F5D
:108FD0002DE9F04F016C99B090469946CDE904898E
:108FE000259D044641B1426C4A60012393408B6049
:108FF00001F01CFC00232364B9F1000AB4BF012373
:1090000000232B60764BBCBF2AF0004ACDF814A099
:1090100033EA0A0300F0AA80DDE90423104619466A
:1090200000220023CDE90A01F8F72CFB074670B1B6
:10903000249A01231360269B002B00F0E4826948E8
:109040001860431E0393039819B0BDE8F08F16AB68
:10905000019317AB00932046DDE90A2301F0ECFFF2
:109060005FEA1A56054640F09780DDE916763E44E1
:1090700006F23240202840F3B583C0F140000AFADE
:1090800000FA06F2124028FA00F04AEA0000F7F768
:1090900019FA0123013EA1F1F8710F93524B0022FE
:1090A000F7F7D2F848A3D3E90023F8F783F848A3E9
:1090B000D3E90023F7F7CAF8804630468946F7F728
:1090C00011FA45A3D3E90023F8F774F802460B46DA
:1090D00040464946F7F7BAF880468946F8F71AFB42
:1090E00000228346002340464946F8F7D5FA002877
:1090F00040F07C82BBF1160F00F26B823B4B03EB1E
:10910000CB03D3E90023DDE90A01F8F7C5FA00280B
:1091100072D00023BE1B0E93731E0BF1FF3B069310
:1091200000F15E8200230993BBF1000F6BDA099B0B
:10913000CDF81CB0A3EB0B030993CBF100030D9307
:10914000229B092B4FF0000B66D8052B40F3488378
:10915000043B22930026229B023B032B00F26886ED
:10916000DFE813F05C04590450043304249A42F2FB
:109170000F73CAF3130A13605AEA08031AD1269B25
:10918000002B00F064861A4B03930833269A039849
:10919000136019B0BDE8F08FDDE90A12C2F31303C2
:1091A000084643F07F510F97A6F2FF36169F41F411
:1091B000401173E7269B002B40F0EA830D4B03938D
:1091C00041E700BFAFF3008061436F63A787D23FE1
:1091D000B3C8608B288AC63FFB799F501344D33FA6
:1091E0000000F07F99F600080000F83F48F90008F9
:1091F000F0F70008ECF70008BE1B731E069300F1A1
:1092000085840E900990069B5B44CDE9063B0023C4
:109210000D93229B092B98D90023CDE922330126F7
:109220004FF0FF330C960893089B12930021616462
:10923000204601F0D5FA0390002800F00186039B38
:109240002364089B0E2B00F21381002E00F0108186
:109250000799002940F35C84AE4B01F00F0203EB49
:10926000C2034FEA2118C905D3E9006740F114840D
:10927000A94BDDE90A01D3E90823F8F7C5F8CDE9E0
:10928000100108F00F084FF0030AB8F1000F13D0D7
:10929000DFF8849218F0010F09D030463946D9E939
:1092A0000023F7F787FF0AF1010A06460F465FEA37
:1092B000680809F10809EDD1DDE9100132463B46A5
:1092C000F8F7A2F8804689460E9B43B1934B0022E3
:1092D00040464946F8F7E0F9002840F0308550460E
:1092E000F7F700F942464B46F7F764FF8C4B002234
:1092F000F6F7ACFFA1F15073CDE910011193089B73
:10930000002B00F09780079B1493089B13930C9BF2
:10931000002B00F0A584139A7E4B8249039E03EB39
:10932000C20353E902230020F8F76EF8DDE91023A9
:10933000F6F78AFFCDE9100149464046F8F7EAF909
:109340000746F7F7CFF802460B4640464946F6F780
:109350007BFF3037DDE9102306F8017B8046894624
:10936000F8F79AF9002840F02985CDF854B0002785
:10937000DDE910AB1095139D13942AE00137AF423D
:1093800080F22C85684B504659460022F7F712FFB1
:10939000654B002282468B4640464946F7F70AFF56
:1093A00089468046F8F7B6F90446F7F79BF8024677
:1093B0000B4640464946F6F747FF303406F8014B66
:1093C00052465B4680468946F8F766F9002840F029
:1093D000F38442464B4651490020F6F735FF52468A
:1093E0005B46F8F759F90028C8D0DDE91343109D12
:1093F000039A079302E0964200F0C884B24616F83A
:10940000013D392BF7D00133DBB23370079B0133B9
:109410000793C8E15046F7F765F842464B46F7F721
:10942000C9FE3F4B0022F6F711FFA1F15073CDE9C1
:10943000100111933D4B404649460022F6F704FFC8
:10944000DDE910894B46424606460F46F8F742F9D9
:109450008146002840F0AA84DDE91001024601F1AE
:10946000004330463946F8F717F9002840F04583A5
:10947000179B002BC0F28C80079A0E2A00F388807D
:10948000244B03EBC203D3E900AB239B002B1BDA75
:10949000089B002B18DC40F02E83244B0022504602
:1094A0005946F7F787FE02460B46DDE90A01F8F751
:1094B000FDF8DDF820904E46002800F0C782239B7F
:1094C000DDF80C80DF43C9E2DDE90A7852465B46ED
:1094D00038464146F7F798FFF8F71CF9814609909E
:1094E000F7F700F852465B46F7F764FE039E0B461B
:1094F000024641463846F6F7A7FE09F1300306F862
:10950000013B089B012B00F05C8306940127049526
:109510001C462AE048F9000820F900080000F03F46
:1095200000001C400000E03F000024400000144008
:1095300052465B4640464946F7F766FFF8F7EAF8B9
:109540000546F6F7CFFF52465B46F7F733FE013785
:109550000B46024649464046F6F776FE05F13003D3
:10956000A74206F8013B00F02983AC4B0022F7F735
:1095700021FE0022002380468946F8F783F8002860
:10958000D6D0049D069C079B01330793B2460AE19F
:109590000C9A002A3DD0229A012A40F39C82089B13
:1095A00003F1FF380D9B4345C0F26D82A3EB080821
:1095B000089B002BC0F23C83069A1A440692099A33
:1095C00017461A4409920121204601F031FA064655
:1095D00023E00123BE1B0E93731E06937FF5A2ADFD
:1095E000C6F101030993002306939DE55846F6F75B
:1095F00079FF42464B46F8F745F800287FF47AADEC
:109600000BF1FF3B76E5864B0393039819B0BDE859
:10961000F08FDDF83480099F0C9E002F0CDD069939
:1096200000290B4608DD099AB942A8BF3B46D21A69
:10963000FF1ACB1A099206930D9BDBB10C9B002BF2
:1096400000F05D82B8F1000F0FDD31464246204642
:1096500001F0CAFA2A4601460646204601F016FAEB
:1096600029460546204601F0E1F80D9BB3EB0802C0
:1096700040F0D8820121204601F0DAF9BBF1000F59
:10968000814600F3B480229B012B40F386814FF08A
:10969000000A0120BBF1000F40F0B580069A10448B
:1096A00010F01F0000F09380C0F12003042B40F362
:1096B000D283099BC0F11C00034402440993074470
:1096C0000692099B002B05DD29461A46204601F02B
:1096D000EBFA0546069B002B05DD49461A46204657
:1096E00001F0E2FA81460E9B002B40F03681089B88
:1096F000002B40F31D810C9B002B40F0A080079BAA
:1097000001330793DDF80C80DDF820A0012707E086
:10971000294600230A22204601F092F80137054627
:1097200049462846FFF7C2FB574500F1300308F8C9
:10973000013BEDDB089A002AC8BF9346039AD8BFC5
:109740004FF0010B93440027294601222046049341
:1097500001F0AAFA4946054601F01EFB002840F335
:10976000A8811BF8013C039A0BF1FF3B04E05A452A
:1097700000F0AA811BF8013D392B0BF1010AF6D04C
:1097800001338BF800304946204601F04FF856B1BE
:109790002FB1B74203D03946204601F047F8314691
:1097A000204601F043F82946204601F03FF8002307
:1097B0008AF80030249B079A1A60269B002B3FF4FE
:1097C00042AC0398C3F800A019B0BDE8F08F1C208C
:1097D000099B03440993069B03440744069370E7DF
:1097E0000126B8E4C0F1200008FA00F04FE4014679
:1097F0005A46204601F0F8F9229B012B814640F39E
:10980000B3814FF0000AD9F8103009EB83031869CF
:1098100001F0C0F8C0F1200040E700BF0000244084
:1098200098F60008314600230A22204601F008F885
:10983000129B002B064640F3E782CDE90783002FF9
:1098400000F31A81BAF1000F40F0D581B046049BB5
:10985000039F089903F001027B1E1944229B0C927E
:10986000134309910A9349462846FFF71FFB3146E7
:109870008346284601F090FA4246494682462046F1
:1098800001F0AAFAC26801460BF13003002A42D166
:1098900006902846089301F07FFA06990490204626
:1098A00000F0C4FF049A089B1AB90A99002900F035
:1098B0009B82BAF1000FC0F2638122994AEA010A41
:1098C0000C9951EA0A0100F05B81002A00F3B4818F
:1098D000099A3B7007F1010A9742D34600F0B28122
:1098E000294600230A22204600F0AAFF46450546E5
:1098F00031464FF000034FF00A02204612D000F02C
:109900009FFF4146064600230A22204600F098FFAA
:1099100057468046A7E72046049300F087FF049B44
:109920000122C6E700F08CFF5746064680469AE7BC
:10993000229B022B79DC0C9B002B80D1079B494694
:10994000013328460793FFF7B1FADDF80CB000F1B8
:1099500030030BF8013B0027F6E64946284601F0A4
:109960001BFA0028BFF6C3AE294600230A22204670
:1099700000F066FF079B03F1FF380C9B0546002BA8
:109980007FF450AF129B002B40F335820893B9E669
:10999000AF4B03930333FFF7F9BBDDE90412002952
:1099A0007FF475AEC2F31303002B7FF470AEA94BA6
:1099B0001340002B00F0FE81099B01330993069BA5
:1099C000013306934FF0010A63E601230C93239BB6
:1099D000079A134412930133012B1F460893B8BF13
:1099E00001270021172F61647FF722AC0122042395
:1099F0005B0003F11400B842114602F10102F7D9ED
:109A0000616415E401230C93239B002B4CDD12931E
:109A100008931F46E5E700230C93D8E700230C9337
:109A2000F2E7129BCDF81C800893089B002B7FF473
:109A300046AD49460522204600F002FF0146814618
:109A4000284601F0A9F900287FF739AD0398079F50
:109A50003123804600F8013B0137039049462046F8
:109A600000F0E4FE7B1CDDF80CA00793CDF80C8021
:109A7000002E7FF494AE96E631463A46204601F039
:109A800013F90646DEE60D9BCDF83480A8EB030300
:109A90009B444FF000088BE5DDE90A234FF0020AF2
:109AA000CDE91023FFF7F1BB012323930893FFF7C0
:109AB000BBBB03D1049BDB073FF553AEDA461BF873
:109AC000013D302BFAD05EE6079B039A01330793E2
:109AD0003123137057E60F9A002A00F0268103F213
:109AE0003343069ADDF834801A440692099A1746E1
:109AF0001A44099267E54FF000094E46DFE4294613
:109B00000D9A204601F070F80546B3E50E9067E522
:109B100000F00F81079A504B564206F00F0203EBFC
:109B2000C203D3E90023DDE90A01F7F743FB36114D
:109B30008046894600F07181484F00234FF0020AA9
:109B4000F20706D5D7E90023F7F734FB0AF1010A3B
:109B50000123761007F10807F2D1002B3FF4B4ABD4
:109B600080468946FFF7B0BB049B002B7FF449AECB
:109B7000DDE90412C2F31303002B3FF418AF40E6F3
:109B8000002A12DD294601222046049301F08CF8B8
:109B90004946054601F000F90028049B40F318816E
:109BA000392B00F0F9800BF13103BA460AF8013B7A
:109BB000079B0133374607934646E4E50995069C23
:109BC000049D02460B46F6F741FB52465B46804633
:109BD0008946F7F77FFD60B952465B4640464946E5
:109BE000F7F750FD00283FF4CEAC099BD9077FF56D
:109BF000CAAC039A02E47168204600F0F1FD074602
:109C0000002800F00E81336902339A0006F10C013E
:109C10000C30F7F735FA39460122204601F044F8B6
:109C2000804614E62946204600F0DEFF054621E581
:109C3000DDE908239F1AC6E4392B00F0AD80BA464F
:109C40000133B3E7079A01323746079246467BE570
:109C5000ECF700080000F07F48F9000820F9000840
:109C6000DDF84CA0844901EBCA01DDE9102351E97C
:109C70000201F7F79FFACDE9100149464046F7F790
:109C800049FD0646F6F72EFC0B460246494640467D
:109C9000F6F7DAFA039F53463036012B07F8016BCB
:109CA0008046894600F0AE80139E039B1E44734B92
:109CB000002240464946F7F77DFA89468046F7F785
:109CC00029FD8246F6F70EFC0AF1300A02460B46E1
:109CD00040464946F6F7B8FA07F801ABB742804666
:109CE0008946E4D1664B0022DDE91001F6F7AEFAB1
:109CF00042464B46F7F7D0FC002864D1DDE910233B
:109D00005F490020F6F7A0FA42464B46F7F7E2FC1F
:109D100000283FF4ADABB246013E1AF8013C302BAF
:109D2000F9D0149B013307933DE5169BC3F136032D
:109D3000D7E6DDE90A894FF0020AFFF7C5BA089BAA
:109D4000002B3FF467AB129B002B7FF791AB079A78
:109D5000013ACDE913324046484B00224946F7F715
:109D600029FA804689460AF10100F6F7BBFB424614
:109D70004B46F7F71FFA434B0022F6F767FAA1F1BB
:109D80005073CDE910011193FFF7C1BA079B01335E
:109D900007933123FFF739BB079BBB46013307937A
:109DA000392337460BF8013B4646DCE44FF0000907
:109DB0004E464BE69A466CE4109D139C149B01336F
:109DC0000793B246EFE4149B039A0793FFF716BB81
:109DD0007FF4EBAEDA077FF5E8AEE1E6DDF854B0EC
:109DE000109D139CFFF744BB392BD5D0BAF1000F5F
:109DF0003FF7D9AED9E6229B022B3FF712AECDF842
:109E00001C809BE53E466DE7229B022B3FF709AE87
:109E1000129BCDF81C80089311E54FF0020AFFF762
:109E200053BA194B19483A4640F2EA2103F010F9A7
:109E3000002666643146204600F0D2FC039078B9D3
:109E4000114B124800224FF4D57103F001F9104B69
:109E50000393FFF7F8B83FF434ACC0F13C00B7E42B
:109E6000039B236401224FF0FF33239612930C923D
:109E70000893FFF7FDBA00BF48F90008000024402E
:109E80000000E03F00001C40FCF7000810F800084C
:109E9000F0F7000838B5084B084D5B1B9C1007D045
:109EA000043B1D44013C55F804399847002CF9D176
:109EB000BDE8384005F012BB88FC000884FC0008AF
:109EC000F8B5244F0C46064600F07EFCBA6855688B
:109ED000C4F57E630F3325F003052B4423F47F6321
:109EE00023F00F03A3F58054B4F5805F07DB002156
:109EF000304601F0D5FBBB682B44984204D0304675
:109F000000F068FC0020F8BD6142304601F0C8FB5B
:109F100001300DD0104ABB682D1B45F001055D6076
:109F2000136830461B1B136000F054FC0120F8BD81
:109F30000021304601F0B4FBBA68831A0F2BDEDD36
:109F400043F001035360054B03491B68C01A0860C6
:109F5000D5E700BFA8050020980D0020B00900201B
:109F6000002961D0F8B50C46064600F02DFC54F8E7
:109F7000042C7B4FA4F1080522F0010105EB010C34
:109F8000B868DCF80430604523F0030300F08B80F0
:109F9000D207CCF8043032D454F8082CAD1A11444E
:109FA000AA6807F1080082426AD00CEB0304D4F8D7
:109FB00004E0EC68D4601EF0010FA26000F097800E
:109FC00041F001036B60CCF80010B1F5007F35D291
:109FD0007A68CB0848090121013381401143796037
:109FE00007EBC30257F83310083AC5E9021247F8E5
:109FF0003350CD603046BDE8F84000F0EBBB0CEBD1
:10A0000003025268D00710D4194407F10800DCF8A5
:10A010000830834273D0DCF80C20DA60936041F0A2
:10A0200001036B606950D0E7704741F00103B1F55F
:10A03000007F44F8043CCCF80010C9D3B1F5206F80
:10A040004FEA512348D28B0903F1390003F138025A
:10A05000C300F818FB580838984259D05A6822F0C3
:10A0600003028A4202D99B689842F7D1D868C5E9B1
:10A0700002308560DD603046BDE8F84000F0AABBE4
:10A080000CEB03025268D20763D40B44DCE90212E2
:10A09000CA60916043F001026A603046EB50BDE84F
:10A0A000F84000F097BB0B44D10707D454F8082CB4
:10A0B000AD1A1344D5E90212CA60916043F001025F
:10A0C0006A60284ABD6012689A4293D8264B30468F
:10A0D0001968FFF7F5FE8DE7142B0AD9542B1FD80A
:10A0E0000B0B03F16F0003F16E02C300B1E71944DB
:10A0F0008DE703F15C0003F15B02C300A9E741F0C7
:10A100000103C7E90455C5E902006B60695071E7B6
:10A1100079689210012404FA02F20A437A60A6E7F1
:10A12000B3F5AA7F06D8CB0B03F1780003F17702D1
:10A13000C3008EE740F25452934206D88B0C03F1D1
:10A140007D0003F17C02C30083E74FF47E737E221F
:10A150007FE741F001036B60CCF800104AE700BFD5
:10A16000A8050020B4090020C80D0020002100F03F
:10A1700001B800BFFF289DBF024BC05C00F0080083
:10A1800000207047E9F60008014B93F8280170475A
:10A190003C040020004870472C050020704700BF99
:10A1A000704700BF704700BF704700BF38B50C460E
:10A1B000084D8446114620461A4600232B6064460B
:10A1C000F8F746F9431C00D038BD2B68002BFBD0B4
:10A1D000236038BDCC0D0020024B0146186800F00A
:10A1E0000BB800BF0C000020024B01461868FFF7B7
:10A1F000B7BE00BF0C0000202DE9F04F01F10B06A7
:10A20000162E83B0044624D8102900F2BA8000F03C
:10A21000DBFA102618220220B54F3A44A2F10801B9
:10A2200053688B4200F0BA805A68D96822F0030262
:10A230001A449D68E9608D60516841F00101204633
:10A24000516003F1080500F0C5FA284603B0BDE8E7
:10A25000F08F36F0070600F19480B14200F2918051
:10A2600000F0B2FAB6F5FC7FC0F09A81730A00F0F4
:10A270008F80042B00F26F81B30903F1390003F1E1
:10A28000380CC3009A4F3B44A3F108055B689D421C
:10A2900006D10CE0002980F22781DB689D4206D0C0
:10A2A0005A6822F00302911B0F29F3DD60463D69D5
:10A2B000DFF840C265457CD06A6822F00302931B38
:10A2C0000F2B00F37B81002BC7E904CC80F26C815B
:10A2D000B2F5007F80F01A81D308796801334FEA24
:10A2E000521E012202FA0EF20A4357F833E0C5F873
:10A2F00008E007EBC3010839E9607A6047F833509A
:10A30000CEF80C50831001219940914257D8114248
:10A3100006D120F003004900114200F10400FAD0F8
:10A3200007EBC0094D468646D5F80C80454508D157
:10A330001DE1002B80F22481D8F80C80454500F007
:10A340001681D8F8042022F00302931B0F2BF0DDB6
:10A350002046D8E9025408EB060146F00106C8F889
:10A360000460EC60A56043F00104C7E90411C1E991
:10A3700002CC4C6048F8023000F02CFA08F10805D5
:10A3800002E00C2323600025284603B0BDE8F08FCF
:10A390004FF4007340204FF03F0C73E7D3689A42AC
:10A3A00008BF02307FF440AF3D69DFF848C1654522
:10A3B00082D17A688310012199409142A7D9BD6862
:10A3C0006B6823F003094E4503D8A9EB06030F2B56
:10A3D0007ADCDFF824B1494BDBF800201B6801323E
:10A3E000334405EB090A00F0338103F580530F3342
:10A3F00023F47F6828F00F084146204601F050F909
:10A40000411C024600F0F380824500F2EE803C4B96
:10A41000196841441960084600F04E81DBF80010CD
:10A42000019301311BBFA2EB0A0A5044CBF8002074
:10A43000186012F0070B00F01781CBF108010A44F5
:10A44000CBF5805190440831A1EB0801C1F30B0A10
:10A4500051462046009201F023F9421CDDE9002319
:10A4600000F04F81801A00EB0A081968BA6048F0C2
:10A4700001005144BD425060196000F02981B9F1DA
:10A480000F0F40F227816868A9F10C0C2CF0070C23
:10A4900000F0010040EA0C0068604FF0050E05EB8B
:10A4A0000C00BCF10F0FC0E901EE00F232815068E0
:10A4B0001546144B1A688A4238BF1960124B1A6845
:10A4C0008A4238BF196094E0AA1943F0010346F0AC
:10A4D00001066E602046BA60536000F07BF90835D3
:10A4E000284603B0BDE8F08FD9681A44A1E600BF42
:10A4F000A8050020B0050020B0090020C80D0020EC
:10A50000980D0020C00D0020C40D0020B2F5206F72
:10A510004FEA522363D3142B00F2B78003F15C019E
:10A52000C9005B3307EB010E7958AEF1080E8E457A
:10A5300000F091804B6823F00303934202D98968AD
:10A540008E45F7D1D1F80CE07A68C5E9021ECEF845
:10A550000850CD60D6E6142B59D9542B00F29D80BB
:10A56000330B03F16F0003F16E0CC3008AE60EF1AA
:10A57000010E1EF0030F05F108057FF4D5AE51E082
:10A58000424445465368D8F80C1043F00103536029
:10A5900055F8083F2046D9608B6000F01BF9F3E6C0
:10A5A000F00806F1080237E62A442046536843F0D3
:10A5B00001035360083500F00DF9E5E6A9192046BE
:10A5C00046F0010643F001046E60C7E90411C1E9D9
:10A5D00002CC4C60AB5000F0FDF80835D4E693098E
:10A5E00003F13901C90038339CE7BD425FD0BD6833
:10A5F000686820F003084645A8EB060302D80F2B35
:10A600003FF762AF204600F0E5F80025BCE603F115
:10A610005C0003F15B0CC30034E659F808394B4584
:10A6200040F0968010F0030F00F1FF30F5D17B6809
:10A6300023EA01037B60490099423FF6C0AE19B995
:10A64000BDE649000EF1040E1942FAD0704667E6E5
:10A6500003F11008D0E69A104FF001087B6808FA61
:10A6600002F21A437A6070E702EB08014942C1F333
:10A670000B0A51462046009201F012F8431CDDE916
:10A6800000237FF4EFAEDA46EFE6542B25D8130B08
:10A6900003F16F01C9006E3344E7B3F5AA7F25D8F3
:10A6A000F30B03F1780003F1770CC300EAE5294BC3
:10A6B000186840441860B1E6CAF30B0CBCF1000FF7
:10A6C0007FF4ACAEBD68C84448F001006860F0E6B5
:10A6D0001546EEE60123536094E7B3F5AA7F23D82D
:10A6E000D30B03F17801C90077331BE740F25452D2
:10A6F000934223D8B30C03F17D0003F17C0CC3001B
:10A70000C0E5ABF1080BD844A8EB02084FF0000AF3
:10A71000ABE605F1080120460093FFF721FCBD6878
:10A72000009B68681968C4E640F254518B420BD80C
:10A73000930C03F17D01C9007C33F3E64FF47E7383
:10A740007F204FF07E0C9DE54FF47E717E23E9E67D
:10A750007B6870E7980D002070B582B00546069CB6
:10A7600042B10C4E0094D6F8E460B047431C0BD0C5
:10A7700002B070BD074B0094D3F8E460114601238A
:10A78000054AB047431CF3D100228A2322602B6084
:10A7900002B070BD3C04002018F6000882B049B138
:10A7A0005AB16BB113780B601278101E18BF0120DC
:10A7B00002B0704701A9002AF3D1104602B07047D9
:10A7C0006FF00100F4E700BF0148FFF7EBBC00BFEA
:10A7D0008C0D00200148FFF7E7BC00BF8C0D002066
:10A7E000C36C70B505460C464BB153F8240080B1DC
:10A7F000026843F824200023C0E9033370BD2122FE
:10A80000042102F045FC0346E8640028EDD1002055
:10A8100070BD012101FA04F6721D9200284602F073
:10A8200037FC0028F3D0C0E90146E4E731B1C36C3E
:10A830004A6853F82200086043F82210704700BFAE
:10A840002DE9F0410D6907460E461C4601F1140E34
:10A850000020DEF800108BB202FB03434FEA134CDA
:10A86000090C02FB01CC01309BB203EB0C43854287
:10A870004EF8043B4FEA1C44EBDC3CB1B368AB42FE
:10A8800007DD06EB850301355C6135613046BDE8C7
:10A89000F081716838460131FFF7A2FF8046A8B108
:10A8A0003269023206F10C0192000C30F6F7E8FB37
:10A8B000FB6C726853F82210316043F82260464600
:10A8C00006EB850301355C613561DFE7024B034828
:10A8D0004246B52102F0BCFBFCF70008A0F80008D6
:10A8E0002DE9F8430C4628491E46174603F1080295
:10A8F00081FB0231092E4FEAE2730546C3EB610387
:10A9000039DD4FF0010C00214FEA4C0C634501F199
:10A910000101F9DC2846FFF763FF014668B3089B95
:10A920004361092F4FF00103036112DC0A34092748
:10A93000BE420BDDF61B264414F8013B0A22303BD5
:10A940002846FFF77DFFA6420146F5D10846BDE83F
:10A95000F88304F10909C8463C4418F8013B0A226F
:10A96000303B2846FFF76CFFA0450146F5D1A7F123
:10A9700008044C44DCE70021CCE70A46034B0448BA
:10A98000CE2102F065FB00BF398EE338FCF70008EA
:10A99000A0F80008020C12040346CAB903041020F0
:10A9A00013F07F4F04BF1B02083013F0704F04BF39
:10A9B0001B01043013F0404F04BF9B000230002BFA
:10A9C00005DB13F0804F00F1010008BF2020704725
:10A9D0000020E5E70368024613F0070007D0D90717
:10A9E0001DD498071FD55B0813600120704799B2EA
:10A9F00009B91B0C1020D9B209B908301B0A190774
:10AA000004BF1B090430990704BF9B080230D90713
:10AA100003D45B0800F1010003D0136070470020ED
:10AA20007047202070479B0813600220704700BFCA
:10AA300038B5C36C04460D464BB15868B0B10268D6
:10AA40005A6000220123C0E90435C26038BD2122CA
:10AA5000042102F01DFB0346E0640028EDD1094B00
:10AA6000094800224FF4A07102F0F2FA1C220121E1
:10AA7000204602F00DFB0028F1D001220223C0E99C
:10AA80000123DEE7FCF70008A0F800082DE9F04FED
:10AA90000E691569AE4285B08846144605DB2A4624
:10AAA000234635460C4616469846A3686168AF199A
:10AAB000BB42B8BF0131FFF793FE0190002800F0C0
:10AAC0008780019B03F1140909EB870AD14505D260
:10AAD0004B46002243F8042B9A45FBD808F1140892
:10AAE00008EB860B04F11403D8451A4603EB8505E1
:10AAF0005FD22B1B153B23F0030304331534A5420F
:10AB000038BF0423CDE902A7AC461F46924605E0B4
:10AB1000000C29D1C34509F1040948D958F8040BA0
:10AB200085B2002DF4D056464C46002356F8040B4F
:10AB3000216882B21FFA81FE05FB02EE000C0A0CAE
:10AB4000734405FB002202EB13429BB243EA02432B
:10AB5000B44544F8043B4FEA1243E7D849F80730BC
:10AB600058F8040C000CD5D0D9F8003054461946DA
:10AB70004D4600222688090C00FB06110A449BB2B0
:10AB800043EA024345F8043B54F8046B2968360C49
:10AB90008BB200FB063303EB1243A4454FEA13428A
:10ABA000E8D8C34549F8073009F10409B6D8DDE90A
:10ABB00002A7002F02DC05E0013F03D05AF8043D54
:10ABC000002BF9D0019B18461F6105B0BDE8F08F3E
:10ABD000034B0448019A40F25D1102F039FA00BFBC
:10ABE000FCF70008A0F8000812F003032DE9F0417B
:10ABF0001446064632D10D46A41020D0D6F848801F
:10AC0000B8F1000F33D0E3074FF0000707D464100A
:10AC100015D0D8F80000A8B18046E307F7D5424622
:10AC200029463046FFF732FFB5B16968F36C64100E
:10AC300053F821202A6043F821500546E9D12846DF
:10AC4000BDE8F081424641463046FFF71FFFC8F895
:10AC5000000007608046E0E70546D8E7013B0F4A61
:10AC600052F823200023FFF7EBFD0546C4E701213E
:10AC70003046FFF7B5FD804640B1012340F2712216
:10AC8000C0E904320023B0640360BCE7044B05480C
:10AC900042464FF4A07102F0DBF900BF10FA000841
:10ACA000FCF70008A0F800082DE9F0470C46904694
:10ACB0002669A368496806EB6216751C9D42074623
:10ACC0004FEA621904DD5B009D4201F10101FADCEB
:10ACD0003846FFF785FD8446002851D0B9F1000FB2
:10ACE00000F114000EDD09F105024FEA820E034661
:10ACF0000CEB8202002143F8041B9342FBD1AEF11E
:10AD000014031844216904F1140318F01F0803EB1D
:10AD100081012DD0C8F1200986464FF0000A1A683B
:10AD200002FA08F242EA0A024EF8042B53F8042B06
:10AD3000994222FA09FAF2D80B1B153B23F00303C0
:10AD4000043304F11502914238BF0423BAF1000F15
:10AD500018BF2E4640F803A0FB6C6268CCF8106068
:10AD600053F822102160604643F82240BDE8F08786
:10AD7000043853F8042B40F8042F9942F9D8EBE734
:10AD8000034B0448624640F2D91102F061F900BF5A
:10AD9000FCF70008A0F800080B6984460069C01A97
:10ADA00015D10CF1140C14310CEB830210B401EB2F
:10ADB000830301E0944508D252F8044D53F8041D72
:10ADC0008C42F7D004D24FF0FF3010BC7047704770
:10ADD000012010BC704700BF2DE9F84F0F691369BF
:10ADE000FF1A002F0E4690467AD101F11405143255
:10ADF00002EB830205EB830301E09D4273D253F81B
:10AE0000041D52F8044DA142F7D064D37168FFF7D6
:10AE1000E7FC8146002872D03569D8F81020C76059
:10AE200008F1140E06F1140009F1140A06F1100CD1
:10AE30000EEB820200EB8507564600215EF8044BBC
:10AE40005CF804BFA3B211FA8BF1CB1A210CC1EB51
:10AE50001B4101EB23419BB243EA0143724546F893
:10AE6000043B4FEA2141E9D8A2EB0804153C08F164
:10AE70001508424524F0030606F1040638BF0426EF
:10AE8000304424F0030238BF002287425244B244C7
:10AE900016D95646044654F8043B11FA83F10A14B5
:10AEA00002EB134289B241EA0243A74246F8043B4F
:10AEB0004FEA2241EFD87A1E101A20F003025244C2
:10AEC00023B952F8043D013D002BFAD0C9F81050C7
:10AED0004846BDE8F88F334601274646984695E731
:10AEE000F9DB002792E70021FFF77AFC814668B181
:10AEF00001220023C9E904234846BDE8F88F074B27
:10AF000007484A464FF4107102F0A2F8034B044878
:10AF10004A4640F2322102F09BF800BFFCF70008DD
:10AF2000A0F800080F4B0B40A3F15073002B02DD7B
:10AF30000020194670475B42B3F1A07F4FEA2352CD
:10AF400005DA4FF40023002043FA02F17047143A67
:10AF50001E2ADABF4FF0004323FA02F20122002139
:10AF6000104670470000F07F2DE9F843066900F1B4
:10AF7000140808EB8606A6F1040956F8047C384646
:10AF8000FFF708FDC0F120030A280B6036DDC84535
:10AF90001ED2B0F10B0356F8082C26D0C3F1200CBA
:10AFA00022FA0CF19F400F43A6F1080147F07F55AC
:10AFB000884545F440153AD202FA03F056F80C3CA5
:10AFC00023FA0CF303431C4620462946BDE8F883C8
:10AFD000B0F10B0308D007FA03F343F07F550023C9
:10AFE00045F440151C46EFE71A4647F07F5545F4F7
:10AFF0004015144620462946BDE8F883C0F10B03EE
:10B0000027FA03F2C84542F07F553CBF56F8082C9A
:10B01000DA4000F1150328BF002207FA03F345F4D4
:10B02000401543EA020420462946BDE8F88302FAA7
:10B0300003F31C46C8E700BF70B5012182B0164675
:10B040001D46FFF7CDFB044600284BD02B46C5F329
:10B050000A55C3F313030DB143F48013002E01937B
:10B0600022D068460096FFF7B5FC002836D0019B39
:10B070000099C0F1200203FA02F20A43C34001938F
:10B080006261002B14BF02210121A3612161ADB1D6
:10B09000069AA5F2334303441360079BC0F13500C1
:10B0A0001860204602B070BD01A8FFF793FC019B19
:10B0B0000121C4E904132030002DE9D104EB810201
:10B0C000A0F232431069069A1360FFF763FC079BF6
:10B0D000C0EB41112046196002B070BDDDE90023CC
:10B0E0006261CEE7034B0448224640F20A3101F088
:10B0F000AFFF00BFFCF70008A0F800082DE9F043FF
:10B1000083B00F4669468046FFF72EFF04460D4682
:10B11000384601A9FFF728FFD8F810303A690F46E2
:10B120009A1ADDE90013CB1A03EB4213002B0646F3
:10B130000BDD05EB03594D4632463B46204629467A
:10B14000F6F762F903B0BDE8F083C3EB033307EB16
:10B1500003510F46F0E700BF0139491101F1010C1D
:10B16000116902F1140303EB81018B4200EB8C0C9B
:10B1700016D210B5A0F1040E53F8044B4EF8044F4C
:10B180009942F9D88B1A153B23F003030433184472
:10B19000844504D9002340F8043B8445FBD810BD06
:10B1A000844505D9002340F8043B8445FBD870470B
:10B1B000704700BF03694A11934200F1140009DA95
:10B1C00000EB830302E053F8042DC2B98342FAD89E
:10B1D0000020704710DD11F01F010DD010B450F8A1
:10B1E000224000EB820324FA01F202FA01F18C42C0
:10B1F0000BD0012010BC704700EB8203E6E7012072
:10B20000704753F8042D002AF3D18342F9D8002067
:10B2100010BC704738B50C46084D84461146204690
:10B220001A4600232B606446F7F7EAF8431C00D067
:10B2300038BD2B68002BFBD0236038BDCC0D00201F
:10B2400010B4044C03460A46206810BC194600F0AE
:10B2500003B800BF0C0000202DE9F84F1746002965
:10B2600000F0988007F10B0580460C46FFF7ACFA1A
:10B27000162D5DD810252A46AF425ED854F8041C1E
:10B2800021F003069642A4F1080962DABC4BD3F818
:10B2900008C009EB0600844500F09780D0F804C090
:10B2A0002CF0010303445B68DB0768D42CF0030C2B
:10B2B00006EB0C03934247DACB0710D454F8083C52
:10B2C000A9EB030ADAF8043023F003018C44B444F8
:10B2D000944580F211817318934280F2E8803946D8
:10B2E0004046FEF789FF0746E0B154F8043C23F0DE
:10B2F00001034B44A0F10802934200F0D280321FB8
:10B30000242A00F2F580132A00F2AC80034622467C
:10B31000116819605168596092689A6021464046E8
:10B32000FEF71EFE4046FFF755FA3846BDE8F88F97
:10B3300025F00705002D2A469EDA0C23C8F80030B8
:10B3400000273846BDE8F88F1E46D0E90223D360B7
:10B350009A60731B0F2B22D8D9F8043003F0010335
:10B3600033434E44C9F80430736843F001037360FB
:10B3700040462746FFF72EFA3846BDE8F88FC90742
:10B38000ADD454F8083CA9EB030ADAF8041021F014
:10B390000301A0E7BDE8F84F1146FEF72DBFD9F82D
:10B3A000041001F001012943C9F8041009EB05015B
:10B3B0004E4443F001034B60736843F001030831CE
:10B3C00073604046FEF7CCFDD2E7DCF8040020F0C5
:10B3D000030B06EB0B0C05F1100084454DDAC90791
:10B3E0003FF57DAF54F8081CA9EB010ADAF8041008
:10B3F00021F003018B44B34458453FF76CAF5746E7
:10B40000DAF80C1057F8080F321F242AC160886040
:10B4100000F2DB80132A40F2D6802168CAF80810B7
:10B420006168CAF80C101B2A00F2DF8008340AF1A8
:10B4300010022168116061685160A16891600AEB97
:10B440000501ABEB050242F0010299604A60DAF8AF
:10B45000043003F001031D434046CAF80450FFF7CF
:10B46000B9F96EE723680360636843601B2A68D8F4
:10B4700004F1080200F108034AE709EB05029A60AB
:10B48000ACEB050343F00103536054F8043C03F0B4
:10B4900001031D43404644F8045CFFF79BF927462F
:10B4A0004FE750F8043C23F003031E4451E757468E
:10B4B000DAF80C1057F8080F321F242AC160886090
:10B4C0004CD8132A48D92168CAF808106168CAF80C
:10B4D0000C101B2A56D808340AF110021E462368A5
:10B4E000136063685360A3689360D1463C4630E7BD
:10B4F000214602F0B7FB11E7D0E902135746CB60B3
:10B50000996057F8081FDAF80C30CB60321F242AF4
:10B5100099602DD8132A29D92368CAF8083063689E
:10B52000CAF80C301B2A42D808340AF110032268EA
:10B530001A6062685A60A2689A606646D1463C46C4
:10B5400007E7A3688360E368C360242A26D004F178
:10B55000100200F11003DBE63A46BFE72146384609
:10B560001E46D14602F07EFB3C46F2E63B46DEE755
:10B57000214638466646D14602F074FB3C46E8E672
:10B58000A8050020A168CAF81010E168CAF81410D4
:10B59000242A20D010340AF118029FE7236903619E
:10B5A0006169416104F1180200F11803B0E6A36873
:10B5B000CAF81030E368CAF81430242A21D01034B5
:10B5C0000AF11803B3E73A4633E72146384602F05A
:10B5D00049FB164B33E72269CAF818206269CAF89A
:10B5E0001C2018340AF1200278E7A168CAF810106C
:10B5F000E168CAF81410242A0DD010340AF1180298
:10B6000017E72369CAF818306369CAF81C30183480
:10B610000AF120038BE72269CAF818206269CAF888
:10B620001C2018340AF1200203E700BFA8050020FF
:10B63000DFF860C0F8B521F00043002763450446F9
:10B640000D461646176022DC844653EA0C0C1ED0C9
:10B65000DFF844C001EA0C0C0A46BCF1000F09D126
:10B660000E4B0022F5F7A6FD6FF0350704460A469B
:10B6700021F0004322F0FF421B1522F4E002A3F266
:10B68000FE3342F07F553B4445F4001533602046BD
:10B690002946F8BDFFFFEF7F0000F07F0000504318
:10B6A00038B5074D0022044608462A60F6F7D2FE58
:10B6B000431C00D038BD2B68002BFBD0236038BD65
:10B6C000CC0D0020F0B50D785E2D044621D000226F
:10B6D00001F1010C9646631E04F1FF0103F8012FEE
:10B6E0008B42FBD195B18EF00102E64362550CF11D
:10B6F000010E1EF8013C2D2B704610D05D2B04D09E
:10B7000013B11D46F446F1E76046F0BD0CF1FF3081
:10B71000F0BD01224D7801F1020C9646DBE79CF862
:10B7200001005D28EDD08542EBDC6F1C0CF1020CB2
:10B73000E31903F8012BF1188842FADC431B013BA3
:10B740008542A8BF00230EF1020EDD19D1E700BF2C
:10B75000004870470000C07F0EB410B59DB06FF078
:10B7600000411FABCDE906010491094953F8042BB0
:10B770000290084C0868019302A90594FAF7BAFAF6
:10B78000029B00221A701DB0BDE8104003B0704744
:10B790000C0000200802FFFF30B540EA0104A307B7
:10B7A00001D1032A0FD8844601F1FF3E07E01EF8BD
:10B7B000011F03F8011B541EC1B19C46224663467B
:10B7C000002AF4D130BD0B468446194653F8045B79
:10B7D000A5F1013424EA050414F0803FE4D1043AD1
:10B7E000032A4CF8045B1946EFD8DDE76244002CCD
:10B7F000E8D003F8011B9342FBD130BD00000000EC
:10B800002DE9F04F1C46984B1B68A1B000258146DE
:10B810001846884608921C950493F5F771FB0021A1
:10B8200083460020CDE90601CDF86C8042461746DC
:10B8300012F8013B2D2B2FD8DFE813F0A1002E00CA
:10B840002E002E002E002E002E002E002E00AF0007
:10B85000AF00AF00AF00AF002E002E002E002E0074
:10B860002E002E002E002E002E002E002E002E0068
:10B870002E002E002E002E002E002E00AF002E00D7
:10B880002E002E002E002E002E002E002E002E0048
:10B890002E0006042E00FC0300220A92302B7ED0DC
:10B8A000002209922F2B1C4640F233854FF0000AEC
:10B8B00038465646554612E00130082D1B90C8BF49
:10B8C0000AEB8A0A0478C6BF03EB4A03A3F1300AE5
:10B8D000A2F130062F2C05F10105234670DD06EBA1
:10B8E0008602392C03EB4202E6DD04995A4602F047
:10B8F0003BFA0346002835D11B9A11465A441B9245
:10B9000011F80B40002D40F0AC85302C40F06485E0
:10B91000C2F10101531801321B921478302CF9D076
:10B92000A4F13102082A00F23883A4F1300E1B9CE6
:10B9300003F1010B002301252746049306EB86063D
:10B940000EEB46060023621C1B926478A4F13001C2
:10B95000092900F2ED8201338E46002940F0B884B7
:10B960001B9CF0E70023652C04959B469E4601D066
:10B97000452C32D1002D7CD1099A1A4378D1089BED
:10B9800013B1089BC3F800804FF0000BCDF810B046
:10B990000499584621B0BDE8F08F1B9247E77B78A9
:10B9A00003F0DF03582B00F0748401371B973B78BA
:10B9B000302BFAD0002B00F0CC800122099271E7E5
:10B9C00004995A4602F0D0F90346002800F0D680C8
:10B9D00004954FF0000B5B46DE4600220B92002DD3
:10B9E00000F09380049A1346002A08BF2B46304685
:10B9F0000493F4F767FD0B460246CDE906230B9B43
:10BA0000102DA3EB0B032C46A8BF1024092D0E9379
:10BA100013DD164B03EBC40353E91223F5F7CAFBFE
:10BA2000CDE906015046F4F74DFD02460B46DDE92F
:10BA30000601F4F70BFCCDE906010F2D00F3A780FA
:10BA40000E9B002B00F018840E9B40F39283162B64
:10BA500040F3F9840E9AC5F12503934280F20C85D8
:10BA60000E9B2C1B1C4498E048FC000848F9000879
:10BA70000025DDF86C8008F101021B9298F8014066
:10BA80002B2C00F087822D2C00F0218200220E92B8
:10BA9000A4F13002092A00F21582302C05D11B9A3C
:10BAA00001321B921478302CFAD0A4F13102082A0A
:10BAB00093D81B990B914A1C1B92A4F130004C782F
:10BAC0002F2C09DC00F034BC01321B929CF80140A1
:10BAD0002F2CA1F1300006DD00EB8001392C9446BB
:10BAE00004EB4101F0DD0B99521A082A40F320843F
:10BAF00044F61F620B920E9A002A3FF470AF0B9A25
:10BB000052420B92002D7FF46DAF099A134320D15E
:10BB1000BEF1000F7FF433AF692C00F03B8400F3DB
:10BB20004183492C00F036844E2C7FF428AFAC4979
:10BB30001BA801F0A7FF00283FF421AF1B9B1B7837
:10BB4000282B00F06D85A74802F008F98346049180
:10BB500003E04FF0000BCDF810B0089A0AB11B9B20
:10BB600013600A9B002B3FF413AF049901F10043CB
:10BB700004930499584621B0BDE8F08F1B9A0495B0
:10BB800002EB0B011B9112F80B409B46DEE60E9B6D
:10BB90002C1B1C44002C40F30A8314F00F000AD025
:10BBA000914901EBC001DDE90623D1E90001F5F778
:10BBB00001FBCDE9060134F00F0340F08B82002336
:10BBC0000993049A00962B4639464846FEF788FEAC
:10BBD0001390002800F055830B9BABEB03000E9BEA
:10BBE000002BB4BF024600220F9223EAE373002227
:10BBF000934612939046139C48466168FEF7F0FD09
:10BC00000746002800F0418122690232920004F1C7
:10BC10000C010C30F5F734FADDE9060104910B460E
:10BC20001EA901911DA90B90024600914846FFF7FD
:10BC300003FA1C90002800F0188101214846FEF705
:10BC4000F7FE8046002800F020811D9B002BC0F2EB
:10BC50000F810F9A129D9E18099A1E9C9B1A2344CD
:10BC6000624A013B9342C4F1360480F2AE80D21A9C
:10BC70001F2AA4EB020400F31D814FF0010A0023E8
:10BC80000AFA02FA0C93099B25443444A6421D4447
:10BC90003346A8BF2346AB42A8BF2B46002B02DD8C
:10BCA000E41AED1AF61A0F9B002B00F3BE80002C4D
:10BCB00000F3D2800E9B002B00F3DE80002D00F3FA
:10BCC000EF80002E08DD414632464846FEF7ECFF85
:10BCD0008046002800F0D9801C993A464846FFF774
:10BCE0007BF88346002800F0D0800026C368C66039
:10BCF00041461093FFF750F8B042C0F2638400F061
:10BD0000D28341465846FFF7F9F900224FF08043AD
:10BD100004460D46F5F7CAFC00286FD0109B002B97
:10BD200000F0E180079B1193314B314C0022CDE9AB
:10BD30000C2335462F4E119A2F4B02EA060A9A45DC
:10BD400000F0FC80099B93B1BAF1D46F0FD822A305
:10BD5000D3E9002328462146F5F7A8FC002840F047
:10BD600087810D9B03F1D663A3EB0A030D93049E19
:10BD70000B98DDE90C233146CDE90423FFF7D2F817
:10BD800002460B46DDE90401F5F714FA33460B9A37
:10BD9000F4F75CFACDE906010E46099B23B9154B71
:10BDA00033409A4500F002811C994846FEF73EFD5B
:10BDB00039464846FEF73AFD41464846FEF736FD0D
:10BDC00059464846FEF732FD15E700230C934FF025
:10BDD000010A58E7AFF300800000C0FFFFFFDF411A
:10BDE00028FA000818F6000848F9000802FCFFFFCE
:10BDF0000000F03F0000F07F0000E07FAE4B2046E7
:10BE000029460022F5F7D6F9109B024605460C4656
:10BE1000002B64D101F1004314901593079B1193FB
:10BE2000DDE91423CDE90C2384E741461A46484650
:10BE3000FEF7DAFE804640B301461C9A4846FEF7FC
:10BE400025FE10B310901C994846FEF7EFFC109B9E
:10BE50001C93002C7FF72EAF1C9922464846FEF714
:10BE600023FF1C9000287FF425AFBA465E460FE002
:10BE7000129A0F9ED51AEFE63946129A4846FEF7F7
:10BE8000B3FE074600287FF419AFBA465E461C98F9
:10BE90002223C9F80030894B04934FF0000BB4E023
:10BEA00039462A464846FEF7FFFE074600287FF43B
:10BEB00008AFEAE7824A4FF0010AD31A0AFA03F3FD
:10BEC0000C93E0E60022CDF86C800B9287E501220E
:10BED0000E9208F102021B9298F80240D8E50B4638
:10BEE000CDE914239AE7DDE90612002940F0AF807E
:10BEF000C2F313031192002B40F0AF80714B00226C
:10BF000020462946F5F7C8FB002840F0AE826A4B70
:10BF1000204629460022F5F74DF901F10043054678
:10BF20000C4618901993DDE91823CDE90C2301E79D
:10BF3000652C4FF0010E3FF49CAD19E5A2F154734E
:10BF40000793DDE90623DDE90C01CDE90601104682
:10BF50001946CDE90C23FEF7E5FF02460B46DDE965
:10BF60000601F5F727F9DDE90C23F4F76FF9564AD6
:10BF70000E409642CDE9060176D9049A534B9A4277
:10BF800002D10B9B013380D0504A4FF0FF33CDE9F3
:10BF9000063209E700220E929BE7652C00F0FB8039
:10BFA000452C00F0F8804FF0010EAEE52846214602
:10BFB000F5F748FCF4F7D2FA0B460246214628462C
:10BFC000F4F742F9109C069DC6F3130644EA050CEB
:10BFD0005CEA060304460D4600F0C28032A3D3E9B2
:10BFE0000023F5F759FB48B931A3D3E900232046D4
:10BFF0002946F5F76FFB00283FF4D6AEDDE906349D
:10C000001C9804945E46BA469B4601464846FEF795
:10C010000DFC51464846FEF709FC41464846FEF7EE
:10C0200005FC13994846FEF701FC31464846FEF7E9
:10C03000FDFB92E501230A937A1C1B927B78002B6F
:10C040003FF49DAC174629E400230A93F4E7DDE9A9
:10C050000612012900F0748111921D4B194C002227
:10C06000CDE90C23002565E601F15476079694E6A8
:10C0700021462846F5F776FB012838BF0120F4F762
:10C0800021FA109B024605460C46002B40F06981C0
:10C0900001F1004316901793DDE91623CDE90C2337
:10C0A0005FE600BFAFF300809535A094FFFFDF3F50
:10C0B00035E5AF350000E03F0000E03F0000F07FD5
:10C0C000E2FBFFFF0000F03FFFFF9F7CFFFFEF7FE1
:10C0D0000000F0BFB3F59A7F00F3D380102B4FEA36
:10C0E0002314A54B40F3C682DDE906019846099367
:10C0F00000239A4614F0010F0AF1010A4FEA640482
:10C1000004D0D8E90023F5F755F80123012C08F1F4
:10C110000808EFD10BB1CDE90601099B03EBCA0179
:10C12000079BA3F154730793DDE90623D1E90001CE
:10C13000F5F740F8914BCDE906010B400A469049CE
:10C140008B4200F29E80A1F580118B4240F21C824E
:10C150008C494FF0FF33CDE906310023099330E5D8
:10C1600083A3D3E90023F5F797FA00283FF41CAE28
:10C1700044E71633FFF60BAD0B9BABEB0302824B90
:10C1800003EBC203DDE90601D3E90023F5F73CF92F
:10C1900083460491E1E40022049293464FF0010E9D
:10C1A000FFF7EABB6E2C3FF4C2ACFFF7E8BB3FF4ED
:10C1B00006AD644214F00F020AD0734B03EBC203C6
:10C1C000DDE90601D3E90023F5F71EF9CDE9060103
:10C1D00024113FF4F4AC1F2C35DC14F01003DDE91E
:10C1E000060118BF6A23DFF8A48109930023E20740
:10C1F00004D5D8E90023F4F7DDFF0123641008F12A
:10C200000808F4D10BB1CDE90601099B93B1DDE932
:10C210000601C1F30A52C2F16B03002B0ADD1F2B8A
:10C2200040F350820020342B069040F356824FF0AA
:10C230005C730793DDE9060100220023F5F722FA7B
:10C2400000283FF4BEAC22234FF0000BC9F80030A9
:10C25000CDF810B081E41E9B06931D9B03F2334280
:10C260001F9B23F4801343EA02530793200742BF26
:10C27000079B43F000430793DDE906349B46049493
:10C280006BE43E4A04922223C9F800304FF0000BC1
:10C2900063E40A9B01931CAB029400933C4A1DABE0
:10C2A0001BA9484601F010F910F0070504463FF4B9
:10C2B00050AC062D40F09380089B0137002B3FF4D3
:10C2C00063AB4FF0000B1F60CDF810B0FFF760BB01
:10C2D0006A1C012B1B9C9B44104615D02B4403F178
:10C2E000FF3C03E0460094450DD001322B46082B5D
:10C2F000154606EB8600F5D9102ADCBF0AEB8A0A40
:10C300004FEA4A0AEFE7981C082D5BDC0546FFF769
:10C3100015BB04995A46384601F026FD002800F066
:10C32000888000231D4604939A461E46FFF751BBA2
:10C3300044F61F629042A8BF10460B90FFF7DBBB8C
:10C34000DDE906341194002C7FF487AEBA465E46D0
:10C3500022234FF0000B1C98C9F80030CDF810B024
:10C3600053E60B46CDE9162396E600BFAFF30080F7
:10C370009535A094FFFFCF3F20F900080000F07F23
:10C380000000A07CFFFFEF7F48F9000858FA000882
:10C390002CFA0008AD491BA801F074FB00283FF4FB
:10C3A000EEAA1B9BAA49013B1BA81B9301F06AFB49
:10C3B00010B91B9B01331B93A64B04934FF0000B4A
:10C3C000FFF7CBBB1028DCBF0AEB8A0A01EB4A0A55
:10C3D00005460023FFF7B7BA0023FFF7A1BA1C9A5E
:10C3E0003AB135211EA8FEF7B7FE1C994846FEF764
:10C3F0001DFA013D042D3FF639AF01A353F825F096
:10C4000057C2000829C4000823C4000815C4000846
:10C4100057C200084FF0FF336FF00045CDE90635F5
:10C4200024E78C4B079321E71E9B06931F9B0793E2
:10C430001CE71B9A13465A441B9213F80B400646FE
:10C440008246FFF762BA0E98834901EBC001DDE92D
:10C450000623D1E90001F4F7ADFE83460491FFF70E
:10C460007CBB04958346FFF771BA7C4B7C4C109DD6
:10C470000022CDE9182356E5774CC5F10F0504EBF2
:10C48000C501DDE90623D1E90001F4F793FE0E9B17
:10C490005D1B04EBC504D4E90023F4F78BFE83464F
:10C4A0000491FFF75ABB109B5E46D446BA46DDE9BD
:10C4B0000BB7002B6FD0DDE906456A4BC5F31301BE
:10C4C00099422A463CD0002F00F0A380DDE90623E4
:10C4D0001F421C4621D0109B04995846002B00F0A7
:10C4E000CD80FEF71FFD099D02460B467DB1C4F3CA
:10C4F0000A54C4F16B04002C09DD240504F17F53B8
:10C50000002203F54013F4F755FE02460B4604994A
:10C510005846F3F79BFE83460491099B73B1049937
:10C52000514B58460022F4F745FE03460B4308BF23
:10C5300022238346049108BFC9F800301C9864E5A3
:10C54000099B0699002B00F0C580424B2B40B3F1AC
:10C55000D46F00F2BF801B0DC3F16B034FF0FF30AF
:10C5600000FA03F39942AED1404B9A4200F0D880D2
:10C57000384B134003F58013079300230693DDE93E
:10C5800006349B460494C8E702F1547307930023D2
:10C590000993FFF716BBDDE90612C2F313030B4341
:10C5A000144690D1099B002B40F0AF80294B2340CB
:10C5B000A3F580136FEA13536FEA035307934FF009
:10C5C000FF33DBE7DDE90612109B0B4358465E465E
:10C5D000BA46DDF82CB0A0D1C2F313031446002BE9
:10C5E0009BD122F000431B0D1B05B3F1D66F94D9EC
:10C5F000436913B90369012B8FDD31460122484697
:10C60000FEF752FB41460646FEF7C6FB002884DDD6
:10C61000C8E7DDE906341CEA030F3FF47EAF5AE7B2
:10C6200013491BA81EAA01F047FA05287FF48BAA1C
:10C630001F9B43F0FF4343F4E00307931E9B0693C5
:10C64000DDE906349B460494FFF787BA1CFA00081C
:10C6500020FA00080000F07F48F900080000E0BF61
:10C660000000E03FFFFF0F0000005039FFFFEF7FA9
:10C6700040FA000809934FF0000A4EE5FEF752FC1D
:10C68000099D02460B4695B3C4F30A54C4F16B04EA
:10C69000002C09DD240504F17F53109A03F54013A3
:10C6A000F4F788FD02460B4604995846F3F7CCFD93
:10C6B0000022002383460491F4F7E4FF00283FF4AE
:10C6C0002EAF45E64FF0FF3202FA03F3069A1A4006
:10C6D0000692AFE54FF0FF3344E74FF0FF33C2F16E
:10C6E0004B0203FA02F202EA01030793A2E504995E
:10C6F0005846F3F7A9FD0022002383460491F4F77E
:10C70000C1FF00283FF41AAF22E6084B2340B3F1E3
:10C71000D66F3FF74DAFB3F15C7F3FF700AF17E641
:10C7200001317FF425AFFFF7B2BB00BF0000F07FFF
:10C73000014BFFF765B800BF3C0400202DE9F04F26
:10C74000814645488E4675461EF801CB10F80C40D0
:10C7500014F00804F7D1BCF12D0FE34654D0BCF11E
:10C760002B0F08BF9EF800B06FF0004808BF05F11E
:10C77000020E1BB1102B4FD01F4604E0BBF1300F4F
:10C7800055D00A231F460025B8FBF7F6284607FBBD
:10C79000168A07E0864215D329D007FB00C0012581
:10C7A0001EF801BBABF1300CBCF1090F06D9ABF19F
:10C7B000410CBCF1190F08D8ABF1370C63450DDD06
:10C7C000002DE7DA4FF0FF35EAE7ABF1610CBCF181
:10C7D000190F03D8ABF1570C6345F1DC002D0BDBCF
:10C7E00004B140420AB195BB1160BDE8F08FE2454B
:10C7F000D3DA4FF0FF35D3E72223C9F800301AB35C
:10C800000EF1FF314046EFE79EF800B04FF00048D0
:10C8100005F1020E0124ACE7BBF1300FACD19EF85C
:10C82000000000F0DF00582807D01F46ABE79EF855
:10C83000003003F0DF03582B0BD110279EF801B016
:10C840003B460EF1020E9EE74046BDE8F08F804663
:10C85000D6E708231F4696E7E9F60008012B03D028
:10C86000242B01D8FFF76ABF10B5F9F711F9162389
:10C870000360002010BD00BF2DE9F04F85B01F46BA
:10C88000584B03908A4600920D462A4615F8014BF4
:10C890001E5D16F00806F8D12D2C76D02B2C05BF86
:10C8A0002C7802960296951C4FF0FF366FF0004BE5
:10C8B0002FB1102F70D0B8464FEAE77905E0302C41
:10C8C00075D04FF00A08B946474642464B463046B7
:10C8D0005946F4F78BF90023019284460A4618461C
:10C8E000194611E08A4208BF84453ED000FB09F397
:10C8F00008FB0131A0FB080319441EEB000041EBCB
:10C90000EE71012315F8014BA4F1300EBEF1090FB1
:10C9100006D9A4F1410EBEF1190F0CD8A4F1370EBF
:10C92000774511DD5C1CEDD0844572EB0103D9D253
:10C930004FF0FF33E6E7A4F1610EBEF1190F03D803
:10C94000A4F1570E7745EDDC5A1C14D0029A12B1AF
:10C95000404261EB4101009A22B1002B39D1009B8A
:10C96000C3F800A005B0BDE8F08F019B7345BDDAA8
:10C970004FF0FF33C6E7039A22231360009B1BB3DB
:10C9800005F1FF3A30465946E9E701232C78029336
:10C99000951C4FF0004B8BE7302C04D12B7803F023
:10C9A000DF03582B08D0B8464FF000098DE72B78ED
:10C9B00003F0DF03582B0FD14FF010086C784FF0C5
:10C9C00000090235474680E73046594605B0BDE8C4
:10C9D000F08F06468B46D3E74FF00808B946474626
:10C9E00073E700BFE9F60008FFF746BF2DE9F047FF
:10C9F00007464B480E46354616F801CB10F80C405A
:10CA000014F00804F7D1BCF12D0FE64658D0BCF164
:10CA10002B0F04BF96F800E0AE1C5BB1102B54D076
:10CA20004FF0FF38B8FBF3F803FB08FA6FEA0A0A85
:10CA3000994608E0BEF1300F5AD00A23DFF8E480AF
:10CA40004FF0050A99460025284607E0404515D8CD
:10CA500029D009FB00C0012516F801EBAEF1300C1E
:10CA6000BCF1090F06D9AEF1410CBCF1190F08D881
:10CA7000AEF1370C63450DDD002DE7DA4FF0FF35E1
:10CA8000EAE7AEF1610CBCF1190F03D8AEF1570C17
:10CA90006345F1DC002D0BDB04B140420AB16DB9F6
:10CAA0001160BDE8F087D445D3DD4FF0FF35D3E703
:10CAB00022233B604FF0FF30002AF2D0711EEFE7D7
:10CAC00096F800E00124AE1CA7E7BEF1300F21D19B
:10CAD000307800F0DF00582816D14FF0100996F892
:10CAE00001E04FF00F0A02366FF070484B46AAE79C
:10CAF000337803F0DF03582BEFD008234FF0070AF9
:10CB00006FF0604899469EE799466FF070484FF085
:10CB10000F0A98E74FF00F0A6FF07048994692E7B6
:10CB2000E9F6000899999919FFF760BF2DE9F04FD0
:10CB300085B08A460192614A03901E460D462946F9
:10CB400015F8014B135D13F00803F8D12D2C7ED09E
:10CB50002B2C03BF2C7802938D1C0293C6B1102E90
:10CB60007AD04FEAE67B32465B464FF0FF304FF01B
:10CB7000FF31F4F73BF83246074688465B464FF0F4
:10CB8000FF304FF0FF31F4F731F8B14694460BE037
:10CB9000302C76D04FF00A09DFF82481B3464FF0ED
:10CBA000050C4FF099374E4600221046114614E00E
:10CBB000874278EB01021ED3414508BFB84235D009
:10CBC00000FB0BF209FB0121A0FB0902114418181C
:10CBD00041EBE371012215F8014BA4F13003092B5D
:10CBE00005D9A4F14103192B08D8A4F137039E42BB
:10CBF0000CDD002ADCDA4FF0FF32ECE7A4F1610330
:10CC0000192B03D8A4F157039E42F2DC002A12DB51
:10CC1000029B13B1404261EB4101019B1BB19AB9E8
:10CC2000019BC3F800A005B0BDE8F08F6345C7DDE8
:10CC30004FF0FF32CFE7039A22231360019B4FF09E
:10CC4000FF300146002BEED005F1FF3AE8E7012363
:10CC50002C7802938D1C81E7302C25D12B7803F0A2
:10CC6000DF03582B1DD14FF010096C784FF00F0CDB
:10CC700002354FF0FF376FF070484FF0000B4E4613
:10CC800092E72B7803F0DF03582BECD04FF0080924
:10CC9000B3464FF0070C4FF0FF376FF060484E4639
:10CCA00082E74FF0000B5EE74FF00F0C4FF0FF37BD
:10CCB0006FF07048B1464FF0000B75E7E9F60008D9
:10CCC00099999919FFF732BF2DE9F04F936883B016
:10CCD0009146002B6DD017688D6880460C46086819
:10CCE000083743E0A38913F4906F2ED0D4E90415DC
:10CCF000A0EB010A05EB450505EBD5750AEB06002F
:10CD00006D100130A8422A4684BF05462A465B05BD
:10CD100036D511464046FDF76FFA00283AD0524604
:10CD200021690190F4F7ACF9A289019B22F4906289
:10CD300042F08002A281A5EB0A0203EB0A006561C2
:10CD4000A260236120603546B2465946524600F043
:10CD500089FFD9F80830A16820684D1B50449E1BFC
:10CD6000A5602060C9F808601EB3083757E902B60D
:10CD7000002EFAD0B542AA46B4D93546B246E4E709
:10CD80004046FEF769FA03460028D4D1216940469F
:10CD9000FDF7E6F80C23C8F80030A389002243F021
:10CDA00040034FF0FF30A381C9E9012203B0BDE881
:10CDB000F08F0020C9F8040003B0BDE8F08F00BF79
:10CDC00038B54B1C1AD093891446126B23F02003FC
:10CDD000A381CDB2AAB16268636B9A4209DA236873
:10CDE0005A1E226003F8015C6368013363602846C1
:10CDF00038BD214600F09CF80028F0D04FF0FF35F8
:10CE0000F5E7236922682BB1934203D212F8013C63
:10CE1000AB420FD06168E1632346A26304F1400195
:10CE200003226263216303F8425F0122C4E90032F6
:10CE3000284638BD6368013A0133C4E90023D6E7C8
:10CE400010B50C46096B69B104F14003994201D059
:10CE5000FDF786F8E36B63600020206313B1A36BDA
:10CE6000236010BDA3892169002243F02003C4E997
:10CE70000012A3814FF0FF3010BD00BF2DE9F04F2D
:10CE800085B0CDE9023202FB03F30E9C0193A3B3FC
:10CE9000D4F804A0019B53458B4646D9A046019D7A
:10CEA00058F8401B0746002652465846F4F7E8F863
:10CEB0002368226B5344A946C4E90036114638461C
:10CEC000D344A5EB0A05E2B1424501D0FDF748F88D
:10CED000E36B26636360A3B1A16B2160AB429A460A
:10CEE000E2D3029B01932A465846F4F7C9F8D4E9E5
:10CEF0000032521B2B44C4E90032019805B0BDE852
:10CF0000F08F019B22695344A3EB090A039BBAFBF0
:10CF1000F3F30193A389019843F02003A381002335
:10CF2000C4E9002305B0BDE8F08F21681D46D8E7AD
:10CF300001F140032DE9F0410C46096B994214D0F0
:10CF4000666B77003A46FEF787F9054640B300EB7B
:10CF50000608014632464046F4F792F8C4E90C57F9
:10CF6000C4F800800020BDE8F0814FF48061FDF737
:10CF700043F9A8B194F842304FF48062C4E90C023E
:10CF800080F8FF3394F8413080F8FE3394F8402065
:10CF900080F8FD2300F2FD3323600020BDE8F0811E
:10CFA0004FF0FF30DFE700BF49B1FF2A02D80A7017
:10CFB000012070478A2303604FF0FF307047084616
:10CFC000704700BF2DE9F047DFF87CA00646DAF88D
:10CFD000000098460F469146FDF7E4F81B4B1B688E
:10CFE000D3F8484124B365681F2D26DC5EB96B1C5D
:10CFF0000235DAF80000636044F82570FDF7D4F8D4
:10D000000020BDE8F08704EB85010123C1F888907A
:10D01000D4F88821AB401A43022EC4F88821C1F805
:10D020000881E4D1D4F88C211343C4F88C31DEE7B5
:10D0300003F5A674C3F84841D5E7DAF80000FDF718
:10D04000B3F84FF0FF30DCE73804002054F6000856
:10D0500000B50B4C25681446EE681A4685B00346A9
:10D060000D464CB107490095CDE9011430460649FB
:10D0700000F0A0F901F06EFE04490C46F3E700BF92
:10D080000C00002080FA000890FA000818F600084A
:10D0900038B5A1FB02148CBBFDF7AEF80546E0B134
:10D0A00050F8042C22F00302043A242A17D8132A39
:10D0B0001AD91B2AC0E900441DD9242A14BF00F143
:10D0C000100200F118024FF00003C0E9024404BF4F
:10D0D00004614461C2E900339360284638BD2146AB
:10D0E000F8F700FD284638BD02460023C2E90033A8
:10D0F0009360284638BD00F10802F6E7F8F7C8FC4F
:10D100000C2300250360E8E7B1F90C20F8B50C46C4
:10D110001107074642D4636842F40062002BA281E3
:10D1200059DDA56A002D54D000233E683B6093B2C0
:10D1300012F4805253D1E16901233846A847421CBA
:10D1400063D0A389A56A5B0705D56368C01A236B02
:10D150000BB1E36BC01AE169024600233846A847C9
:10D16000411C3ED13B68002B3BD01D2B01D0162B20
:10D1700052D1A3892269226023F4006300216160F7
:10D18000A381216B3E6021B304F14003994202D098
:10D190003846FCF7E5FE00202063F8BD2669C6B1DD
:10D1A00093B2256826609A070CBF63690023AD1B04
:10D1B000A3600CE0D4F824C0E1692B46324638461F
:10D1C000E047B0F1000CA5EB0C05664416DD002D20
:10D1D000F0DC0020F8BDE36B002BA2DCF9E7206D4A
:10D1E000B1E7B4F90C302269226023F40063A38113
:10D1F0000022DB046260C4D52065C2E7A38943F046
:10D2000040034FF0FF30A381F8BD3B68002B98D05E
:10D210001D2B06D0162B04D0A38943F04003A38115
:10D22000F8BD3E60D5E700BF38B50C46054608B1ED
:10D23000836BA3B1B4F90C00B8B1636EDB0701D402
:10D24000810515D528462146FFF75EFF636EDA0794
:10D25000054602D4A3899B050ED5284638BD00F0AB
:10D2600017F8B4F90C000028E7D10546284638BD68
:10D27000A06DFCF797FFE5E7A06DFCF795FF28464A
:10D2800038BD00BF014900F0A9B800BF65ED000836
:10D290002DE9F04782463948FCF784FFDAF8384038
:10D2A000002C66D1DAF80450354ACAF83C20032332
:10D2B000CAE9B843DFF8CC90DFF8CC80334F344E66
:10D2C00004230AF53B72CAF8E8222146C5E9024365
:10D2D000C5E90044C5E904446C660822AC6105F167
:10D2E0005C00F8F7FFFBC5E90759C5E90987EE625D
:10D2F00005F15800FCF752FFDAF80850254BEB60B7
:10D300002146C5E90044C5E904446C66AC60AC61E3
:10D31000082205F15C00F8F7E5FBC5E90759C5E906
:10D320000987EE6205F15800FCF738FFDAF80C5077
:10D33000194BEB602146C5E90044C5E904446C661D
:10D34000AC60AC61082205F15C00F8F7CBFB05F19D
:10D350005800C5E90759C5E90A76C5F82480FCF7E5
:10D360001DFF0123CAF838300448BDE8F047FCF738
:10D370001BBFBDE8F0470148FCF716BF940D002025
:10D3800085D20008655C00088D5C0008CD5C000853
:10D39000ED5C000809000100120002000148FCF7E2
:10D3A00001BF00BF900D00200148FCF7FDBE00BF8B
:10D3B000900D00200EB410B583B005AB064C53F8A9
:10D3C000042B01930146206800F04AFD03B0BDE83C
:10D3D000104003B0704700BF0C0000202DE9F84357
:10D3E0000746884600F538764FF00009D6E9015423
:10D3F000013D11D4A389012B05F1FF3508D9B4F9FA
:10D400000E300133214603D03846C04749EA0009AF
:10D410006B1C04F16804EDD13668002EE6D1484655
:10D42000BDE8F8832DE9F0410469B4EB611F2FDDFD
:10D4300000F1140E4E1111F01F0C0EEB84050EEBD3
:10D4400086032BD05EF8262004339D4222FA0CF18D
:10D45000CCF1200818D977461A6802FA08F20A4374
:10D4600047F8042B53F8041B9D4221FA0CF1F3D822
:10D47000A41BA300053B9B0801330EEB83044EF86D
:10D480002310C9B1043417E0416174460029F9D171
:10D490000023036100234361BDE8F0819D4288BF02
:10D4A00000F11002F4D953F8041B42F8041F9D4206
:10D4B000F9D8A41B0EEB8404A4EB0E039B10744557
:10D4C0000361E7D0BDE8F0812DE9F04FA84C8BB0A7
:10D4D0002468059020468946029207930394F3F747
:10D4E0000FFD21460144D9F8003011F801BC9978AC
:10D4F0003029024640F0DA816FF00100C01A033390
:10D5000000EB030A1C4613F8011B3029F8D0DFF8A2
:10D51000648218F80130002B00F0F0802378002797
:10D5200018F803303D4626462BB116F8013F18F88F
:10D530000330002BF9D103990192304600F014FC1E
:10D54000019A0090002800F09180002D40F0918019
:10D550003378009503F0DF03502B354600F09380BD
:10D56000C9F80060002F40F0AB802B1B013B072B5C
:10D57000394604DD5B10072B01F10101FADC059847
:10D580000492FDF72DF9049A0190002800F06782BB
:10D59000019BAC4203F11406069680F0DC81002763
:10D5A000C2F10103B946049310E0202F00F09180EE
:10D5B0003946043715F8013C18F80330554603F096
:10D5C0000F038B40A54249EA030916D915F8013C1F
:10D5D0005B4505F1FF3AE8D1049B5344A342E4D3F1
:10D5E000184603990992089300F0BEFBDDE9083262
:10D5F0000028DAD11D46A542E8D846F8049B069BD0
:10D60000F61A019BB6101E614846FDF7C3F9029B4E
:10D6100076011C68301AA04200F3AE80C0F2268169
:10D620000027029B009A9B689342C0F2898102996D
:10D63000009A4B6893427EDD9D1AAC4200F3BC8099
:10D64000CA68022A00F0BC81032A00F0B481012AD2
:10D6500000F0988105980199FDF7E8F85025149A93
:10D660000023284613600BB0BDE8F08F002D00F0BA
:10D670000B81AD1BAB000093337803F0DF03502B1D
:10D6800035467FF46DAF6B782B2B00F0ED802D2BA2
:10D690006AD06E1C002018F803104B1E182B61D89E
:10D6A000737818F803301039013623BB00B14942B2
:10D6B000009BC9F800600B440093002F3FF455AF66
:10D6C000BAF1000F14BF0025062528460BB0BDE8AF
:10D6D000F08F002146F8049B042789466AE701EB96
:10D6E000810103EB4103A3F1100116F8013F18F883
:10D6F0000330002BDAD0192BF1DDD7E70399009224
:10D70000204600F031FB009A002873D1A15C18F884
:10D710000130A518002B6FD030292C4605D114F804
:10D72000013F302BFBD018F80330B3FA83F77F09A1
:10D730004FF0010AF7E6012557B1029BDB68022B87
:10D7400062D0032B64D0012B00F0858045F01005DA
:10D75000149B019A1A60079B009A1A6028460BB026
:10D76000BDE8F08F2E46FBE60120AB78AE1C92E7B9
:10D7700048FC000848FB0008019D061B314628466E
:10D78000FDF718FD074678B1721E5311069901275F
:10D7900051F8231002F01F0307FA03F30B4203D0E2
:10D7A000BA4200F3E2800227009B019833443146DD
:10D7B0000093FFF737FE34E76E1E002F40F0C9805C
:10D7C000002E40F0CC807311069A019852F8232065
:10D7D00006F01F06012303FA06F61642294618BF73
:10D7E00047F00207FFF71EFE029B5B680093641B75
:10D7F0000225A1E72178254601F0DF01502900F03C
:10D80000BD80C9F800505BE7159BC3F10103159378
:10D81000159B002B9AD0019BDDF818901E69002102
:10D820004B464FEA860809EB860003E0984243F82E
:10D83000041C3FD91F4653F8042BB2F1FF3FF5D02B
:10D840000132022D3A6000F0C08014F01F0440F055
:10D85000E08021257CE7BA077FF578AF069B1B683F
:10D860001F43FB07D7D471E700207EE7DDE90031D5
:10D87000221A9B1A05980093FDF716FA03461433F3
:10D88000019006930027CCE6B35C18F80310B0189B
:10D89000064600293FF45EAE16F8013F18F8031063
:10D8A0000029F9D1801B8100009153E69C1C4FF0A8
:10D8B000000A2CE6019B9B689E4280F28D803346D5
:10D8C000019901EB830201330B61022D4FF001013D
:10D8D00051617AD09E42B8DA002B40F3A780019ABA
:10D8E00009EB8303516902F1180083424FEA5101A9
:10D8F00040F2AF804C46026841EAC27144F8041B12
:10D9000050F8041B83424FEA5101F4D8019A9B1A44
:10D91000193B9B08013349F8231009EB83030029C5
:10D9200040F09B800199A3EB090292104B450A61DC
:10D930007FD0029B009A9B6801329342009288DA62
:10D9400001990598FCF772FF149A00231360A32530
:10D95000BBE6012737E7069E4FF000094DE6019828
:10D960003146FDF727FC07462DE7B11E2846FDF797
:10D9700021FC00283FF417AF032715E7002300938D
:10D98000012780E6AC427FF465AE012C08D00198F7
:10D99000611EFDF70FFC00283FF45CAE029B5B6844
:10D9A00007990B60019B069901221A610A60149A7B
:10D9B0006225136089E6159A002A3FF44BAEEFE723
:10D9C000159A002A7FF446AEEAE7029B1B68013BEA
:10D9D000A34232D02225BBE6019B0598596801314C
:10D9E000FCF7FEFE074600283FD0DDF80490D9F88A
:10D9F0001030494602339A000C310C30F3F740FBEB
:10DA000049460598FCF712FF07F114093B69019795
:10DA100056E7C844C4F1200458F8040CFCF7BAFFD8
:10DA2000A042BFF616AF019B1B6955E7019A002380
:10DA30001361019A002353617BE7631104F01F0413
:10DA400059F823200123A34013420CBF222521258E
:10DA50007EE6C9F800104B4669B1043362E7074B14
:10DA60000748019ADE21FFF7F3FA044B04483A46CF
:10DA70008421FFF7EDFA019B1961DAE7FCF7000852
:10DA8000C0FA000810B4046809E014F8013FA3F1DB
:10DA9000410CBCF1190F98BF2033934208D111F803
:10DAA000012B002AF1D101340460012010BC704721
:10DAB000002010BC704700BF2DE9F04F096885B009
:10DAC0004B1111F01F01029002EB8303039140F010
:10DAD0008E801D1F0193029B01991C68002341F851
:10DAE000043C61780134002900F09780DFF87091E0
:10DAF000A846AC469A461E460EE0202900F28B80CE
:10DB0000B24506DAC44501D2072B5BDD624551D32D
:10DB1000082314F8011FA1B119F801000028ECD066
:10DB20000133082B06F101063ADCDCF8001009018C
:10DB300000F00F000843CCF8000014F8011F002982
:10DB4000EAD1002E69D0E04501D9072B73DD62458B
:10DB500051D2111F634653F8040B41F8040F9D4244
:10DB6000F9D2A5EB0C0323F00303691C04330CF179
:10DB7000010C614538BF04231344002143F8041B02
:10DB80009D42FBD2019B53F8043C2BB9AA4248D0DA
:10DB900055F8043D002BF9D0052005B0BDE8F08F05
:10DBA0006245B6D200234CF8043C1946ACF1040C93
:10DBB0000123BDE70023ACF104084CF8043CB24655
:10DBC000C446A6E7C3F108018900DCF80030C1F1C2
:10DBD000200E60468B46416801FA0EF73B43036016
:10DBE00021FA0BF340F8043F4045F4D38EE7191DAA
:10DBF00001911D466FE7039B002BC3D0039B019847
:10DC0000C3F120014FF0FF33CB4050F8041C0B4010
:10DC100040F8043CB9E7292909D0042005B0BDE843
:10DC2000F08F012305202B6005B0BDE8F08F02992D
:10DC300001340C6085E7C3F108039B00DCF8001099
:10DC4000C3F120076446666806FA07F001432160C5
:10DC500026FA03F144F8041FA045F4D877E700BF83
:10DC600048FB000888420DD98B1883420AD900EB83
:10DC7000020CBAB1624613F801CD02F801CD994207
:10DC8000F9D170470F2A0ED8034602F1FF3C4AB182
:10DC90000CF1010C013B8C4411F8012B03F8012F0E
:10DCA0006145F9D1704740EA01039B0750D1A2F1C9
:10DCB000100370B501F1200C23F00F0501F1100ED7
:10DCC00000F11004AC441B095EF8105C44F8105CD1
:10DCD0005EF80C5C44F80C5C5EF8085C44F8085C88
:10DCE0005EF8045C44F8045C0EF1100EE64504F1A5
:10DCF0001004E9D1013312F00C0F01EB031102F013
:10DD00000F0400EB031327D0043C24F003064FEA72
:10DD1000940C1E441C1F8E465EF8045B44F8045F9E
:10DD2000B442F9D10CF1010402F0030203EB8403C5
:10DD300001EB840102F1FF3C4AB10CF1010C013B03
:10DD40008C4411F8012B03F8012F6145F9D170BD06
:10DD500002F1FF3C03469BE72246EBE70149002026
:10DD6000704700BF0000F87FA2B330B540EA01045D
:10DD7000A40784460B462AD09CF800000C78844205
:10DD80002FD1012A0DD0E64660B11EF8010F11F81F
:10DD9000014F6FEA0E03A042134422D11CEB030390
:10DDA000F2D1002030BD0468194653F8045BA4F199
:10DDB000013EAC4284462EEA040E00F104000BD171
:10DDC000043A84461946ECD01EF0803FE9D1032A7C
:10DDD000E9D8D1E7104670479CF800000C78A042C3
:10DDE000D1D0001B30BD00BF2DE9F84F4B6E9C0415
:10DDF00090462DD59368126843B38B46064602F1D0
:10DE0000080959E9025A5FEA9A0715D0043D00242F
:10DE100001E0A7420ED055F8041F5A46304601F0E3
:10DE20005BF8431C04F10104F3D10023C8E901337A
:10DE3000BDE8F88FD8F808302AF0030AA3EB0A03EC
:10DE4000C8F8083009F10809002BDAD10020ECE706
:10DE500001F076F80023C8E90133BDE8F88F00BF70
:10DE60002DE9F04FBDB0CDE904301C4601911746B5
:10DE700018B1836B002B00F08682019A536EDE0787
:10DE800040F18F81B2F90C108AB2900408D441F4A9
:10DE9000005201994B6E8A8123F4005392B24B6673
:10DEA000110740F1F780019B1B69002B00F0F28005
:10DEB00002F01A030A2B00F0FB8013AB109300232F
:10DEC000CDE91133CDE90A3308930DF14C090993DB
:10DED00003933B78002B00F051813C4604E014F89A
:10DEE000013F002B00F02C81252BF8D1E51B40F0E1
:10DEF00029812378002B00F041814FF00003002599
:10DF00008DF83B30671C637802954FF0FF3B2B2464
:10DF10000137A3F120025A2A00F25281DFE812F001
:10DF200098025001500194025001500150016A00C2
:10DF30005001500136026B0250014102A60250010D
:10DF4000A2025B005B005B005B005B005B005B00B0
:10DF50005B005B0050015001500150015001500125
:10DF60005001500150012302840050015001500122
:10DF70005001500150015001500150015001DD008D
:10DF80005001500150010702500159025001500147
:10DF90001E05500150015001500150015001500127
:10DFA00050015001500123028600500150015001E0
:10DFB0004F02860080005001450250018102DF00BF
:10DFC0006F028000500107027E003E0550015001A3
:10DFD000400550017E00A3F13002002117F8013BFB
:10DFE00001EB810102EB4101A3F13002092AF5D9CD
:10DFF00002918EE7DDF814804046FCF7CBF84368C9
:10E000000A931846F2F77CFF0B9006464046FCF751
:10E01000C1F883680993002E40F07B843B7877E752
:10E020003B7845F0200573E745F01005AC06049EEB
:10E0300040F16F81073626F007063246736852F8C2
:10E04000086B04929846002BC0F22D84BBF1FF3F71
:10E0500000F0108556EA080325F0800A00F00884D5
:10E060000A2E78F1000380F0BD84303601238DF84C
:10E07000EF60554600930DF1EF04DDF800809DF848
:10E080003B30D845B8BFD846002B00F0A88008F137
:10E090000108A4E0019D0598294600F0F1FD002843
:10E0A00040F08885AA8902F01A030A2B7FF405AF95
:10E0B0000199B1F90E30002BFFF6FFAE4B6EDE0773
:10E0C00002D4950540F156850199059823463A46B4
:10E0D0003DB0BDE8F04F00F093BD45F0100515F0E0
:10E0E000200800F00781049E073626F00706334615
:10E0F000D6F8048053F8086B049325F4806A002353
:10E100004FF000028DF83B20BBF1FF3F00F0C881CB
:10E1100056EA08022AF0800540F0C181BBF1000FE9
:10E1200040F0AB84002B40F0A8831AF00103009369
:10E1300000F0D68330238DF8EF300DF1EF049CE72B
:10E14000E51B1BD0119B129A01332A44072BC9E906
:10E1500000751292119305DC09F10809039B2B4409
:10E160000393C6E6002A00F07F830199059810AA60
:10E17000FFF73AFE40B90DF14C09EFE7129B002B77
:10E1800040F0098500231193019A536ED90740F19D
:10E19000A68093895B0600F1198503983DB0BDE820
:10E1A000F08F019BB3F90C108D058AB23FF56DAE6F
:10E1B0001D46986DFBF7F6FFB5F90C108AB264E6C0
:10E1C000002BDBD08DF88C304FF001084FF00003AE
:10E1D0008DF83B30CDF8008023AC4FF0000B15F0EC
:10E1E0000203069318BF08F1020815F08403079391
:10E1F00005D1029BA3EB0806002E00F36C82DDE93B
:10E200001121501C9DF83B608EB10DF13B02013194
:10E21000C9F8002007284FF00102CDE91101C9F823
:10E22000042000F33B82024609F108090130069BF5
:10E23000DBB10FAB0231C9F8003007284FF0020301
:10E24000CDE91101C9F8043040F34082002900F003
:10E2500006830199059810AAFFF7C6FD002893D1FF
:10E26000DDE911210DF14C09501C079B802B00F0BA
:10E270005881009BABEB0306002E00F3B681009B98
:10E28000C9F8004019440728CDE91101C9F8043044
:10E2900040F34481002900F072820199059810AA88
:10E2A000FFF7A2FD00287FF46FAF12990DF14C0922
:10E2B000680705D5029BA3EB0804002C00F36982D4
:10E2C000DDE902234245ACBF9B1843440393002978
:10E2D00040F0D581002311930DF14C09F9E5019B24
:10E2E0009B899A053FF556AF019CA06DFBF75CFF3B
:10E2F000A3894FE715F0100340F0238315F0400287
:10E3000000F0EB83049A52F8046B04929846B6B27C
:10E31000F3E656F8043B0496E80600F1ED82690640
:10E3200040F1E78243F3C0381EB243468BE6049EB9
:10E3300056F8044B4FF000038DF83B30002C00F0F2
:10E34000B183BBF1FF3F00F02E835A4600212046E7
:10E35000F2F746FE002800F01284031B0093049697
:10E360004FF0000B89E6049E4FF000038DF83B3020
:10E370004FF0010856F8043B8DF88C300496CDF828
:10E38000008023AC29E7FEF783FF76E5049B53F872
:10E39000042B0292002A80F29F82029A0493524236
:10E3A00002923B7845F00405B2E53B786C2B03BF45
:10E3B0007B7845F02005013745F01005A8E53B784E
:10E3C000682B03BF7B7845F40075013745F04005A5
:10E3D0009EE545F0100A1AF0200800F05582049ED0
:10E3E000073626F007063346D6F8048053F8086B44
:10E3F0000493012384E63B788DF83B4088E5049B39
:10E4000053F8046B049330238DF83C3078238DF857
:10E410003D30B94B089345F0020A4FF00008022343
:10E420006EE6AE0600F18382EC0600F133836806E7
:10E4300000F19283A90540F12D83049E039A56F8BA
:10E44000043B04961A7044E53B7845F001055FE50E
:10E450009DF83B30002B7FF4E1AD20238DF83B305D
:10E460003B7855E53B7845F0800551E5394611F894
:10E47000013B2A2B00F0B383A3F13002092A0F4697
:10E480004FF0000B3FF645AD17F8013B0BEB8B0B44
:10E4900002EB4B0BA3F13002092AF5D939E5AA4664
:10E4A000012B3FF4DDAD022B3CAC12D1089A06F0F3
:10E4B0000F033609D35C04F8013D46EA08764FEABB
:10E4C000181856EA0803F2D13CAB1B1B55460093C3
:10E4D000D3E506F00703F60846EA48764FEAD8087F
:10E4E000303356EA0801224604F8013DF1D11AF012
:10E4F000010FE9D0302BE7D03023023A04F8013C79
:10E500003CAB9B1A554600931446B6E5009913940C
:10E5100001231491129111930DF14C0909F108098D
:10E52000C6E6029BA3EB0806002E7FF7A2AE102ED4
:10E5300040F35183DFF8C4A15346CDE906B4BA468F
:10E54000DDF814B0019C2F461D4607E002F1020CD5
:10E5500009F108090246103E102E1EDD501C103134
:10E5600010230728CDE91101C9F80050C9F804307B
:10E57000ECDD10AA002900F08B80214658460DF1F1
:10E580004C09FFF731FC00287FF4FEADDDE91121D5
:10E59000103E102E02F1010CE0DCDDE906B42B4642
:10E5A0003D4657469A463144BCF1070FCDE911C1AB
:10E5B000C9F800A0C9F8046040F39581002900F073
:10E5C000BB820199059810AAFFF70EFC00287FF482
:10E5D000DBAD009BDDE91121ABEB0306002E02F160
:10E5E00001000DF14C097FF74AAE102EDFF80CA1A7
:10E5F00031DD5346CDE90645BA46059C019D4FF0F5
:10E60000100B1F4607E002F1020C09F1080902464F
:10E61000103E102E19DD501C10310728C9E9007B6F
:10E62000CDE91101EFDD10AA19B3294620460DF1FD
:10E630004C09FFF7D9FB00287FF4A6ADDDE91121D5
:10E64000103E102E02F1010CE5DCDDE906453B46EB
:10E65000604657469A4631440728CDE91101C9F86A
:10E6600000A0C9F8046000F3E68009F10809013050
:10E6700005E64FF0010C0A460DF14C09C8E7019977
:10E68000059810AAFFF7B0FB00283FF423AE7BE506
:10E690004FF0010C0A460DF14C095CE7002900F02F
:10E6A000DB800199059810AAFFF79EFB00287FF4F4
:10E6B0006BADDDE911210DF14C09501CB7E50221CC
:10E6C0000FAB1491139301200DF14C09024609F18F
:10E6D0000809501CC9E5102E40F35782DDE911C12D
:10E6E000DFF81CA0CDE90CB410235446DDF804B0CB
:10E6F000DDF814A062460DE068F6000864FC00082E
:10E7000054FC000802F1020C09F108090246103E0F
:10E71000102E1BDD501C10310728C9E90043CDE93C
:10E720001101EFDD10AA21B3594650460DF14C09F5
:10E73000FFF75AFB00287FF427ADDDE91121103ED9
:10E74000102E02F1010C4FF01003E3DCA246DDF8BD
:10E7500030B00D9C62463144072ACDE91121C9F839
:10E7600000A0C9F8046000F3A78009F10809501C53
:10E7700048E50A464FF0010C0DF14C09C7E76C075C
:10E78000119150D5029BA3EB0804002C4BDD0DF139
:10E790004C09102C40F30982DFF8ECA2119A059E77
:10E7A000DDF804B053461025BA461F4606E0901C1B
:10E7B00009F108091A46103C102C19DD531C1031C0
:10E7C000072BC9E90075CDE91131F0DD10AA29B395
:10E7D00059463046FFF708FB00287FF4D5ACDDE949
:10E7E0001121103C102C02F101000DF14C09E5DC67
:10E7F0003B4657469A4621440728C9E900A4CDE97B
:10E8000011017FF75DAD71B10199059810AAFFF76D
:10E81000EBFA00287FF4B8AC129951E501200A46C2
:10E820000DF14C09C7E7DDE902234245ACBF9B1857
:10E83000434403934EE500293FF468AE01990598DF
:10E8400010AAFFF7D1FA00287FF49EAC1198129914
:10E8500001300DF14C0912E5069B002B77D1012008
:10E860000A460DF14C0900E511920DF14C0975E4D1
:10E87000BBF1000F7FF4F9AB55464FF0000BCDF81C
:10E8800000B03CACFFF7F9BB1AF010033AD11AF014
:10E89000400200F01381049A52F8046B04929846E7
:10E8A000B6B201232CE42D2376428DF83B3068EB81
:10E8B0004808AA46012327E400297DD0019905983C
:10E8C00010AAFFF791FA00287FF45EACDDE9112170
:10E8D0000DF14C09501C95E404933B78FFF718BBED
:10E8E0003CACFFF7CABB09F108090CF10100624614
:10E8F000BFE4AA0500F138814FEAE3781E4643469B
:10E90000FFF7A1BB049B53F8046B04930123FFF7AB
:10E91000F7BB099B002B3FF481AB099B1B78002BB5
:10E920003FF47CAB3B7845F48065FFF7F1BADDE955
:10E93000031656F8042B0496CB17C2E90013FFF711
:10E94000C8BA049B53F8046B0493FFF7D6BB0221AB
:10E950000FAB149113930DF14C09B8E64B4A089292
:10E9600015F0200836D0049E073626F007063246FA
:10E97000D6F8048052F8086B0492EA0709D556EAE3
:10E98000080206D08DF83D30302345F002058DF8A1
:10E990003C3025F4806A0223FFF7B2BBAA461AE591
:10E9A0003B4A0892DCE720460496F2F7A9FA4FF0BA
:10E9B000000B0090FFF761BB9DF83B20002A00F0A0
:10E9C000C18001200DF13B02149013920DF14C090E
:10E9D000014628E415F0100242D0049A52F8046B64
:10E9E0000492CAE70AF48063CDF800B0CDF818901D
:10E9F000BB46DDF8249000253CAC1F4609E03046BC
:10EA00004146F2F7F3F80A2E78F100031BD30646CD
:10EA10008846304641460A220023F2F7E7F81146BD
:10EA2000303104F8011C0A220023013C0135002F7B
:10EA3000E5D099F80010A942E1D1FF2DDFD00A2ED0
:10EA400078F1000364D23CAB1B1BCDF824905F46E9
:10EA5000DDF81890DDF800B000935546FFF70DBBC8
:10EA600015F0400147D0049951F8046B0491904689
:10EA7000B6B282E7AA46FFF7F3BA012BAA467FF4A3
:10EA800012ADFFF7F2BA00BF54FC00087CF6000894
:10EA900068F60008049E039A56F8043B1A60049630
:10EAA000FFF717BABBF1060FD84628BF4FF006088C
:10EAB000504CCDF800800496FFF78FBB049B1AF4EE
:10EAC000007814BF53F8046B53F8046B04931CBF15
:10EAD0009046F6B20123FFF713BB049B15F40078B0
:10EAE00014BF53F8046B53F8046B04931CBF904697
:10EAF000F6B2FFF702BB049A15F4007814BF52F87F
:10EB0000046B52F8046B04921CBF8846F6B234E7DB
:10EB10000B9B0A99E41A1A462046FCF73DFE99F829
:10EB200001300BB109F10109304641460A220023A8
:10EB30000025F2F75BF86AE701200A460DF14C095F
:10EB4000FFF797BB069B002B7FF4B9AD0A46012067
:10EB50000DF14C09FFF78DBB049E039A56F8043B58
:10EB600004961A80FFF7B5B943F3C0185EB2434666
:10EB7000FFF769BA886DFBF717FBFFF7A5BACDF869
:10EB800000B004968346FFF778BA119A1299DFF81D
:10EB900068A00132DFE50199059810AAFFF724F972
:10EBA00000283FF4EFAAFFF7EFBA1198DFF848A06A
:10EBB000013020E6019B5B6EDB0707D4019B9B893C
:10EBC0009F0503D4019B986DFBF7EEFA4FF0FF33DE
:10EBD0000393FFF7E2BADFF824A08446E3E4049A43
:10EBE0007B780F4652F8041B049241EAE17BFFF761
:10EBF0008FB900BF90F6000854FC000864FC0008C0
:10EC0000F0B51F468B89ADF26C4D23F00203ADF8D1
:10EC10000C304B6E1993CB89ADF80E30CB6907934E
:10EC20004B6A09931AAB009304934FF48063154623
:10EC300006460293059316A800230C460693FBF79D
:10EC4000ADFA2A463B4669463046FFF709F9051EEC
:10EC500007DB69463046FEF7E7FA002818BF4FF099
:10EC6000FF35BDF80C305B0603D5A38943F04003A4
:10EC7000A3811698FBF794FA28460DF26C4DF0BD6F
:10EC800038B5334B1B6805460C460BB19A6B12B373
:10EC9000B4F90C3018079AB225D5216900292DD076
:10ECA00012F0010007D00020A06060694042A0611E
:10ECB00039B1002038BD950758BF6069A0600029B0
:10ECC000F7D1120658BF0846F4D543F04003A3819C
:10ECD0004FF0FF3038BD1846FEF7DAFAB4F90C30C1
:10ECE00018079AB2D9D4D1062AD5520714D421696B
:10ECF00043F00803A3819AB20029D1D102F4207015
:10ED0000B0F5007FCCD02146284600F08DFAB4F94A
:10ED10000C3021699AB2C3E7216B51B104F1400272
:10ED2000914204D02846FBF71BF9B4F90C300022BD
:10ED3000226321690022C4E9001223F02403D7E7EB
:10ED4000092243F040032A604FF0FF30A38138BD11
:10ED50000C00002008B5062000F0D6FA0120F3F7D9
:10ED600049FB00BF70B500294BD006460C4610B1D8
:10ED7000836B002B48D0636ED80734D5B4F90C30C0
:10ED8000002B3ED021463046FEF7BEF9E36A054629
:10ED900033B1E169304698470028B8BF4FF0FF35DE
:10EDA000A3891A063BD4216B41B104F14003994277
:10EDB00002D03046FBF7D4F800232363616C21B105
:10EDC0003046FBF7CDF800236364FEF7E7FA636E85
:10EDD0000022DB07A28127D5A06DFBF7E1F9FEF742
:10EDE000E3FA284670BDA3899905CBD4A06DFBF743
:10EDF000D9F9B4F90C30002BC4D1656E15F00105BA
:10EE000008D00025284670BDFEF742FA636ED80789
:10EE1000B4D4E8E7A06DFBF7C7F9284670BD2169B7
:10EE20003046FBF79DF8BEE7A06DFBF7BDF9D3E7D1
:10EE30002DE9F04383B0074688461446FBF7A4F952
:10EE4000012803D108F1FF33FE2B37D9424604F1E4
:10EE50005C0301A9384600F0F5FA421C064633D09F
:10EE600038B39DF804C00DF10509002509E02368B9
:10EE70005A1C226083F800C00135B54219D219F836
:10EE800001CBA368013B002BA360F0DAD4F818E0B3
:10EE9000734561462246384602DBBCF10A0FE6D1D3
:10EEA00000F078FA431CE7D10646304603B0BDE8CF
:10EEB000F0834646304603B0BDE8F0835FFA88FC35
:10EEC0008DF804C00646CEE7A389304643F04003E0
:10EED000A38103B0BDE8F08330B5536E13F0010F8A
:10EEE000B2F90C30144683B005469AB201D19805A8
:10EEF0001CD5900406D4626E43F4005342F40052D1
:10EF0000A381626622462846FFF792FF636EDA0706
:10EF1000054602D4A3899B0502D5284603B030BD1F
:10EF2000A06DFBF741F9284603B030BDA06D0191FB
:10EF3000FBF738F9B4F90C3001999AB2D9E700BF60
:10EF40009368002B00F081802DE9F04FB1F90C306F
:10EF50000C461907804683B0174698B223D523691B
:10EF60000BB310F002033D682BD04FF0000ADFF81E
:10EF7000B4B256465E453346524628BF5B464046CD
:10EF8000002E4FD0E169D4F824C0E047002852DDBC
:10EF9000BB681B1A8244361ABB60002BEAD10020E2
:10EFA00003B0BDE8F08F21464046FFF769FE002818
:10EFB00040F03481B4F90C303D6898B210F002038F
:10EFC000D3D110F0010942D14E463EB38205D4F8A8
:10EFD00008B040F18180B3455A4600F2B18010F488
:10EFE000906F40F0BE80206801924946FEF73AFEDD
:10EFF000A3682168019AA3EB0B030A44B246A360FD
:10F0000022600026B868A0EB0A00D144B86000284E
:10F01000C5D0B4F90C0080B2002ED7D1D5E9009646
:10F020000835D2E7D5E900A60835A3E721464046D2
:10F03000FEF7FAF880B3B4F90C3043F040034FF018
:10F04000FF30A38103B0BDE8F08F002070471E465B
:10F05000AA46994618461D4656B388B34A46D4E98F
:10F0600004132068B24228BF3246884205D9A168FD
:10F0700003EB010B5A4500F3A780934264DCE1697E
:10F08000D4F824C02A464046E047B0F1000BD2DD58
:10F09000B9EB0B09CAD00120BB68A3EB0B035D449D
:10F0A000A6EB0B06BB60002B3FF479AF002ED4D14A
:10F0B0000AF1080353E902569A460833002EF9D0A4
:10F0C00032460A212846F1F78BFF002800F09D8088
:10F0D0000130A0EB0509C1E720682369984217D8E1
:10F0E0006369B34214D86FF00042B24228BF32467F
:10F0F000E16992FBF3F2D4F824C002FB03F340462B
:10F100004A46E047B0F1000A95DDA6EB0A0679E72A
:10F11000B345DA4628BFB24652464946FEF7A2FD3D
:10F12000A3682268A3EB0A035244A3602260002B69
:10F13000EBD121464046FEF777F80028E5D07AE784
:10F140002068B34632464FE729460192FEF78AFD12
:10F15000019AA3689B1AA360236813442360934613
:10F1600096E723682169A3EB010B636903EB430A6C
:10F170000AEBDA7A0BF101034FEA6A0A334453458A
:10F18000524684BF9A46524643052CD51146404606
:10F19000FBF732F800283BD05A4621690190F1F77D
:10F1A0006FFFA289019B22F4906242F08002A2814B
:10F1B00003EB0B002361AAEB0B03C4F814A0A360BC
:10F1C0002060B34632460FE729465A46FEF74AFD0D
:10F1D00023685B44236021464046FEF725F800285B
:10F1E0003FF456AF27E74046FCF736F803460028C1
:10F1F000DED121694046FAF7B3FEB4F90C300C2297
:10F2000023F08003C8F8002017E7721C914626E718
:10F210000C22B4F90C30C8F800200EE74FF0FF3094
:10F22000BEE600BF00FCFF7F2DE9F0418B890C4654
:10F23000990796B008D504F143030122C4E90432CA
:10F24000236016B0BDE8F081B4F90E10002906461F
:10F2500027DB6A4600F014F9002821DB019D05F444
:10F260007045A5F50055B5FA85F54FF480686D0930
:10F270004FF4006741463046FAF7BEFFB4F90C3050
:10F28000F0B1204AF26343F08003C4F81480A381F4
:10F290002060206135BB3B43A38116B0BDE8F081FF
:10F2A000A38913F0800519D04FF04008414630463D
:10F2B000FAF7A2FF0025B4F90C302F460028E0D160
:10F2C0009A05BED423F0030304F1430243F0020382
:10F2D0000121C4E90421A3812260B2E74FF48068D0
:10F2E0002F46C7E7B4F90E10304600F0DFF810B92A
:10F2F000B4F90C30CFE7A38923F0030343F00103F3
:10F300001BB2C8E785D2000838B5154B1F281D6809
:10F3100020D8D5F8DC22044662B152F820304BB137
:10F32000012B15D0591C0FD0002542F820509847CA
:10F33000284638BD284600F02BF8224601462846CC
:10F34000BDE8384000F00EB816232B60012038BD10
:10F35000002038BD16232B604FF0FF3038BD00BFB2
:10F360000C00002070B50C46084D034600262046D0
:10F3700011461C462E60F3F735F8431C00D070BDD3
:10F380002B68002BFBD0236070BD00BFCC0D00208C
:10F39000F3F726B8F8B50D461446064610B1836B50
:10F3A000002B43D0B4F90C20A369A360170790B2D7
:10F3B0001BD52369CBB1EDB281042F4622D522683B
:10F3C0006169D31A994229DD0133A1680139A1602D
:10F3D000511C2160157062699A422AD0A389DB070B
:10F3E00001D50A2D25D03846F8BD21463046FFF715
:10F3F00047FC20BBB4F90C20236990B2EDB2810424
:10F400002F46DCD442F40052A281626E616922F47C
:10F41000005262662268D31A9942D5DC21463046F2
:10F42000FDF702FF58B922680123CEE7FDF730FF50
:10F43000B8E721463046FDF7F7FE0028D3D04FF05D
:10F44000FF37D0E770B5054684B01C4639B10B4E86
:10F45000D6F8E060B047431C09D004B070BD0A463E
:10F460000649D1F8E06001A9B047431CF5D100225C
:10F470008A2322602B6004B070BD00BF3C040020D2
:10F4800070B50C46084D03460026204611461C4622
:10F490002E60F2F7D6FF431C00D070BD2B68002B06
:10F4A000FBD0236070BD00BFCC0D002038B5074DE8
:10F4B0000022044608462A60F2F7C8FF431C00D029
:10F4C00038BD2B68002BFBD0236038BDCC0D00204D
:10F4D000F8B500BFF8BC08BC9E467047F8B500BF41
:08F4E000F8BC08BC9E46704711
:10F4E8000000003F0000803F0000004000000000D6
:10F4F80000000000010203040607080900000000DC
:10F5080001020304706F735F7069643A6B702C2595
:10F5180066000000706F735F7069643A6B692C2530
:10F5280066000000706F735F7069643A6B642C2525
:10F5380066000000636F6E74726F6C5F6D6F646558
:10F548003A256600636F6E74726F6C5F74797065CC
:10F558003A25660073706565643A25660000000008
:10F56800706F736974696F6E3A25660063617363BF
:10F578006164653A25662C2566000000747970651B
:10F58800335F73706565643A256600007479706549
:10F59800335F706F733A2566000000006361736320
:10F5A800616465335F656E61626C653A256600006B
:10F5B80073706565645F6D6F64653A256600000069
:10F5C800706F736974696F6E5F6D6F64653A2566F5
:10F5D800000000006469723A25660000656E616289
:10F5E8006C653A2566000000252E32662C252E32E1
:10F5F800662C252E32662C252E32662C252E326658
:10F608002C252E32662C252E32662C252E32660AA3
:10F61800000000000001020304050607080C10148E
:10F6280018203040010002000400060008000A000B
:10F638000C001000200040008000000108040204B3
:10F648000801010101010103070100001000002069
:10F65800494E4600696E66004E414E006E616E006E
:10F668003031323334353637383961626364656630
:10F6780000000000303132333435363738394142F2
:10F688004344454600000000286E756C6C29000054
:10F6980030000000202020202020202020202020B2
:10F6A8002020202030303030303030303030303092
:10F6B8003030303065256C64000000000A0001001D
:10F6C8000200030004000500060007000800090006
:10F6D8000A000B000C000D000E000F0010000000C7
:10F6E800002020202020202020202828282828200A
:10F6F8002020202020202020202020202020202002
:10F708002088101010101010101010101010101069
:10F718001004040404040404040404101010101059
:10F728001010414141414141010101010101010123
:10F738000101010101010101010101011010101075
:10F7480010104242424242420202020202020202F5
:10F758000202020202020202020202021010101049
:10F768002000000000000000000000000000000071
:10F778000000000000000000000000000000000081
:10F788000000000000000000000000000000000071
:10F798000000000000000000000000000000000061
:10F7A8000000000000000000000000000000000051
:10F7B8000000000000000000000000000000000041
:10F7C8000000000000000000000000000000000031
:10F7D8000000000000000000000000000000000021
:10F7E800000000004E614E00496E66696E697479CA
:10F7F8000000000042616C6C6F6320737563636581
:10F8080065646564000000002F6D6E742F776F7259
:10F818006B73706163652F776F726B73706163656B
:10F828002F4743432D31302D706970656C696E65C3
:10F838002F6A656E6B696E732D4743432D31302DEA
:10F84800706970656C696E652D3333385F3230329C
:10F8580031313031385F3136333435313632303347
:10F868002F7372632F6E65776C69622F6E65776C84
:10F8780069622F6C6962632F7374646C69622F64A8
:10F88800746F612E6300000043000000504F53491D
:10F89800580000002E0000002F6D6E742F776F72D5
:10F8A8006B73706163652F776F726B7370616365DB
:10F8B8002F4743432D31302D706970656C696E6533
:10F8C8002F6A656E6B696E732D4743432D31302D5A
:10F8D800706970656C696E652D3333385F3230320C
:10F8E80031313031385F31363334353136323033B7
:10F8F8002F7372632F6E65776C69622F6E65776CF4
:10F9080069622F6C6962632F7374646C69622F6D0E
:10F91800707265632E6300000080E03779C341434D
:10F92800176E05B5B5B89346F5F93FE9034F384D5D
:10F93800321D30F94877825A3CBF737FDD4F157509
:10F94800000000000000F03F00000000000024401C
:10F9580000000000000059400000000000408F40F7
:10F96800000000000088C34000000000006AF84062
:10F978000000000080842E4100000000D012634186
:10F988000000000084D797410000000065CDCD41FC
:10F99800000000205FA00242000000E876483742DD
:10F9A800000000A2941A6D42000040E59C30A2427B
:10F9B8000000901EC4BCD64200003426F56B0C43F0
:10F9C8000080E03779C3414300A0D8855734764397
:10F9D80000C84E676DC1AB43003D9160E458E143F8
:10F9E800408CB5781DAF154450EFE2D6E41A4B446D
:10F9F80092D54D06CFF08044F64AE1C7022DB544B2
:10FA0800B49DD9794378EA44050000001900000044
:10FA18007D0000006E660000696E69747900000060
:10FA2800616E000035000000CEFBFFFFCB03000035
:10FA3800010000000000000034000000CEFBFFFFC2
:10FA4800CB030000010000000000000000000000DF
:10FA5800BC89D897B2D29C3C33A7A8D523F649399C
:10FA68003DA7F444FD0FA5329D978CCF08BA5B25BE
:10FA7800436FAC64280668112C2066756E63746940
:10FA88006F6E3A2000000000617373657274696FCD
:10FA98006E2022257322206661696C65643A2066AF
:10FAA800696C6520222573222C206C696E652025DF
:10FAB80064257325730A00002F6D6E742F776F729B
:10FAC8006B73706163652F776F726B7370616365B9
:10FAD8002F4743432D31302D706970656C696E6511
:10FAE8002F6A656E6B696E732D4743432D31302D38
:10FAF800706970656C696E652D3333385F323032EA
:10FB080031313031385F3136333435313632303394
:10FB18002F7372632F6E65776C69622F6E65776CD1
:10FB280069622F6C6962632F7374646C69622F67F2
:10FB380064746F612D6765746865782E63000000D2
:10FB480000000000000000000000000000000000AD
:10FB5800000000000000000000000000000000009D
:10FB6800000000000000000000000000000000008D
:10FB780010111213141516171819000000000000B0
:10FB8800001A1B1C1D1E1F000000000000000000C2
:10FB9800000000000000000000000000000000005D
:10FBA800001A1B1C1D1E1F000000000000000000A2
:10FBB800000000000000000000000000000000003D
:10FBC800000000000000000000000000000000002D
:10FBD800000000000000000000000000000000001D
:10FBE800000000000000000000000000000000000D
:10FBF80000000000000000000000000000000000FD
:10FC080000000000000000000000000000000000EC
:10FC180000000000000000000000000000000000DC
:10FC280000000000000000000000000000000000CC
:10FC380000000000000000000000000000000000BC
:10FC48009CF8000818F60008B80900202020202099
:10FC5800202020202020202020202020303030305C
:0CFC680030303030303030303030303050
:08FC7400A80FFF7F0100000052
:08FC7C00698E00082502000852
:04FC84000102000871
:10FC88000024F40001000000100000001000002013
:10FC980000000000FC02002064030020CC030020C8
:10FCA800000000000000000000000000000000004C
:10FCB800000000000000000000000000000000003C
:10FCC800000000000000000000000000000000002C
:10FCD800000000000000000000000000000000001C
:10FCE800000000000000000000000000000000000C
:10FCF80000000000000000000000000000000000FC
:10FD080000000000000000000000000000000000EB
:10FD180000000000000000000000000000000000DB
:10FD280000000000000000000000000000000000CB
:10FD380000000000000000000100000000000000BA
:10FD48000E33CDAB34126DE6ECDE05000B0000007F
:10FD5800000000000000000000000000000000009B
:10FD6800000000000000000000000000000000008B
:10FD7800000000000000000000000000000000007B
:10FD8800000000000000000000000000000000006B
:10FD9800000000000000000000000000000000005B
:10FDA800000000000000000000000000000000004B
:10FDB800000000000000000000000000000000003B
:10FDC800000000000000000000000000000000002B
:10FDD800000000000000000000000000000000001B
:10FDE800000000000000000000000000000000000B
:10FDF80000000000000000000000000000000000FB
:10FE080000000000000000000000000000000000EA
:10FE180000000000000000000000000000000000DA
:10FE280000000000000000000000000000000000CA
:10FE380000000000000000000000000000000000BA
:10FE480000000000000000000000000000000000AA
:10FE5800000000000000000000000000000000009A
:10FE6800000000000000000000000000000000008A
:10FE7800000000000000000000000000000000007A
:10FE8800000000000000000000000000000000006A
:10FE9800000000000000000000000000000000005A
:10FEA800000000000000000000000000000000004A
:10FEB800000000000000000000000000000000003A
:10FEC800000000000000000000000000000000002A
:10FED800000000000000000000000000000000001A
:10FEE800000000000000000000000000000000000A
:10FEF80000000000000000000000000000000000FA
:10FF080000000000000000000000000000000000E9
:10FF180000000000000000000000000000000000D9
:10FF280000000000000000000000000000000000C9
:10FF380000000000000000000000000000000000B9
:10FF480000000000000000000000000000000000A9
:10FF58000000000000000000000000000000000099
:10FF68000000000000000000000000000000000089
:10FF78000000000000000000000000000000000079
:10FF88000000000000000000000000000000000069
:10FF98000000000000000000000000000000000059
:10FFA8000000000000000000000000000000000049
:10FFB8000000000000000000000000000000000039
:10FFC8000000000000000000000000000000000029
:10FFD8000000000000000000000000000000000019
:10FFE8000000000000000000000000000000000009
:08FFF800000000000000000001
:020000040801F1
:1000000000000000000000000000000000000000F0
:1000100000000000000000000000000000000000E0
:1000200000000000000000000000000000000000D0
:1000300000000000000000000000000000000000C0
:1000400000000000000000000000000000000000B0
:1000500000000000000000000000000000000000A0
:100060000000000000000000000000000000000090
:100070000000000000000000000000000000000080
:100080000000000000000000000000000000000070
:100090000000000000000000000000000000000060
:1000A0000000000000000000000000000000000050
:1000B0000000000000000000000000000000000040
:1000C000880D002043000000000000000000000038
:1000D0000000000000000000000000000000000020
:1000E00000000000430000000000000000000000CD
:1000F0000000000000000000000000000000000000
:1001000000000000430000000000000000000000AC
:1001100000000000000000000000000000000000DF
:10012000000000004300000000000000000000008C
:1001300000000000000000000000000000000000BF
:10014000000000004300000000000000000000006C
:10015000000000000000000000000000000000009F
:10016000000000004300000000000000000000004C
:10017000000000000000000000000000000000007F
:10018000000000004300000000000000000000002C
:10019000000000000000000000000000000000005F
:1001A00000000000A9CF00089DA700080000000083
:1001B000E8F600089CF8000818F6000818F6000891
:1001C00018F6000818F6000818F6000818F60008D7
:1001D00018F6000818F6000818F60008FFFFFFFFE1
:1001E000FFFFFFFFFFFFFFFFFFFF00000100415384
:1001F000434949000000000000000000000000002A
:10020000000000000000000000000000000041535A
:100210004349490000000000000000000000000009
:1002200000000000000000000000000000000000CE
:100230000000000000000000A8050020A805002024
:10024000B0050020B0050020B8050020B80500204A
:10025000C0050020C0050020C8050020C8050020FA
:10026000D0050020D0050020D8050020D8050020AA
:10027000E0050020E0050020E8050020E80500205A
:10028000F0050020F0050020F8050020F80500200A
:1002900000060020000600200806002008060020B6
:1002A0001006002010060020180600201806002066
:1002B0002006002020060020280600202806002016
:1002C00030060020300600203806002038060020C6
:1002D0004006002040060020480600204806002076
:1002E0005006002050060020580600205806002026
:1002F00060060020600600206806002068060020D6
:100300007006002070060020780600207806002085
:100310008006002080060020880600208806002035
:1003200090060020900600209806002098060020E5
:10033000A0060020A0060020A8060020A806002095
:10034000B0060020B0060020B8060020B806002045
:10035000C0060020C0060020C8060020C8060020F5
:10036000D0060020D0060020D8060020D8060020A5
:10037000E0060020E0060020E8060020E806002055
:10038000F0060020F0060020F8060020F806002005
:1003900000070020000700200807002008070020B1
:1003A0001007002010070020180700201807002061
:1003B0002007002020070020280700202807002011
:1003C00030070020300700203807002038070020C1
:1003D0004007002040070020480700204807002071
:1003E0005007002050070020580700205807002021
:1003F00060070020600700206807002068070020D1
:100400007007002070070020780700207807002080
:100410008007002080070020880700208807002030
:1004200090070020900700209807002098070020E0
:10043000A0070020A0070020A8070020A807002090
:10044000B0070020B0070020B8070020B807002040
:10045000C0070020C0070020C8070020C8070020F0
:10046000D0070020D0070020D8070020D8070020A0
:10047000E0070020E0070020E8070020E807002050
:10048000F0070020F0070020F8070020F807002000
:1004900000080020000800200808002008080020AC
:1004A000100800201008002018080020180800205C
:1004B000200800202008002028080020280800200C
:1004C00030080020300800203808002038080020BC
:1004D000400800204008002048080020480800206C
:1004E000500800205008002058080020580800201C
:1004F00060080020600800206808002068080020CC
:10050000700800207008002078080020780800207B
:10051000800800208008002088080020880800202B
:1005200090080020900800209808002098080020DB
:10053000A0080020A0080020A8080020A80800208B
:10054000B0080020B0080020B8080020B80800203B
:10055000C0080020C0080020C8080020C8080020EB
:10056000D0080020D0080020D8080020D80800209B
:10057000E0080020E0080020E8080020E80800204B
:10058000F0080020F0080020F8080020F8080020FB
:1005900000090020000900200809002008090020A7
:1005A0001009002010090020180900201809002057
:1005B0002009002020090020280900202809002007
:1005C00030090020300900203809002038090020B7
:1005D0004009002040090020480900204809002067
:1005E0005009002050090020580900205809002017
:1005F00060090020600900206809002068090020C7
:100600007009002070090020780900207809002076
:100610008009002080090020880900208809002026
:1006200090090020900900209809002098090020D6
:10063000A0090020A0090020FFFFFFFF000002002A
:04064000FF000000B7
:040000050800286D5A
:00000001FF
