:020000040800F2
:100000000000022079280008992300089B2300089B
:100010009D2300089F230008A12300080000000082
:10002000000000000000000000000000A323000802
:10003000A523000800000000A7230008A92300084A
:10004000C9280008C9280008C9280008C9280008CC
:10005000C9280008C9280008C9280008C9280008BC
:10006000C9280008C9280008C9280008C9280008AC
:10007000C9280008C9280008C9280008C92800089C
:10008000C9280008C9280008C9280008C92800088C
:10009000C9280008AD230008C9280008C92800089D
:1000A000C9280008BD230008C9280008C92800087D
:1000B000CD230008C9280008C9280008C92800085D
:1000C000C9280008C9280008C9280008C92800084C
:1000D000C9280008DD230008C9280008C92800082D
:1000E000C9280008C9280008C9280008C92800082C
:1000F000C9280008C9280008C9280008C92800081C
:10010000C9280008C9280008C9280008C92800080B
:10011000C9280008C9280008C9280008C9280008FB
:10012000C9280008C9280008C9280008C9280008EB
:10013000C9280008C9280008C9280008C9280008DB
:10014000C9280008C9280008C9280008C9280008CB
:10015000C9280008C9280008C9280008C9280008BB
:10016000C9280008C9280008C9280008C9280008AB
:10017000C9280008C9280008C9280008C92800089B
:10018000C9280008C9280008C9280008C92800088B
:10019000C928000800000000C9280008C928000874
:1001A000C9280008C9280008C9280008C92800086B
:1001B000C9280008C9280008C9280008C92800085B
:1001C000C9280008C9280008C9280008C92800084B
:0801D000C9280008C928000835
:1002000010B5054C237833B9044B13B10448AFF350
:1002100000800123237010BDBC09002000000000F5
:10022000E0F4000808B5034B1BB103490348AFF3E2
:10023000008008BD00000000C0090020E0F40008B4
:1002400081F0004102E000BF83F0004330B54FEA87
:1002500041044FEA430594EA050F08BF90EA020FF4
:100260001FBF54EA000C55EA020C7FEA645C7FEA87
:10027000655C00F0E2804FEA5454D4EB5555B8BFAA
:100280006D420CDD2C4480EA020281EA030382EA1B
:10029000000083EA010180EA020281EA0303362DAD
:1002A00088BF30BD11F0004F4FEA01314FF4801C80
:1002B0004CEA113102D0404261EB410113F0004F92
:1002C0004FEA03334CEA133302D0524263EB430349
:1002D00094EA050F00F0A780A4F10104D5F1200EE7
:1002E0000DDB02FA0EFC22FA05F2801841F1000142
:1002F00003FA0EF2801843FA05F359410EE0A5F116
:1003000020050EF1200E012A03FA0EFC28BF4CF046
:10031000020C43FA05F3C01851EBE37101F00045FC
:1003200007D54FF0000EDCF1000C7EEB00006EEB09
:100330000101B1F5801F1BD3B1F5001F0CD3490893
:100340005FEA30004FEA3C0C04F101044FEA4452EA
:1003500012F5800F80F09A80BCF1004F08BF5FEA71
:10036000500C50F1000041EB045141EA050130BD51
:100370005FEA4C0C404141EB0101013C28BFB1F563
:10038000801FE9D291F0000F04BF01460020B1FAAE
:1003900081F308BF2033A3F10B03B3F120020CDA81
:1003A0000C3208DD02F1140CC2F10C0201FA0CF05F
:1003B00021FA02F10CE002F11402D8BFC2F1200CC4
:1003C00001FA02F120FA0CFCDCBF41EA0C0190407A
:1003D000E41AA2BF01EB0451294330BD6FEA0404C3
:1003E0001F3C1CDA0C340EDC04F11404C4F12002AE
:1003F00020FA04F001FA02F340EA030021FA04F3C0
:1004000045EA030130BDC4F10C04C4F1200220FA16
:1004100002F001FA04F340EA0300294630BD21FA54
:1004200004F0294630BD94F0000F83F4801306BF1A
:1004300081F480110134013D4EE77FEA645C18BF0E
:100440007FEA655C29D094EA050F08BF90EA020FA5
:1004500005D054EA000C04BF1946104630BD91EA9D
:10046000030F1EBF0021002030BD5FEA545C05D1A0
:100470004000494128BF41F0004130BD14F58004DF
:100480003CBF01F5801130BD01F0004545F0FE4153
:1004900041F470014FF0000030BD7FEA645C1ABF88
:1004A000194610467FEA655C1CBF0B46024650EABF
:1004B000013406BF52EA033591EA030F41F40021EB
:1004C00030BD00BF90F0000F04BF0021704730B571
:1004D0004FF4806404F132044FF000054FF0000146
:1004E00050E700BF90F0000F04BF0021704730B507
:1004F0004FF4806404F1320410F0004548BF4042DC
:100500004FF000013EE700BF42004FEAE2014FEA30
:1005100031014FEA02701FBF12F07F4393F07F4F0B
:1005200081F06051704732F07F4208BF704793F00E
:100530007F4F04BF41F40021704730B54FF4607421
:1005400001F0004521F000411CE700BF50EA010224
:1005500008BF704730B54FF000050AE050EA0102CD
:1005600008BF704730B511F0004502D5404261EB3D
:1005700041014FF4806404F132045FEA915C3FF47E
:10058000D8AE4FF003025FEADC0C18BF03325FEA1B
:10059000DC0C18BF033202EBDC02C2F1200300FACC
:1005A00003FC20FA02F001FA03FE40EA0E0021FAF1
:1005B00002F11444BDE600BF80F0004002E000BF3D
:1005C00081F0004142001FBF5FEA410392EA030F3E
:1005D0007FEA226C7FEA236C6AD04FEA1262D2EB88
:1005E0001363C1BFD218414048404140B8BF5B428D
:1005F000192B88BF704710F0004F40F4000020F026
:100600007F4018BF404211F0004F41F4000121F03B
:100610007F4118BF494292EA030F3FD0A2F1010285
:1006200041FA03FC10EB0C00C3F1200301FA03F1C3
:1006300000F0004302D5494260EB4000B0F5000FE6
:1006400013D3B0F1807F06D340084FEA310102F1A5
:100650000102FE2A51D2B1F1004F40EBC25008BF57
:1006600020F0010040EA03007047490040EB000021
:10067000013A28BFB0F5000FEDD2B0FA80FCACF122
:10068000080CB2EB0C0200FA0CF0AABF00EBC2504F
:1006900052421843BCBFD0401843704792F0000F3D
:1006A00081F4000106BF80F400000132013BB5E790
:1006B0004FEA41037FEA226C18BF7FEA236C21D006
:1006C00092EA030F04D092F0000F08BF084670476B
:1006D00090EA010F1CBF0020704712F07F4F04D139
:1006E000400028BF40F00040704712F100723CBF4C
:1006F00000F50000704700F0004343F0FE4040F476
:10070000000070477FEA226216BF08467FEA236333
:100710000146420206BF5FEA412390EA010F40F41E
:10072000800070474FF0000304E000BF10F000436A
:1007300048BF40425FEA000C08BF704743F0964351
:1007400001464FF000001CE050EA010208BF70476C
:100750004FF000030AE000BF50EA010208BF7047F3
:1007600011F0004302D5404261EB41015FEA010C08
:1007700002BF84460146002043F0B64308BFA3F100
:100780008053A3F50003BCFA8CF2083AA3EBC253E2
:1007900010DB01FA02FC634400FA02FCC2F1200201
:1007A000BCF1004F20FA02F243EB020008BF20F038
:1007B0000100704702F1200201FA02FCC2F120029E
:1007C00050EA4C0021FA02F243EB020008BF20EA93
:1007D000DC7070474FF0FF0C1CEAD0521EBF1CEAC1
:1007E000D15392EA0C0F93EA0C0F6FD01A4480EAAF
:1007F000010C400218BF5FEA41211ED04FF0006398
:1008000043EA501043EA5111A0FB01310CF00040C3
:10081000B1F5000F3EBF490041EAD3715B0040EAE9
:10082000010062F17F02FD2A1DD8B3F1004F40EBB9
:10083000C25008BF20F00100704790F0000F0CF08C
:10084000004C08BF49024CEA502040EA51207F3A50
:10085000C2BFD2F1FF0340EAC250704740F400002B
:100860004FF00003013A5DDC12F1190FDCBF00F01C
:1008700000407047C2F10002410021FA02F1C2F1CA
:10088000200200FA02FC5FEA310040F1000053EA66
:100890004C0308BF20EADC70704792F0000F00F0B4
:1008A000004C02BF400010F4000F013AF9D040EABA
:1008B0000C0093F0000F01F0004C02BF490011F44E
:1008C000000F013BF9D041EA0C018FE70CEAD1534C
:1008D00092EA0C0F18BF93EA0C0F0AD030F0004CCC
:1008E00018BF31F0004CD8D180EA010000F0004080
:1008F000704790F0000F17BF90F0004F084691F03E
:10090000000F91F0004F14D092EA0C0F01D1420277
:100910000FD193EA0C0F03D14B0218BF084608D140
:1009200080EA010000F0004040F0FE4040F400008A
:10093000704740F0FE4040F4400070474FF0FF0C1D
:100940001CEAD0521EBF1CEAD15392EA0C0F93EA64
:100950000C0F69D0A2EB030280EA010C49024FEAB6
:10096000402037D04FF0805343EA111143EA10136F
:100970000CF000408B4238BF5B0042F17D024FF427
:10098000000C8B4224BF5B1A40EA0C00B3EB510F02
:1009900024BFA3EB510340EA5C00B3EB910F24BFEB
:1009A000A3EB910340EA9C00B3EBD10F24BFA3EB70
:1009B000D10340EADC001B0118BF5FEA1C1CE0D138
:1009C000FD2A3FF650AF8B4240EBC25008BF20F0EB
:1009D000010070470CF0004C4CEA50207F32C2BF3F
:1009E000D2F1FF0340EAC250704740F400004FF0DC
:1009F0000003013A37E792F0000F00F0004C02BF0D
:100A0000400010F4000F013AF9D040EA0C0093F0D6
:100A1000000F01F0004C02BF490011F4000F013B30
:100A2000F9D041EA0C0195E70CEAD15392EA0C0F98
:100A300008D142027FF47DAF93EA0C0F7FF470AFD0
:100A4000084676E793EA0C0F04D14B023FF44CAF13
:100A500008466EE730F0004C18BF31F0004CCAD1A8
:100A600030F000427FF45CAF31F000437FF43CAFE4
:100A70005FE700BF4FF0FF3C06E000BF4FF0010C06
:100A800002E000BF4FF0010C4DF804CD4FEA4002E8
:100A90004FEA41037FEA226C18BF7FEA236C11D032
:100AA00001B052EA530C18BF90EA010F58BFB2EBE5
:100AB000030088BFC81738BF6FEAE17018BF40F065
:100AC000010070477FEA226C02D15FEA402C05D119
:100AD0007FEA236CE4D15FEA412CE1D05DF8040B9E
:100AE000704700BF844608466146FFE70FB5FFF731
:100AF000C9FF002848BF10F1000F0FBD4DF808EDE9
:100B0000FFF7F4FF0CBF012000205DF808FB00BFD9
:100B10004DF808EDFFF7EAFF34BF012000205DF833
:100B200008FB00BF4DF808EDFFF7E0FF94BF012080
:100B300000205DF808FB00BF4DF808EDFFF7D2FF7D
:100B400094BF012000205DF808FB00BF4DF808EDC0
:100B5000FFF7C8FF34BF012000205DF808FB00BF8D
:100B60004FEA4002B2F1FE4F0FD34FF09E03B3EBBA
:100B700012620DD94FEA002343F0004310F0004FFA
:100B800023FA02F018BF404270474FF00000704750
:100B900012F1610F01D1420205D110F0004008BFEF
:100BA0006FF0004070474FF00000704742000ED2D7
:100BB000B2F1FE4F0BD34FF09E03B3EB126209D498
:100BC0004FEA002343F0004323FA02F070474FF04E
:100BD0000000704712F1610F01D1420202D14FF0C3
:100BE000FF3070474FF00000704700BF53B94AB95B
:100BF000002908BF00281CBF4FF0FF314FF0FF3025
:100C000000F074B9ADF1080C6DE904CE00F006F8FF
:100C1000DDF804E0DDE9022304B070472DE9F04778
:100C2000089E0D4604468846002B4DD18A429446C4
:100C300068D9B2FA82F252B101FA02F3C2F120018C
:100C400020FA01F10CFA02FC41EA030894404FEA51
:100C50001C45210CB8FBF5FE1FFA8CF705FB1E8323
:100C600041EA03430EFB07F199420BD91CEB030346
:100C70000EF1FF3080F01E81994240F21B81AEF1EF
:100C8000020E63445B1AA4B2B3FBF5F005FB10330C
:100C900044EA034400FB07F7A7420AD91CEB04040B
:100CA00000F1FF3380F00881A74240F205816444DF
:100CB0000238E41B40EA0E4000211EB1D44000235C
:100CC000C6E90043BDE8F0878B4208D9002E00F04A
:100CD000EE800021C6E900050846BDE8F087B3FABA
:100CE00083F100294AD1AB4202D3824200F2F9805B
:100CF000841A65EB030301209846002EE2D0C6E972
:100D00000048DFE702B9FFDEB2FA82F2002A40F0C3
:100D10009180A1EB0C054FEA1C471FFA8CFE0121C4
:100D2000B5FBF7F307FB1350250C45EA00450EFB16
:100D300003F0A84208D91CEB050503F1FF3802D2E5
:100D4000A84200F2CB8043462D1AA4B2B5FBF7F0BF
:100D500007FB105544EA05440EFB00FEA64508D9E2
:100D60001CEB040400F1FF3502D2A64500F2BB8063
:100D70002846A4EB0E0440EA03409EE7C1F1200799
:100D80008B4022FA07FC4CEA030C20FA07F405FA20
:100D900001F31C43FD404FEA1C4900FA01F3B5FB87
:100DA000F9F8200C1FFA8CFE09FB185540EA05459E
:100DB00008FB0EF0A84202FA01F20BD91CEB050564
:100DC00008F1FF3A80F08880A84240F28580A8F1BF
:100DD000020865442D1AA4B2B5FBF9F009FB1055C1
:100DE00044EA054500FB0EFEAE4508D91CEB05059F
:100DF00000F1FF346CD2AE456AD90238654440EA4E
:100E00000840A0FB0294A5EB0E05A542C846A646E5
:100E100056D353D05EB1B3EB080265EB0E0505FA6D
:100E200007F722FA01F3CD401F43C6E90075002100
:100E3000BDE8F087C2F1200320FA03F10CFA02FCAE
:100E400025FA03F395400D434FEA1C471FFA8CFE29
:100E5000B3FBF7F107FB11302B0C43EA004301FB16
:100E60000EF0984204FA02F408D91CEB030301F1D6
:100E7000FF382FD298422DD9023963441B1AADB2E4
:100E8000B3FBF7F007FB103345EA034500FB0EF315
:100E9000AB4208D91CEB050500F1FF3816D2AB4276
:100EA00014D902386544ED1A40EA014138E7314669
:100EB000304607E78646E5E61846FAE64B45A9D2EE
:100EC000B9EB020864EB0C0E0138A3E74046EAE7F1
:100ED000204694E74146D1E7D0467BE7023B654494
:100EE00032E7084609E76444023842E7704700BF2A
:100EF00000000000000000000000000000000000F2
:100F000090F800F06DE9024520F007016FF0000C49
:100F100010F0070491F820F040F049804FF00004F1
:100F20006FF00700D1E9002391F840F000F10800CC
:100F300082FA4CF2A4FA8CF283FA4CF3A2FA8CF304
:100F40004BBBD1E9022382FA4CF200F10800A4FA6B
:100F50008CF283FA4CF3A2FA8CF3E3B9D1E90423BF
:100F600082FA4CF200F10800A4FA8CF283FA4CF3F6
:100F7000A2FA8CF37BB9D1E9062301F1200182FAB0
:100F80004CF200F10800A4FA8CF283FA4CF3A2FAB6
:100F90008CF3002BC6D0002A04BF04301A4612BAC4
:100FA000B2FA82F2FDE8024500EBD2007047D1E9C7
:100FB000002304F00305C4F100004FEAC50514F056
:100FC000040F91F840F00CFA05F562EA05021CBF27
:100FD00063EA050362464FF00004A9E70000000041
:100FE00001F0FF01102A2BDB10F0070F08D010F8DA
:100FF000013B013A8B422DD010F0070F42B3F6D1DE
:10100000F0B441EA012141EA014122F007047FF0F6
:1010100000070023F0E80256083C85EA010586EA4D
:10102000010685FA47F5A3FA87F586FA47F6A5FA89
:1010300087F68EB9EED1F0BC01F0FF0102F0070295
:1010400032B110F8013B013A83EA010313B1F8D140
:101050000020704701387047002D06BF3546033821
:10106000073815F0010F07D1013015F4807F02BF5A
:10107000013015F4C03F0130F0BC0138704700BFAB
:10108000844641EA000313F003036DD1403A41D393
:1010900051F8043B40F8043B51F8043B40F8043B52
:1010A00051F8043B40F8043B51F8043B40F8043B42
:1010B00051F8043B40F8043B51F8043B40F8043B32
:1010C00051F8043B40F8043B51F8043B40F8043B22
:1010D00051F8043B40F8043B51F8043B40F8043B12
:1010E00051F8043B40F8043B51F8043B40F8043B02
:1010F00051F8043B40F8043B51F8043B40F8043BF2
:1011000051F8043B40F8043B51F8043B40F8043BE1
:10111000403ABDD2303211D351F8043B40F8043B81
:1011200051F8043B40F8043B51F8043B40F8043BC1
:1011300051F8043B40F8043B103AEDD20C3205D391
:1011400051F8043B40F8043B043AF9D2043208D089
:10115000D2071CBF11F8013B00F8013B01D30B88FB
:1011600003806046704700BF082A13D38B078DD0D9
:1011700010F003038AD0C3F10403D21ADB071CBFAB
:1011800011F8013B00F8013B80D331F8023B20F815
:10119000023B7BE7043AD9D3013A11F8013B00F84E
:1011A000013BF9D20B7803704B7843708B788370D6
:1011B0006046704770B54FF0FF0C4CF4E06C1CEAD1
:1011C00011541DBF1CEA135594EA0C0F95EA0C0F3D
:1011D00000F0DEF82C4481EA030621EA4C5123EAB0
:1011E0004C5350EA013518BF52EA033541F48011DF
:1011F00043F4801338D0A0FB02CE4FF00005E1FB92
:1012000002E506F00042E0FB03E54FF00006E1FBDB
:1012100003569CF0000F18BF4EF0010EA4F1FF041E
:10122000B6F5007F64F5407404D25FEA4E0E6D415E
:1012300046EB060642EAC62141EA55514FEAC5206F
:1012400040EA5E504FEACE2EB4F1FD0C88BFBCF5EB
:10125000E06F1ED8BEF1004F08BF5FEA500E50F19C
:10126000000041EB045170BD06F0004646EA010162
:1012700040EA020081EA0301B4EB5C04C2BFD4EB94
:101280000C0541EA045170BD41F480114FF0000E8D
:10129000013C00F3AB8014F1360FDEBF002001F0FB
:1012A000004170BDC4F10004203C35DA0C341BDC75
:1012B00004F11404C4F1200500FA05F320FA04F047
:1012C00001FA05F240EA020001F0004221F000417B
:1012D00010EBD37021FA04F642EB06015EEA430EEE
:1012E00008BF20EAD37070BDC4F10C04C4F120051E
:1012F00000FA04F320FA05F001FA04F240EA0200D1
:1013000001F0004110EBD37041F100015EEA430EA1
:1013100008BF20EAD37070BDC4F1200500FA05F2C1
:101320004EEA020E20FA04F301FA05F243EA020340
:1013300021FA04F001F0004121FA04F220EA02004F
:1013400000EBD3705EEA430E08BF20EAD37070BD95
:1013500094F0000F0FD101F00046400041EB010175
:1013600011F4801F08BF013CF7D041EA060195F057
:10137000000F18BF704703F00046520043EB030311
:1013800013F4801F08BF013DF7D043EA06037047FE
:1013900094EA0C0F0CEA135518BF95EA0C0F0CD009
:1013A00050EA410618BF52EA4306D1D181EA03014F
:1013B00001F000414FF0000070BD50EA410606BF49
:1013C0001046194652EA430619D094EA0C0F02D18E
:1013D00050EA013613D195EA0C0F05D152EA0336D3
:1013E0001CBF104619460AD181EA030101F00041F1
:1013F00041F0FE4141F470014FF0000070BD41F03A
:10140000FE4141F4780170BD70B54FF0FF0C4CF413
:10141000E06C1CEA11541DBF1CEA135594EA0C0F32
:1014200095EA0C0F00F0A7F8A4EB050481EA030E7F
:1014300052EA03354FEA013100F088804FEA033366
:101440004FF0805545EA131343EA12634FEA022234
:1014500045EA111545EA10654FEA00260EF00041F5
:101460009D4208BF964244F1FD0404F5407402D247
:101470005B084FEA3202B61A65EB03055B084FEAD8
:1014800032024FF480104FF4002CB6EB020E75EBD5
:10149000030E22BFB61A754640EA0C005B084FEAFD
:1014A0003202B6EB020E75EB030E22BFB61A75467A
:1014B00040EA5C005B084FEA3202B6EB020E75EBC5
:1014C000030E22BFB61A754640EA9C005B084FEA3D
:1014D0003202B6EB020E75EB030E22BFB61A75464A
:1014E00040EADC0055EA060E18D04FEA051545EA39
:1014F00016754FEA06164FEAC30343EA52734FEAE2
:10150000C2025FEA1C1CC0D111F4801F0BD141EA5A
:1015100000014FF000004FF0004CB6E711F4801FBF
:1015200004BF01430020B4F1FD0C88BFBCF5E06F9F
:101530003FF6AFAEB5EB030C04BFB6EB020C5FEAAF
:10154000500C50F1000041EB045170BD0EF0004E04
:101550004EEA113114EB5C04C2BFD4EB0C0541EA36
:10156000045170BD41F480114FF0000E013C90E633
:1015700045EA060E8DE60CEA135594EA0C0F08BFF7
:1015800095EA0C0F3FF43BAF94EA0C0F0AD150EAF6
:1015900001347FF434AF95EA0C0F7FF425AF104689
:1015A00019462CE795EA0C0F06D152EA03353FF4B1
:1015B000FDAE1046194622E750EA410618BF52EA2E
:1015C00043067FF4C5AE50EA41047FF40DAF52EA02
:1015D00043057FF4EBAE12E74FF0FF3C06E000BF9F
:1015E0004FF0010C02E000BF4FF0010C4DF804CDAC
:1015F0004FEA410C7FEA6C5C4FEA430C18BF7FEA6C
:101600006C5C1BD001B050EA410C0CBF52EA430C99
:1016100091EA030F02BF90EA020F0020704710F119
:10162000000F91EA030F58BF994208BF90422CBFA8
:10163000D8176FEAE37040F0010070474FEA410CA1
:101640007FEA6C5C02D150EA013C07D14FEA430CBF
:101650007FEA6C5CD6D152EA033CD3D05DF8040B30
:10166000704700BF8446104662468C461946634662
:1016700000E000BF01B5FFF7B7FF002848BF10F139
:10168000000F01BD4DF808EDFFF7F4FF0CBF01207E
:1016900000205DF808FB00BF4DF808EDFFF7EAFFFA
:1016A00034BF012000205DF808FB00BF4DF808EDB5
:1016B000FFF7E0FF94BF012000205DF808FB00BFAA
:1016C0004DF808EDFFF7CEFF94BF012000205DF834
:1016D00008FB00BF4DF808EDFFF7C4FF34BF012041
:1016E00000205DF808FB00BF4FEA410C7FEA6C5C0C
:1016F00002D150EA013C0AD14FEA430C7FEA6C5C0C
:1017000002D152EA033C02D14FF0000070474FF083
:10171000010070474FEA410212F5001215D211D5AF
:101720006FF47873B3EB625212D94FEAC12343F0DE
:10173000004343EA505311F0004F23FA02F018BF60
:10174000404270474FF00000704750EA013005D129
:1017500011F0004008BF6FF0004070474FF00000EC
:10176000704700BF4A0011D212F5001211D20DD5F8
:101770006FF47873B3EB62520ED44FEAC12343F097
:10178000004343EA505323FA02F070474FF0000041
:10179000704750EA013002D14FF0FF3070474FF0F0
:1017A000000070474FEA4102B2F1E04324BFB3F5B5
:1017B000001CDCF1FE5C0DD901F0004C4FEAC002C8
:1017C0004CEA5070B2F1004F40EB830008BF20F0AC
:1017D0000100704711F0804F21D113F13872BCBF66
:1017E00001F00040704741F480114FEA5252C2F1BB
:1017F0001802C2F1200C10FA0CF320FA02F018BF04
:1018000040F001004FEAC1234FEAD32303FA0CFC56
:1018100040EA0C0023FA02F34FEA4303CCE77FEAE5
:10182000625307D150EA01331EBF4FF0FE4040F42F
:101830004000704701F0004040F0FE4040F40000DE
:10184000704700BF38B505460C46284621460022A1
:101850000023FFF721FF28B928462146BDE838407C
:1018600000F00AB8284604F1004100F005F84042B3
:1018700061EB410138BD00BFD0B50C4B00220646DC
:101880000F46FFF797FCFFF76DFF0446FEF71AFEC1
:10189000074B0022FFF78EFC02460B4630463946C6
:1018A000FEF7D2FCFFF75EFF2146D0BD0000F03D01
:1018B0000000F04170B586B00024009401940294B9
:1018C00001260396049440F2FF730593074D694681
:1018D000284601F06FFA284601F09CFA224631466C
:1018E000284601F089FB06B070BD00BF600A0020E9
:1018F00010B58CB004462422002103A804F0F8F8A7
:101900000023019302934FF400730393082306937B
:1019100044FA03F38DF80A308DF80B4001AA03A9AD
:10192000024801F08EFA0CB010BD00BF600A002022
:1019300000B58DB06B4602AA402101F0ABFA029BC4
:10194000B3F5017F02D00DB05DF804FB9DF80030C7
:101950009DF8012042EA03220A4B1A809DF80210EA
:101960009DF8032042EA01225A809DF804109DF858
:10197000052042EA01229A809DF806209A710122F0
:10198000DA71E0E7D809002070B582B0184C194B25
:10199000236000256560A560E5600023A4F8703031
:1019A000A4F87230636784F87830012284F87920D3
:1019B00084F87A3084F87B3084F87D3084F87C2099
:1019C0000D4E01960D4B00932B460D4A0D4904F127
:1019D000100000F05AFB01960B4B00930B4B2A466C
:1019E0000B4904F1400000F050FB02B070BD00BF95
:1019F000E00900200000484200007A450000FA4556
:101A0000295C8F3D00000C420000164300007B4320
:101A1000000064422A4BDB79002B50D070B5284C73
:101A20000023E371B4F90200FEF780FE2549FEF7BA
:101A300085FF254B9860208893F8783073B1224B4E
:101A400093F87B30013BDBB2012B0ED91E4B0022F9
:101A5000DA6000225A67A3F8720070BD1A4BA3F82F
:101A60007200012283F87820F7E7174BB3F8723041
:101A7000C31A1BB2B3F5805F19DD134A536F013BE4
:101A80005367114CA4F87200666FFEF74BFE4FF0DF
:101A90006451FEF79FFE05463046FEF747FE294695
:101AA000FEF790FD0949FEF749FFE060D5E713F521
:101AB000805FE6DA044A536F01335367E1E770470A
:101AC000D809002000007042E00900200000984181
:101AD000014B1860704700BFE0090020014B5860BF
:101AE000704700BFE0090020014B58601960704743
:101AF000E0090020024B186159619A61704700BFEC
:101B0000E0090020024B186459649A64704700BFD2
:101B1000E009002038B5424B93F8783083B3404B4E
:101B200093F8793063B33E4A92F87B3092F87D2087
:101B3000934209D0012B28D0022B32D00BB3384B63
:101B400093F87B2083F87D20354B1C6893F87B301D
:101B5000012B30D0022B42D0314B93F87A300BB1AD
:101B600004F100442E4DAA68214605F1100000F052
:101B70009CFAFEF7F5FF00B2A5F87000FFF7B8FE7B
:101B800038BD284800F0E1FAD9E7254C04F11000EF
:101B900000F0DBFA04F1400000F0D7FAE36863607C
:101BA000CDE71F4C04F1100000F0CFFA04F1400023
:101BB00000F0CBFAC3E71A48C2684168403000F031
:101BC00074FA04461849FEF7C1FF00B1164C1749D4
:101BD0002046FEF79DFF0028BED0144CBCE7104CF9
:101BE000E268616804F1400000F05FFA054624688D
:101BF00024F000440E492046FEF78AFF00B10C4C49
:101C000029462046FEF784FF0028A5D104F10040B4
:101C100004462946FEF79AFF00289DD12C469BE7F3
:101C2000E0090020200A002000004842000048C2CD
:101C3000CDCCCC3D30B58BB00024059406940794F0
:101C4000089409941C4BDA6C42F02002DA64DA6CD6
:101C500002F020020192019ADA6C42F00402DA6486
:101C6000DA6C02F004020292029ADA6C42F010027C
:101C7000DA64DA6C02F010020392039ADA6C42F032
:101C80000102DA64DB6C03F001030493049B0B4D47
:101C900022464FF44051284601F0EEFB4FF44053EA
:101CA0000593012306930794089405A9284601F09B
:101CB000F5FA0BB030BD00BF001002400010004824
:101CC00030B587B0002401940294039404940594E1
:101CD0000E4BDA6C42F01002DA64DB6C03F0100396
:101CE0000093009B0A4D22464FF44051284601F0D4
:101CF000C3FB4FF4405301930123029303940494D4
:101D000001A9284601F0CAFA07B030BD0010024010
:101D10000010004811F0010F00D1704708B5FFF71F
:101D200007FE08BD08B50268034B9A4200D008BD03
:101D300000F07AFDFBE700BF0038014010B5044613
:101D400002681E4B9A4204D02368B3F1804F03D03F
:101D500010BD00F0C9FDF7E7194A1368013313609D
:101D6000184A136801331360312B17D8144B1A68C3
:101D7000154BA3FB02139B09C82101FB1323B3B12D
:101D800000F07BF9114A136801331360092BDFD986
:101D9000134600221A6000F0F3FCD9E71346002234
:101DA0001A604FF480510A4801F06BFBDEE74FF4F4
:101DB0000051074801F065FBE2E700BF002C01403D
:101DC000A80B0020A40B00201F85EB51AC0B0020BA
:101DD0000010004808B572B60F4C01224FF4805134
:101DE000204601F049FB00224FF40051204601F04B
:101DF00043FB642000F08AFD00224FF4805120460E
:101E000001F03AFB01224FF40051204601F034FB6F
:101E1000642000F07BFDDFE70010004808B50F48A4
:101E20000F4B0360002343608360C36003744374FB
:101E3000837405224261012282610D21C161032167
:101E4000016242628262C262026343638363C3636C
:101E500000F0C6FE00B908BDFFF7BCFF600A002015
:101E60000064004000B589B00023049305930693F5
:101E7000079301930293039314484FF0804202604A
:101E800044F26722426083606322C2600361802360
:101E9000836102F05BFB90B94FF48053049304A973
:101EA0000A4802F08FFB60B900230193039301A954
:101EB000064802F031FC30B909B05DF804FBFFF7C9
:101EC00089FFFFF787FFFFF785FF00BFC40A0020E7
:101ED00008B51548154B03604FF4E1334360002308
:101EE0008360C36003610C2242618361C36103624A
:101EF0004362836203F048FC70B900210A4803F092
:101F000083FD58B90021084803F0A3FD40B90648F5
:101F100003F05BFD30B908BDFFF75CFFFFF75AFF28
:101F2000FFF758FFFFF756FF100B00200038014065
:101F300000B595B03822002106A803F0D9FD002095
:101F40000190029003900490059001F0A3FA012300
:101F500006934FF48033079302230D9303220E92CE
:101F60000C220F9255221092119304221292139375
:101F700006A801F049FB90B90F23019303230293B4
:101F8000002303934FF480620492059304210DEB28
:101F9000010001F0EFFD20B915B05DF804FBFFF77B
:101FA00019FFFFF717FF000038B500F08EFCFFF7B0
:101FB000BFFFFFF73FFEFFF731FFFFF753FFFFF7CC
:101FC00087FFFFF77DFE254C01224FF4805120460C
:101FD00001F052FA01224FF40051204601F04CFA70
:101FE0004FF4FA6000F092FC00224FF4805120463A
:101FF00001F042FA00224FF40051204601F03CFA71
:102000004FF4FA7000F082FC00251FE0134C01220F
:102010004FF48051204601F02FFA01224FF4005175
:10202000204601F029FAC82000F070FC00224FF48D
:102030008051204601F020FA00224FF40051204642
:1020400001F01AFAC82000F061FC0135022DDDDD37
:1020500000F008F8024802F0BDF8FEE70010004862
:10206000C40A002008B5FFF725FC642000F04EFCF0
:10207000FFF78AFC00F01AFA08BD08B5FFF7CAFCA2
:1020800000F020FAFFF746FD08BD01604260836062
:10209000009B8362019BC3620023C36003614361B1
:1020A0008361C361036243627047F8B50446084622
:1020B0001146E0602261FEF783FA05466061E1693E
:1020C000FEF780FA0646E061E76A3946FEF73EFD14
:1020D00038B3E761A1692846FEF772FA0646206226
:1020E00021682846FEF776FB0746E1696068FEF73F
:1020F00071FB01463846FEF765FA0746A16830468F
:10210000FEF768FB01463846FEF75CFA0646606259
:10211000A76A3946FEF71AFD68B16762A561606A71
:10212000F8BD07F1004739463046FEF7F1FC0028BC
:10213000D0D0E761CEE707F1004739463046FEF7D9
:10214000E7FC0028EAD06762E8E700234361836187
:10215000C36103624362704700B583B00B4B1A6ED4
:1021600042F001021A661A6E02F001020092009A11
:102170009A6D42F080529A659B6D03F080530193F3
:10218000019B01F00DFA03B05DF804FB0010024062
:1021900010B59CB0044600211791189119911A911D
:1021A0001B91542202A803F0A3FC22681E4B9A4202
:1021B00001D01CB010BD4FF4805302934FF0007358
:1021C000109302A801F01AFE50BB184B9A6D42F012
:1021D00000729A659A6D02F000720092009ADA6CB1
:1021E00042F00102DA64DB6C03F001030193019B0E
:1021F0004FF4C053179302231893002419941A9490
:1022000009231B9317A94FF0904001F047F822468D
:102210002146152000F0A0FB152000F0D5FBC8E7F3
:10222000FFF7D8FDD1E700BF006400400010024076
:102230000368B3F1804F00D0704700B583B003F559
:1022400004339A6D42F001029A659B6D03F001031D
:102250000193019B002211461C2000F07DFB1C20F5
:1022600000F0B2FB03B05DF804FB000010B59CB0B9
:10227000044600211791189119911A911B9154222B
:1022800002A803F035FC22681B4B9A4201D01CB017
:1022900010BD0123029302A801F0B0FD40BB174B13
:1022A0001A6E42F480421A661A6E02F4804200925C
:1022B000009ADA6C42F00402DA64DB6C03F0040387
:1022C0000193019B30231793022318930024199440
:1022D0001A9407231B9317A9094800F0DFFF224631
:1022E0002146252000F038FB252000F06DFBCEE7CD
:1022F000FFF770FDD3E700BF003801400010024037
:102300000008004830B589B004461E4B1A6E42F4EE
:1023100000621A661B6E03F400630193019B02A91D
:1023200003A801F04DFD01F039FD03461648A0FB5E
:1023300003239B0C013B1548154A026040F2E7322B
:10234000C260436000230361836002F0FFF805462A
:1023500010B1284609B030BD0C4801F03BFF0546DE
:102360000028F6D1192000F02FFB0F2C01D90125F0
:10237000EFE700222146192000F0EEFA054B1C6021
:10238000E7E700BF0010024083DE1B43B00B0020D4
:10239000002C014008000020FEE7FEE7FEE7FEE714
:1023A000FEE77047704770477047000008B5024865
:1023B00000F0AFFE08BD00BF600A002008B502486B
:1023C00001F056FF08BD00BFB00B002008B5024861
:1023D00001F04EFF08BD00BFC40A002008B5024846
:1023E00002F042FA08BD00BF100B00200120704728
:1023F00008B503F053FB162303604FF0FF3008BD10
:1024000008B54FF0FF31FFF7F3FFFEE770B50C465C
:102410001646002506E0AFF30080214601F8010BC7
:1024200001350C46B542F6DB304670BD70B50C4642
:102430001646002504E014F8010BAFF300800135C7
:10244000B542F8DB304670BD4FF0FF3070474FF4B7
:1024500000534B60002070470120704700207047F8
:1024600010B503460C4A0D490D48006840B10C48B0
:1024700000680344521A934206D8094A136010BDFB
:102480000748084C0460F2E703F008FB0C230360E4
:102490004FF0FF30F3E700BF00000220000400000F
:1024A000FC0B0020D00D00207047000008B5012271
:1024B0000249034803F03AFA08BD00BF000C0020AF
:1024C000100B0020984B93F8823103B9704710B578
:1024D00086B005AA9549964803F0A0FB012830D0A4
:1024E00005AA9449924803F099FB012835D005AA22
:1024F00091498F4803F092FB012835D005AA8F49F6
:102500008B4803F08BFB012835D005AA8C498848FD
:1025100003F084FB012835D005AA8A49844803F0DA
:102520007DFB012835D005AA8749814803F076FB59
:10253000012835D10598FEF739FB844B83F87C00E0
:1025400005E0824B9A6959690598FFF7D3FA764BF3
:10255000002283F8822106B010BD7C4B9A69059950
:102560001869FFF7C7FAF2E7784B059A59691869B5
:10257000FFF7C0FAEBE7754B9A6C596C0598FFF7BB
:10258000C1FAE4E7714B9A6C0599186CFFF7BAFA37
:10259000DDE76E4B059A596C186CFFF7B3FAD6E776
:1025A00005AA6B49624803F039FB012806D105985A
:1025B000FEF7FCFA654B83F87B00C8E705AA65497E
:1025C0005B4803F02BFB012830D005AA624958482C
:1025D00003F024FB012831D004AB05AA5F4954481D
:1025E00003F01CFB022831D005AA5D49504803F0D6
:1025F00015FB012833D005AA5A494D4803F00EFBBC
:10260000012830D005AA5849494803F007FB0128A2
:1026100032D100210598FEF799FA40B34B4B0122C5
:1026200083F87920022283F87B2090E70598FFF752
:102630004FFA464B002283F87B2088E70598FFF786
:102640004DFA424B012283F87B2080E704990598DC
:10265000FFF74AFA3D4B022283F87B2077E7059883
:10266000FFF736FA73E70598FFF738FA6FE7374B4D
:10267000002283F879206AE705AA3C492C4803F038
:10268000CDFA012823D13A4A01AB07CA83E80700F3
:10269000059C00212046FEF74FFA00283FF457AF73
:1026A0004FF080412046FEF73DFA00283FF44FAF3F
:1026B0002046FEF755FA06AB03EB800353F8140CE3
:1026C000FFF706FA214B002283F87B203FE705AA9B
:1026D0002849174803F0A2FA01280DD005AA264977
:1026E000134803F09BFA01280ED10598FEF75EFA15
:1026F000164B83F87A002AE70598FFF7EFF9134B9A
:10270000012283F87B2022E705AA1C49084803F030
:1027100085FA01287FF41BAF0598FEF747FA0B4BAB
:1027200083F8790013E700BF000C002020F50008B3
:10273000000D002030F5000840F500081CF50008E9
:102740002CF500083CF500084CF50008E0090020D5
:102750005CF500086CF5000878F5000884F50008C1
:1027600094F50008A4F50008B4F50008C8F50008C1
:10277000F8F40008D8F50008ECF50008F4F50008B6
:102780002DE9F04FD1B0254C2668A768D4F8048015
:10279000D4F80C90D4F834A0D4F864B0B4F9700034
:1027A000FDF7C4FF054694F87B00FDF7BBFFFDF77E
:1027B000ABFECDE90E012846FDF7A6FECDE90C01E2
:1027C0005846FDF7A1FECDE90A015046FDF79CFEF3
:1027D000CDE908014846FDF797FECDE906014046E0
:1027E000FDF792FECDE904013846FDF78DFECDE9F7
:1027F00002013046FDF788FECDE90001084A4FF49A
:10280000807110A803F0C6F9642382B210A90548AC
:1028100002F0ECFE51B0BDE8F08F00BFE0090020EF
:1028200000F60008100B002008B5114B1B780A2B8E
:102830000CD00F4AB2F880217E2A13D80C49501CC4
:10284000A1F880010A4482F800310BE0084BB3F88C
:1028500080211A44002182F80011012283F882218C
:10286000A3F8801101220249024803F05FF808BD75
:10287000000C0020100B00200D488546FFF714FEC9
:102880000C480D490D4A002302E0D458C4500433CB
:10289000C4188C42F9D30A4A0A4C002301E01360A1
:1028A0000432A242FBD303F0FFF8FFF77DFBFEE703
:1028B0000000022000000020BC09002098FC000855
:1028C000BC090020D00D0020FEE710B5032000F069
:1028D00031F80F20FFF716FD10B10124204610BD7E
:1028E0000446FFF739FCF9E7034A1368034909680E
:1028F0000B441360704700BF840D002004000020CB
:10290000014B1868704700BF840D002038B504469D
:10291000FFF7F6FF0546B4F1FF3F02D0044B1B68FA
:102920001C44FFF7EDFF401BA042FAD338BD00BFA7
:1029300004000020074AD36823F4E0631B041B0C47
:10294000000200F4E060034343F0BF6343F400334C
:10295000D360704700ED00E000B5194BDB68C3F3AE
:102960000223C3F1070CBCF1040F28BF4FF0040C85
:1029700003F1040EBEF1060F18D9033B4FF0FF3EE2
:102980000EFA0CFC21EA0C0199400EFA03F322EA3C
:102990000303194300280BDB0901C9B200F16040B1
:1029A00000F5614080F800135DF804FB0023E5E7C3
:1029B00000F00F000901C9B2024B1954F4E700BF3F
:1029C00000ED00E014ED00E0002807DB00F01F023E
:1029D000400901239340024A42F82030704700BF6B
:1029E00000E100E0034690F82520D2B2022A09D087
:1029F0000422C2630120012283F82520002283F8EB
:102A00002420704701680A6822F00E020A60816C77
:102A10000A6822F480720A6001680A6822F00102E2
:102A20000A60426C02F01F01006C01228A40426081
:102A3000DA6C196D51605A6D42B1116821F48071E0
:102A400011609A6DD96D51600020D4E70020D2E763
:102A500008B590F82530DBB2022B09D00423C363FC
:102A6000012380F82530002280F82420184608BD74
:102A70000268136823F00E0313600268136823F0E2
:102A800001031360826C136823F480731360436C3A
:102A900003F01F02016C012393404B60C36C026D75
:102AA0005A60436D33B11A6822F480721A60836DE4
:102AB000C26D5A60012380F82530002380F824304D
:102AC000836B13B198470020D1E70020CFE70000C7
:102AD00002681D4B9A422AD01C491D4B9A4228D0AD
:102AE0000164D2F8803023F4F813D0F834C043EAFC
:102AF0000C43C2F8803001F1700343640268D2F8DD
:102B0000803023F07063D0F838C043EA0C63C2F819
:102B1000803001F1B003836401F5C473C36401F52F
:102B20001873036501F51E7343650B4607E00949F9
:102B3000D3E701F5D461D3E7002243F8042B01F574
:102B400054729A42F8D870470068004000A40040D0
:102B5000006C004050A7004070B54C68ECB90D699E
:102B60008C6825430C6845EA8445CC690E6A44EAC2
:102B700006648E6934434E693443CE6844EA0644A1
:102B8000406D03EBC30300EBC30E40F83350CEF8A7
:102B900004400EF1080E002019E00C698D682543F1
:102BA0000C68254345F08045DFE702EB000C9CF8FC
:102BB00003409CF802301B0443EA04639CF8014084
:102BC00043EA0423145C23434EF8043B0430CB68EF
:102BD000024CE35C8342E8D870BD00BF2CF60008CD
:102BE000002800F0E38038B5044690F85C30D3B19B
:102BF0002268936923F010039361FFF781FE054675
:102C000023689A6912F0080F12D0FFF779FE401B73
:102C10000A28F5D9236E43F001032366032384F8C1
:102C20005C30012038BD80F85D30FFF7B1FADFE796
:102C30009A6942F001029A61FFF762FE0546236835
:102C40009A6912F0010F0DD1FFF75AFE401B0A28B6
:102C5000F5D9236E43F001032366032384F85C3027
:102C60000120DFE79A6942F002029A612268504B24
:102C70009A4242D0237C012B45D02268936943F0CD
:102C800040039361637C012B43D02268936923F452
:102C900080439361A37C012B41D02268936943F464
:102CA000805393612268936923F44073A1680B43B6
:102CB00093612268936923F0A403936122681369E6
:102CC00023F010031361E368012B2ED0002B31D0C9
:102CD000022B54D02268936943F0800393612268E9
:102CE000136943F010031361E368032B22D12268B8
:102CF000936943F0200393611CE06268A3F580634D
:102D0000C3F80025B6E72268936923F04003936176
:102D1000B8E72268936943F480439361BAE7226875
:102D2000936923F480539361BCE72268936943F06D
:102D300004039361A3695A1EE369013B1B0243EA42
:102D40004263226A013A13436269013A216843EA05
:102D50000243CB61A368B3F5407F16D02268D2F856
:102D6000C030E16B0B43C2F8C0302046FFF7B0FE25
:102D70000020A0652066012384F85C3052E72268B9
:102D8000936943F020039361D4E7A36A013BE26AAD
:102D9000013A43EA0223226B013A43EA0213626AD0
:102DA000013A216843EA0243CB60D7E7012070472C
:102DB0000064004090F85C30013BDBB2012B05D988
:102DC000036E43F002030366012070470B687BB972
:102DD0008A68CB68DB0643EA82730A6943EA0243E6
:102DE0004A691343026C496842F821300020704759
:102DF000CA680B6943EA42724B69D1F808C043EADA
:102E00008C73406C496800EBC10C40F83120CCF861
:102E10000430EBE790F85C30DBB2012B05D0036E99
:102E200043F00403036601207047022380F85C30FE
:102E30000268936923F00103936100230366184637
:102E4000704738B5044690F85C30DBB2022B1BD1DA
:102E50000368D3F8C40010F4001F05D0236E43F4B8
:102E600000732366012014E0D3F8C450C5F3014574
:102E70002B462046FFF770FE22680123AB40C2F8C4
:102E8000CC30A365002004E0036E43F00803036622
:102E9000012038BD70B590F85C40E4B2022C40F0DF
:102EA000A28040290BD00468D4F8985015F00F0F79
:102EB0002DD1036E43F480730366012098E004680B
:102EC000D4F8905015F00F0F05D1036E43F48073C2
:102ED000036601208CE0D4F89050C5F3006C15F027
:102EE000807F08D0D4F88050C5F3402C15F4007FC3
:102EF00001D04FF0010CD4F89040C4F301240CEB46
:102F00000405846C05EBC50C04EBCC0C1AE0D4F87A
:102F10009850C5F3006C15F0807F08D0D4F880502D
:102F2000C5F3002C15F4807F01D04FF0010CD4F8CC
:102F30009840C4F301240CEB0405C46C05EBC50CEC
:102F400004EBCC0CDCF8004004F08044546074BB0B
:102F5000DCF80040C4F38A441460DCF8004004F05C
:102F600000549460DCF8004004F000441461BCF8A4
:102F70000440D461BCF8064004F00F04D460DCF8CF
:102F8000044004F480145461DCF8044004F4001498
:102F900094619CF8074004F07F041462DCF804405C
:102FA000E40F54620CF1080E4FF0000C0BE0DCF85B
:102FB000004024F060441460CFE71EF80C4003F892
:102FC0000C400CF1010C0B4CD668A45D6445F4D8A0
:102FD000402904D00368C3F89C50002008E003682F
:102FE000C3F89450F9E7036E43F008030366012029
:102FF00070BD00BF2CF6000890F85C30013BDBB2DE
:10300000012B05D9036E43F00203036601207047CC
:1030100070B40468A36D11F0070602D013F0010F1D
:1030200023D011F0380F02D013F0020F1DD011F48D
:10303000E07F02D013F0040F17D011F4F05F02D03C
:1030400013F0080F11D011F4604F02D013F0100FDD
:103050000BD011F4403F02D013F0200F05D011F433
:103060007C0F06D013F0400F03D1E56D45F001054C
:10307000E56516B113F0010F23D111F0380F02D01E
:1030800013F0020F1DD111F4E07F02D013F0040FF2
:1030900017D111F4F05F02D013F0080F11D111F421
:1030A000604F02D013F0100F0BD111F4403F02D04B
:1030B00013F0200F05D111F47C0F07D013F0400F4F
:1030C00004D00468E36D43F00203E36511F0800F60
:1030D00005D00468D4F8DC301343C4F8DC3011F4B4
:1030E000807F05D00468D4F8E0301A43C4F8E020AB
:1030F0000268536D19435165002070BC70477047DA
:103100007047704770477047704770477047704707
:1031100070472DE9F84F044603681A6D02F4E05A2F
:103120005A6D0AEA020A1A6D02F007095A6D09EA95
:1031300002091A6D02F038085A6D08EA02081E6D7D
:1031400006F471065A6D16401F6D07F460275A6D1C
:103150001740D3F854B01D6D15F0400F02D01BF08E
:10316000400F41D115F4807F02D01BF4807F40D105
:10317000BAF1000F4AD1B9F1000F4FD1B8F1000FE9
:1031800054D115F4007F02D01BF4007F56D115F006
:10319000800F02D01BF0800F58D115F4005F02D0D1
:1031A0001BF4005F5ED115F4004F02D01BF4004FFA
:1031B00060D115F4804F0AD01BF4804F07D02368EC
:1031C0004FF480421A65236E43F080032366002F7C
:1031D00058D126B123681E65236E1E432666236ED2
:1031E000002B56D1BDE8F88F40221A65FFF78EFFFD
:1031F000B8E72368D3F8D810D3F8E0204FF48070F4
:10320000186511402046FFF77EFFB1E72368C3F839
:1032100050A051462046FFF772FFACE72368C3F881
:10322000509049462046FEF775FDA7E72368C3F88E
:10323000508041462046FFF763FFA2E723684FF422
:1032400000721A652046FFF75CFFA0E72368D3F8F9
:10325000D410D3F8DC208020186511402046FFF7F9
:1032600051FF9AE723684FF400521A652046FFF792
:103270004BFF98E723684FF400421A652046FFF79A
:1032800044FF96E723681F6539462046FFF740FF55
:103290009FE72046FFF73BFFA4E7000070B582B030
:1032A000002365E085685E000324B44025EA040538
:1032B000CC68B4402C438460446824EA0C0C4C680D
:1032C000C4F300149C4044EA0C04446061E0DD084F
:1032D000083550F8256003F007044FEA840C0F24EA
:1032E00004FA0CF426EA040E0C6904FA0CF444EA1D
:1032F0000E0440F8254063E0052400E0002404FAB1
:103300000EF42C430CF1020C574D45F82C40574C51
:10331000A568D44325EA0206D1F804C01CF4801F36
:1033200001D042EA0506514DAE60ED6804EA05069B
:10333000D1F804C01CF4001F01D042EA05064B4D31
:10334000EE606D6804EA0506D1F804C01CF4003F85
:1033500001D042EA0506454D6E602D682C404E684E
:1033600016F4803F01D042EA0504404A146001335C
:103370000A6832FA03F474D04FF0010C0CFA03FC23
:103380001CEA0202F3D04C6804F00304013C012C57
:1033900088D94C6804F00304032C0CD0C4685D0089
:1033A0004FF0030C0CFA05FC24EA0C0C8C68AC40C2
:1033B00044EA0C04C4604C6804F00304022C86D078
:1033C00004684FEA430E4FF0030C0CFA0EFC24EA9B
:1033D0000C0C4C6804F0030404FA0EF444EA0C04E8
:1033E00004604C6814F4403FC1D0214C256E45F078
:1033F00001052566246E04F001040194019C4FEA46
:10340000930C0CF10205184C54F8255003F00304FA
:103410004FEA840E0F2404FA0EF425EA0405B0F1F5
:10342000904F3FF46BAF134CA04212D004F5806470
:10343000A04210D004F58064A0420ED004F5806450
:10344000A0420CD004F58064A0423FF455AF06249E
:1034500055E7012453E7022451E703244FE70424EE
:103460004DE702B070BD00BF000001400004014004
:1034700000100240000400480AB181617047816277
:103480007047436901EA030221EA030141EA02416C
:1034900081617047002836D13E4B1B6803F4C0633E
:1034A000B3F5806F08D03B4AD2F8803023F48073A4
:1034B000C2F8803000207047364AD2F8803023F4BA
:1034C0008073C2F88030136823F4C06343F4007340
:1034D0001360314B1B68322202FB03F32F4AA2FB1D
:1034E00003239B0C013300E0013B2A4A526912F48A
:1034F000806F01D0002BF7D1264B5B6913F4806FEE
:1035000044D100207047B0F5007F08D0214A1368ED
:1035100023F4C06343F480631360002070471D4BA5
:103520001B6803F4C063B3F5806F08D0194AD2F862
:10353000803043F48073C2F8803000207047154A11
:10354000D2F8803043F48073C2F88030136823F4DB
:10355000C06343F4007313600F4B1B68322202FBFD
:1035600003F30E4AA2FB03239B0C013300E0013B53
:10357000084A526912F4806F01D0002BF7D1054B35
:103580005B6913F4806F03D10020704703207047FC
:1035900003207047007000400000002083DE1B43C2
:1035A000024A936843F48043936070470070004080
:1035B000124BDA6802F00302D868C0F30310431C10
:1035C000032A11D00E48B0FBF3F00C4BDB68C3F3B9
:1035D000062303FB00F0094BDB68C3F341630133AF
:1035E0005B00B0FBF3F070470648B0FBF3F0034B11
:1035F000DB68C3F3062303FB00F0ECE70010024096
:103600000024F400006CDC02002800F04F8270B54A
:1036100082B00446036813F0010F37D0A44A9368C0
:1036200003F00C03D26802F003020C2B23D0082B0A
:1036300023D06368B3F5803F4ED0B3F5A02F51D0AF
:103640009B4B1A6822F480321A601A6822F4802296
:103650001A606368002B52D0FFF752F90546944B6D
:103660001B6813F4003F11D1FFF74AF9401B64288F
:10367000F5D9032023E2032AD9D18D4B1B6813F41B
:10368000003F03D06368002B00F01282236813F020
:10369000020F5DD0864A936803F00C03D26802F0F3
:1036A00003020C2B3AD0042B3AD0E368002B75D0E0
:1036B0007F4A136843F480731360FFF721F90546CE
:1036C0007B4B1B6813F4806F5FD1FFF719F9401B28
:1036D0000228F5D90320F2E1754A136843F48033D8
:1036E0001360B6E703F18043A3F53C331A6842F454
:1036F00080221A601A6842F480321A60A9E7FFF744
:10370000FFF805466A4B1B6813F4003FBED0FFF775
:10371000F7F8401B6428F5D90320D0E1022AC2D172
:10372000634B1B6813F4806F03D0E368002B00F039
:10373000C1815F4A536823F0FE43216943EA016374
:1037400053605C4B1868FEF7DDFD002840F0B48143
:10375000236813F0080F4CD063699BB3544AD2F826
:10376000943043F00103C2F89430FFF7C9F80546DE
:103770004F4BD3F8943013F0020F3AD1FFF7C0F853
:10378000401B0228F4D9032099E1494A536823F0E9
:10379000FE43216943EA01635360D9E7444A136851
:1037A00023F480731360FFF7ABF80546404B1B68AA
:1037B00013F4806FCCD0FFF7A3F8401B0228F5D993
:1037C00003207CE13A4AD2F8943023F00103C2F896
:1037D0009430FFF795F80546354BD3F8943013F045
:1037E000020F06D0FFF78CF8401B0228F4D9032003
:1037F00065E1236813F0040F00F081802C4B9B6D72
:1038000013F0805F36D12A4B9A6D42F080529A6550
:103810009B6D03F080530193019B0125264B1B6890
:1038200013F4807F28D0A368012B39D0052B45D015
:103830001F4BD3F8902022F00102C3F89020D3F858
:10384000902022F00402C3F89020A368002B43D0FC
:10385000FFF756F80646164BD3F8903013F0020FD8
:103860004CD1FFF74DF8801B41F288339842F2D9D2
:10387000032024E10025D1E70F4A136843F4807345
:103880001360FFF73DF806460B4B1B6813F4807F6F
:10389000C9D1FFF735F8801B0228F5D903200EE1C6
:1038A000034AD2F8903043F00103C2F89030CCE7DD
:1038B000001002400800002000700040884BD3F840
:1038C000902042F00402C3F89020D3F8902042F0F8
:1038D0000102C3F89020B8E7FFF712F80646804BC4
:1038E000D3F8903013F0020F08D0FFF709F8801BCF
:1038F00041F288339842F2D90320E0E0E5B9236829
:1039000013F0200F35D0A369E3B1754AD2F898308F
:1039100043F00103C2F89830FEF7F2FF0546704B02
:10392000D3F8983013F0020F23D1FEF7E9FF401BC4
:103930000228F4D90320C2E0694A936D23F0805332
:103940009365DCE7664AD2F8983023F00103C2F8A9
:103950009830FEF7D5FF0546614BD3F8983013F049
:10396000020F06D0FEF7CCFF401B0228F4D903203B
:10397000A5E0E369002B00F0A180594A926802F0AB
:103980000C020C2A64D0022B13D0554A136823F082
:1039900080731360FEF7B4FF0446514B1B6813F0AD
:1039A000007F4ED0FEF7ACFF001B0228F5D90320A4
:1039B00085E04B4A136823F080731360FEF7A0FF85
:1039C0000546474B1B6813F0007F06D0FEF798FFB3
:1039D000401B0228F5D9032071E0414AD3684149D0
:1039E0001940236A606A013843EA0013A06A43EA77
:1039F0000023206B4008013843EA4053606B4008C5
:103A0000013843EA4063E06A43EAC0630B43D36092
:103A1000136843F080731360D36843F08073D360FE
:103A2000FEF76EFF04462E4B1B6813F0007F06D195
:103A3000FEF766FF001B0228F5D903203FE00020B7
:103A40003DE0274AD168284B0B40D360002036E088
:103A5000012B36D0224BDB6803F00301226A91422E
:103A600031D103F0F002616A0139B2EB011F2CD1B0
:103A700003F4FE42A16AB2EB012F28D103F0784291
:103A8000E16AB2EBC16F24D103F4C001226B52088A
:103A9000013AB1EB425F1ED103F0C063626B520882
:103AA000013AB3EB426F18D1002008E001207047C3
:103AB000012004E0012002E0012000E0002002B02B
:103AC00070BD0120FBE70120F9E70120F7E70120A5
:103AD000F5E70120F3E70120F1E70120EFE700BF60
:103AE000001002400C809F01FCFFEEFE1E4B9B6805
:103AF00003F00C03042B33D01B4B9B6803F00C0327
:103B0000082B2FD0184B9B6803F00C030C2B01D013
:103B100000207047144BDA6802F00302D868C0F343
:103B20000310431C032A11D01048B0FBF3F00E4BD6
:103B3000DB68C3F3062303FB00F00B4BDB68C3F326
:103B4000416301335B00B0FBF3F070470848B0FB02
:103B5000F3F0054BDB68C3F3062303FB00F0ECE74F
:103B60000248704702487047001002400024F400E9
:103B7000006CDC02002800F0E680F8B50C46054633
:103B8000744B1B6803F00F038B420BD2714A13680E
:103B900023F00F030B431360136803F00F038B42F2
:103BA00040F0D3802E6816F001065FD06B68032BBF
:103BB0002FD0022B4DD0684B1B6813F4806F00F0A0
:103BC000C680FFF793FF654B98424DD9624A9368D0
:103BD00023F0F00343F08003936080265E4A9368ED
:103BE00023F0030369680B439360FEF789FE0746E1
:103BF000594B9B6803F00C036A68B3EB820F35D016
:103C0000FEF77EFEC01B41F288339842F0D90320B4
:103C100078E0514B1B6813F0007F01D1012071E067
:103C2000FFF7C6FC4D4B98421AD94B4B9B6813F0DB
:103C3000F00F05D02E6816F00206CFD0AB688BB916
:103C4000454A936823F0F00343F080039360802695
:103C5000C4E7414B1B6813F4003FB2D1012051E08F
:103C60000026BBE70026B9E70026B7E72B6813F06C
:103C7000020F48D013F0040F04D0374A936843F47E
:103C8000E06393602B6813F0080F06D0324A936804
:103C900023F47C5343F4E06393602F4A936823F04A
:103CA000F003A9680B4393602A4B1B6803F00F03D2
:103CB000A34230D82B6813F0040F06D0264A93682D
:103CC00023F4E063E9680B4393602B6813F0080F5B
:103CD00007D0214A936823F46053296943EAC1035A
:103CE0009360FFF703FF1C4B9B68C3F303131C4A4D
:103CF000D35C03F01F03D8401A4B18601A4B1868A6
:103D0000FEF700FBF8BD802ECED1134A936823F056
:103D1000F0039360C8E70F4A136823F00F032343AF
:103D20001360FEF7EDFD06460A4B1B6803F00F0318
:103D3000A342BFD0FEF7E4FD801B41F288339842D6
:103D4000F2D90320DEE7012070470120DAE70120E5
:103D5000D8E700BF002002400010024000B4C404B5
:103D600004F500080000002008000020014B18683E
:103D7000704700BF0000002008B5FFF7F7FF054BB4
:103D80009B68C3F30223044AD35C03F01F03D840AB
:103D900008BD00BF0010024014F5000808B5FFF789
:103DA000E5FF054B9B68C3F3C223044AD35C03F0D1
:103DB0001F03D84008BD00BF0010024014F50008E2
:103DC0000F2303600B4B9A6802F0030242609A686B
:103DD00002F0F00282609A6802F4E062C2609B68BE
:103DE000DB0803F4E0630361034B1B6803F00F037C
:103DF0000B6070470010024000200240F0B583B015
:103E00000446036813F4002F6ED0354B9B6D13F0FE
:103E1000805F1ED1324B9A6D42F080529A659B6D45
:103E200003F080530193019B01262E4A136843F44B
:103E300080731360FEF764FD05462A4B1B6813F47C
:103E4000807F08D1FEF75CFD401B0228F5D90325D1
:103E500002E00026E9E7002545BB214BD3F890306E
:103E600013F4407315D0226D9A4212D01C4AD2F836
:103E7000903023F44073D2F8901041F48031C2F8AE
:103E80009010D2F8901021F48031C2F89010C2F84E
:103E9000903013F0010F10D145B9114AD2F890308B
:103EA00023F44073216D0B43C2F89030EEB10C4AFD
:103EB000936D23F08053936517E0FEF721FD0746CD
:103EC000074BD3F8903013F0020FE5D1FEF718FD41
:103ED000C01B41F288339842F2D90325DCE700BFCA
:103EE00000100240007000400025236813F0010F0D
:103EF00008D09F4AD2F8883023F0030361680B434F
:103F0000C2F88830236813F0020F08D0984AD2F81C
:103F1000883023F00C03A1680B43C2F88830236873
:103F200013F0040F08D0924AD2F8883023F03003FF
:103F3000E1680B43C2F88830236813F0080F08D0FB
:103F40008B4AD2F8883023F0C00321690B43C2F8B2
:103F50008830236813F0100F08D0854AD2F88830D3
:103F600023F4407361690B43C2F88830236813F06F
:103F7000200F08D07E4AD2F8883023F44063A1692C
:103F80000B43C2F88830236813F0400F08D0784AFA
:103F9000D2F8883023F44053E1690B43C2F88830EB
:103FA000236813F0800F08D0714AD2F8883023F4C8
:103FB0004043216A0B43C2F88830236813F4807FA2
:103FC00008D06B4AD2F8883023F44033616A0B433F
:103FD000C2F88830236813F4003F08D0644AD2F84E
:103FE0009C3023F00303A16A0B43C2F89C30236882
:103FF00013F4007F08D05E4AD2F8883023F44023BF
:10400000E16A0B43C2F88830236813F4806F0CD048
:10401000574AD2F8883023F44013216B0B43C2F87F
:104020008830236BB3F5801F79D0236813F4006FB9
:104030000CD04F4AD2F8883023F44003616B0B4315
:10404000C2F88830636BB3F5800F6DD0236813F42A
:10405000805F0CD0464AD2F8883023F04073A16BC1
:104060000B43C2F88830A36BB3F1807F61D0236823
:1040700013F4005F0CD03E4AD2F8883023F040633E
:10408000E16B0B43C2F88830E36BB3F1006F55D09E
:10409000236813F4804F0CD0354AD2F8883023F0CF
:1040A0004063216C0B43C2F88830236CB3F1006F7E
:1040B00049D0236813F4004F0CD02D4AD2F8883031
:1040C00023F04053616C0B43C2F88830636CB3F14A
:1040D000805F3DD0236813F4803F0CD0244AD2F88F
:1040E000883023F04043A16C0B43C2F88830A36CA6
:1040F000B3F1804F31D0236813F4802F0CD01C4AC9
:10410000D2F89C3023F44013E16C0B43C2F89C308E
:10411000E36CB3F5001F25D0284603B0F0BDD3688B
:1041200043F48013D36080E7D36843F48013D360F3
:104130008CE7D36843F48013D36098E7D36843F4E3
:104140008013D360A4E7D36843F48013D360B0E74F
:10415000D36843F48033D360BCE7D36843F480333F
:10416000D360C8E7D36843F48013D360D4E700BFBB
:104170000010024010B4036A046A24F001040462CF
:10418000846924F0F00C4CEA021223F00A030B437A
:104190008261036210BC704710B4036A046A24F0A1
:1041A00010040462846924F4704C4CEA023223F057
:1041B000A00343EA01138261036210BC7047836865
:1041C00023F4401323F070030B4343F00703836091
:1041D0007047000090F83D30DBB2012B3AD102234A
:1041E00080F83D300268D36843F00103D360036870
:1041F0001B4A934220D0B3F1804F1DD0A2F59432D8
:10420000934219D002F58062934215D002F5806284
:10421000934211D002F5943293420DD002F54062E0
:10422000934209D002F58052934205D01A6842F0B9
:1042300001021A600020704799680A4A0A40062A5B
:104240000AD0B2F5803F09D01A6842F001021A6024
:104250000020704701207047002070470020704701
:10426000002C0140070001007047704770477047FD
:1042700070B505460368DE681C6914F0020F10D0A3
:1042800016F0020F0DD06FF002021A6101230377BE
:1042900003689B6913F0030F7CD0FFF7E6FF002350
:1042A0002B7714F0040F12D016F0040F0FD02B68E8
:1042B0006FF004021A6102232B772B689B6913F4B9
:1042C000407F6DD02846FFF7D0FF00232B7714F0F6
:1042D000080F12D016F0080F0FD02B686FF00802ED
:1042E0001A6104232B772B68DB6913F0030F5ED070
:1042F0002846FFF7BAFF00232B7714F0100F12D0D7
:1043000016F0100F0FD02B686FF010021A610823FF
:104310002B772B68DB6913F4407F4FD02846FFF7DB
:10432000A4FF00232B7714F0010F02D016F0010F29
:104330004BD114F4025F02D016F0800F4DD114F46B
:10434000807F02D016F0800F4FD114F0400F02D0C2
:1043500016F0400F51D114F0200F02D016F0200FAC
:1043600053D114F4801F02D016F4801F55D114F4D9
:10437000001F02D016F4001F57D114F4800F02D092
:1043800016F4800F59D114F4000F02D016F4000F68
:104390005BD170BDFFF768FF2846FFF767FF7EE738
:1043A0002846FFF761FF2846FFF760FF8DE72846A4
:1043B000FFF75AFF2846FFF759FF9CE72846FFF70B
:1043C00053FF2846FFF752FFABE72B686FF001025F
:1043D0001A612846FDF7B2FCABE72B686FF4025276
:1043E0001A61284600F0EFF9A9E72B686FF4807294
:1043F0001A61284600F0E8F9A7E72B686FF0400241
:104400001A612846FFF733FFA5E72B686FF02002FB
:104410001A61284600F0D6F9A3E72B686FF48012E2
:104420001A61284600F0D1F9A1E72B686FF4001259
:104430001A61284600F0CAF99FE72B686FF48002E2
:104440001A61284600F0C3F99DE72B686FF400025B
:104450001A61284600F0BCF99BE7000003683A4A5D
:10446000904216D0B0F1804F13D0A2F59432904212
:104470000FD002F5806290420BD002F5806290422C
:1044800007D002F59432904203D002F5E0529042F8
:1044900003D123F070034A6813432B4A904222D081
:1044A000B0F1804F1FD0A2F5943290421BD002F59C
:1044B0008062904217D002F58062904213D002F5DC
:1044C000943290420FD002F5406290420BD002F538
:1044D0008062904207D002F58062904203D002F5DC
:1044E0000062904203D123F44073CA68134323F05F
:1044F00080034A69134303608B68C3620B6883625D
:10450000114B984213D003F5006398420FD003F586
:10451000406398420BD003F58063984207D003F5BF
:104520008063984203D003F50063984201D10B6980
:10453000036301234361036913F0010F03D003698F
:1045400023F0010303617047002C014060B310B5F4
:10455000044690F83D3013B3022384F83D302146E1
:1045600051F8040BFFF77AFF012384F8483084F8F0
:104570003E3084F83F3084F8403084F8413084F88D
:10458000423084F8433084F8443084F8453084F86D
:10459000463084F8473084F83D30002010BD80F864
:1045A0003C30FDF745FED7E70120704710B4846822
:1045B00024F47F4C42EA03220A4342EA0C0282605E
:1045C00010BC704790F83C30012B00F09B8010B578
:1045D0000446012380F83C30022380F83D30026815
:1045E0009068494B034093600B68702B61D031D8C1
:1045F000502B78D00CD9602B2AD1CA684968206822
:10460000FFF7CAFD60212068FFF7D9FD002038E0E0
:10461000402B0AD1CA6849682068FFF7ABFD4021EA
:104620002068FFF7CCFD00202BE067D8202B07D0B7
:1046300003D9302B04D0012023E00BB1102B05D17E
:1046400019462068FFF7BBFD00201AE0012018E0A2
:10465000012016E0B3F5005F38D00ED92B4A934203
:10466000EED015D92A4A9342EAD010329342E7D0CD
:10467000203A9342E4D0012003E0B3F5805F3FD1BC
:104680000020012384F83D30002384F83C3010BD25
:10469000203A9342D4D004D91E4A9342D0D001206C
:1046A000EFE7B3F5801FCBD0B3F1101FC8D00120C6
:1046B000E7E7CB684A6889682068FFF777FF2268D8
:1046C000936843F0770393600020DAE7CB684A6889
:1046D00089682068FFF76AFF2268936843F4804383
:1046E00093600020CDE7CA6849682068FFF742FD63
:1046F00050212068FFF763FD0020C2E70120C0E7DA
:104700000120BEE7022070478800CEFF4000100065
:10471000600010003000100090F83C30012B4CD0AD
:1047200030B4012380F83C30022380F83D30026829
:1047300053689468224DAA4207D005F50065AA4245
:1047400003D005F5E055AA4203D123F470034D6868
:104750002B4323F0007323F070030D682B43536049
:104760000368174A93421AD0B3F1804F17D0A2F5CD
:104770009432934213D002F5806293420FD002F537
:10478000806293420BD002F59432934207D002F537
:104790004062934203D002F58052934204D124F048
:1047A00080048A6814439C60012380F83D30002314
:1047B00080F83C30184630BC70470220704700BF7C
:1047C000002C014070477047704770477047704732
:1047D0007047026852E8003F23F4907342E80031CA
:1047E0000029F6D1026802F1080353E8003F23F0E4
:1047F000805323F00103083242E800310029F1D14F
:10480000C36E012B06D02023C0F88C300023C36672
:1048100043677047026852E8003F23F0100342E804
:1048200000310029F6D1EEE7704708B5026852E87A
:10483000003F23F0400342E800310029F6D1202355
:10484000C0F8883000238367FFF7EEFF08BD70478C
:1048500008B5806A0023A0F85E30A0F85630FFF754
:10486000F6FF08BD7047000070B504460168CB69CB
:1048700008688D6840F60F021A4008D113F0200F27
:1048800005D010F0200F34D115F0805F31D12AB15E
:10489000994A2A4033D1994E304230D1E26E012AF2
:1048A00000F0C68013F4801F03D015F4800F40F091
:1048B000658113F0800F07D010F0800F40F0658104
:1048C00015F4000F40F0618113F0400F03D010F099
:1048D000400F40F0618113F4000F03D010F0804FBF
:1048E00040F05E8113F0807F02D00028C0F25C812E
:1048F00070BD636F002BFBD020469847F8E713F09C
:10490000010F09D010F4807F06D001260E62D4F882
:1049100090103143C4F8901013F0020F0BD015F033
:10492000010F08D0216802260E62D4F8901041F0E1
:104930000401C4F8901013F0040F0BD015F0010F10
:1049400008D0216804260E62D4F8901041F00201CC
:10495000C4F8901013F0080F0BD010F0200F00D106
:104960003AB1226808211162D4F890200A43C4F8B1
:10497000902013F4006F0CD010F0806F09D02268E3
:104980004FF400611162D4F8902042F02002C4F884
:104990009020D4F89020002AAAD013F0200F09D03C
:1049A00010F0200F02D115F0805F03D0636F0BB1C0
:1049B00020469847D4F8902023689B6813F0400F56
:1049C00002D112F0280F2CD02046FFF702FF2368F7
:1049D0009B6813F0400F20D0226802F1080353E8CF
:1049E000003F23F04003083242E800310029F3D1B0
:1049F000D4F880306BB1424A9A63D4F88000FEF755
:104A000027F800283FF474AFD4F88000836B9847F0
:104A10006EE72046FFF71BFF6AE72046FFF717FF08
:104A200066E72046FFF713FF0023C4F890305FE7E6
:104A300013F0100F3FF436AF10F0100F3FF432AF09
:104A400010230B6223689B6813F0400F5AD0D4F8F0
:104A5000802013685B689BB2002B3FF449AFB4F829
:104A60005C1099427FF644AFA4F85E3013681B686F
:104A700013F0200F32D1226852E8003F23F48073F4
:104A800042E800310029F6D1226802F1080353E818
:104A9000003F23F00103083242E800310029F3D13E
:104AA000226802F1080353E8003F23F04003083274
:104AB00042E800310029F3D12023C4F88C300023D0
:104AC000E366226852E8003F23F0100342E8003119
:104AD0000029F6D1D4F88000FDF784FF0223236774
:104AE000B4F85C10B4F85E309BB2C91A89B22046A3
:104AF000FFF7B8FEFCE600BF010000102001000433
:104B000051480008B4F85C10B4F85E309BB2C91A82
:104B100089B2B4F85E309BB2002B3FF4E9AE0029B5
:104B20003FF4E6AE226852E8003F23F4907342E877
:104B300000300028F6D1226802F1080353E8003F54
:104B400023F0805323F00103083242E800300028AC
:104B5000F1D12023C4F88C300023E3666367226818
:104B600052E8003F23F0100342E800300028F6D15D
:104B7000022323672046FFF775FEB9E64FF4801342
:104B80000B62204600F01EFFB2E6A36F002B3FF43D
:104B9000AFAE20469847ABE62046FFF746FEA7E6B5
:104BA000204600F011FFA3E6204600F00CFF9FE630
:104BB00008B5B0F86030D0F88C20222A05D0026801
:104BC000936943F00803936108BD0268516ADBB240
:104BD000826D0B401370836D01338365B0F85E30D6
:104BE0009BB2013B9BB2A0F85E30B0F85E309BB246
:104BF000002BE9D1026852E8003F23F4907342E8A9
:104C000000310029F6D1026802F1080353E8003FA1
:104C100023F00103083242E800310029F3D12023B8
:104C2000C0F88C300023436703670368164A934239
:104C30000CD05B6813F4000F08D0026852E8003F04
:104C400023F0806342E800310029F6D1C36E012BC6
:104C500016D10023C366026852E8003F23F0100318
:104C600042E800310029F6D10368DA6912F0100F2A
:104C700001D010221A62B0F85C10FFF7F3FDA3E731
:104C8000FDF750F8A0E700BF0080004008B5B0F87D
:104C90006020D0F88C30222B05D00268936943F055
:104CA0000803936108BD03685B6A816D13400B8044
:104CB000836D02338365B0F85E309BB2013B9BB2DB
:104CC000A0F85E30B0F85E309BB2002BEAD10268EB
:104CD00052E8003F23F4907342E800310029F6D1F6
:104CE000026802F1080353E8003F23F00103083291
:104CF00042E800310029F3D12023C0F88C30002392
:104D0000436703670368164A93420CD05B6813F449
:104D1000000F08D0026852E8003F23F0806342E8A9
:104D200000310029F6D1C36E012B16D10023C366D2
:104D3000026852E8003F23F0100342E800310029E6
:104D4000F6D10368DA6912F0100F01D010221A624E
:104D5000B0F85C10FFF786FDA4E7FCF7E3FFA1E7DE
:104D6000008000402DE9F843B0F860600368DD6919
:104D7000D3F80090D3F80880D0F88C20222A05D0F0
:104D80009A6942F008029A61BDE8F8830446B0F8D7
:104D9000687008E0D4F89030002B4CD1B4F85E3045
:104DA0009BB2002B4ED0002F00F09A8015F0200F00
:104DB00000F096802368596AF3B2A26D0B4013701D
:104DC000A36D0133A365B4F85E309BB2013B9BB287
:104DD000A4F85E302368DD6915F0070FDED015F00A
:104DE000010F09D019F4807F06D001221A62D4F88D
:104DF00090301343C4F8903015F0020F0BD018F028
:104E0000010F08D0236802221A62D4F8903043F0D0
:104E10000403C4F8903015F0040FBBD018F0010F54
:104E2000B8D0236804221A62D4F8903043F0020309
:104E3000C4F89030AEE72046FFF709FD0023C4F820
:104E40009030ABE7226852E8003F23F4807342E8D9
:104E500000310029F6D1226802F1080353E8003F2F
:104E600023F0805323F00103083242E80031002987
:104E7000F1D12023C4F88C300023636723672368B3
:104E8000294A934203D05B6813F4000F06D1E36E06
:104E9000012B0DD02046FCF745FF84E7226852E83D
:104EA000003F23F0806342E800310029F6D1EEE7AD
:104EB0000023E366226852E8003F23F0100342E833
:104EC00000310029F6D12368DA6912F0100F01D001
:104ED00010221A62B4F85C102046FFF7C3FC62E7A8
:104EE000B4F85E309BB2002B3FF44EAFB4F86820AC
:104EF0009A427FF649AF226802F1080353E8003F67
:104F000023F08053083242E800310029F3D1074BE7
:104F10006367226852E8003F43F0200342E8003113
:104F20000029F6D130E700BF00800040B14B0008F7
:104F30002DE9F843B0F860600368DD69D3F80090AC
:104F4000D3F80880D0F88C20222A05D09A6942F044
:104F500008029A61BDE8F8830446B0F8687008E07A
:104F6000D4F89030002B4BD1B4F85E309BB2002BBC
:104F70004DD0002F00F0998015F0200F00F09580A3
:104F800023685B6AA26D33401380A36D0233A3656F
:104F9000B4F85E309BB2013B9BB2A4F85E3023684C
:104FA000DD6915F0070FDFD015F0010F09D019F4F6
:104FB000807F06D001221A62D4F890301343C4F8DF
:104FC000903015F0020F0BD018F0010F08D02368B5
:104FD00002221A62D4F8903043F00403C4F89030EF
:104FE00015F0040FBCD018F0010FB9D023680422CB
:104FF0001A62D4F8903043F00203C4F89030AFE75F
:105000002046FFF724FC0023C4F89030ACE7226868
:1050100052E8003F23F4807342E800310029F6D1C2
:10502000226802F1080353E8003F23F0805323F085
:105030000103083242E800310029F1D12023C4F8ED
:105040008C300023636723672368294A934203D087
:105050005B6813F4000F06D1E36E012B0DD02046E0
:10506000FCF760FE85E7226852E8003F23F080638A
:1050700042E800310029F6D1EEE70023E36622681A
:1050800052E8003F23F0100342E800310029F6D136
:105090002368DA6912F0100F01D010221A62B4F8F6
:1050A0005C102046FFF7DEFB63E7B4F85E309BB28E
:1050B000002B3FF44FAFB4F868209A427FF64AAF16
:1050C000226802F1080353E8003F23F080530832BE
:1050D00042E800310029F3D1064B6367226852E8A9
:1050E000003F43F0200342E800310029F6D131E7C8
:1050F000008000408D4C000870B50446016883684C
:105100000269134342691343C26913430868964A0C
:10511000024013430B602268536823F44053E16854
:105120000B435360A1692268904B9A4201D0236AD5
:105130001943936823F06E4323F430630B43936069
:105140002268D36A23F00F03616A0B43D36223689A
:10515000874A934210D0874A934221D0864A93428D
:1051600037D0864A93425CD0854A93426BD07F4ABF
:1051700093427DD010223AE002F55842D2F88820BE
:1051800002F00302032A09D8DFE802F002048706CE
:1051900001222CE004222AE0082228E0102226E046
:1051A00002F5E632D2F8882002F00C020C2A0ED862
:1051B000DFE802F0070D0D0D090D0D0D750D0D0D3C
:1051C0000B00002213E0042211E008220FE010225D
:1051D0000DE002F5E432D2F8882002F03002202AF5
:1051E0005FD01AD8002A5ED0102A5ED104225F490F
:1051F0008B4276D0E069B0F5004F00F0C980082AF4
:1052000000F23481DFE812F0F7001901F5003201F5
:105210001C013201320132011F01302A47D108221C
:10522000E5E702F5E232D2F8882002F0C002802AD7
:105230003FD004D8FAB3402A3FD10422D7E7C02A8E
:105240003DD10822D3E702F5E032D2F8882002F4FB
:105250004072B2F5007F34D005D8A2B3B2F5807F9A
:1052600033D10422C3E7B2F5407F30D10822BEE734
:1052700002F5C832D2F8882002F44062B2F5006F1D
:1052800027D005D83AB3B2F5806F26D10422AEE715
:10529000B2F5406F23D10822A9E70222A7E7022234
:1052A000A5E70222A3E70022A1E710229FE7102230
:1052B0009DE702229BE7002299E7102297E7102240
:1052C00095E7022293E7002291E710228FE7102250
:1052D0008DE702228BE7002289E7102287E7102260
:1052E00085E7082A00F2B280DFE802F008B03BB0A0
:1052F00038B0B0B005004FF4004004E0FEF73CFDCC
:10530000002800F0A580626A1E4B33F81220B0FB23
:10531000F2F3656805EB4501994200F29B80B3EB1F
:10532000053F00F29980002633463146FBF75EFCCC
:10533000090241EA106100026B08C0182A46334690
:1053400041F10001FBF752FCA0F540720E4B9A426E
:1053500000F284802368D860304665E0FEF7C6FB23
:10536000CEE70A48CFE700BFF369FFCF00800040D7
:10537000003801400044004000480040004C00401C
:10538000005000403CF60008FFFC0F000024F40031
:10539000082A65D8DFE802F0072705642A646464F8
:1053A0000B00354803E0FEF7E7FC00285AD0626A9C
:1053B000324B33F81230B0FBF3F06268530803EB62
:1053C0004000B0FBF2F0A0F110024FF6EF739A42EA
:1053D0004AD883B223F00F03C0F342001843236876
:1053E000D860002020E0FEF7D9FCDEE7FEF77EFB68
:1053F000DBE7214803E0FEF7BFFC002838D0626AF3
:105400001E4B33F81230B0FBF3F0636800EB53002F
:10541000B0FBF3F0A0F110024FF6EF739A4229D8D7
:10542000236880B2D86000200123A4F86A30A4F871
:10543000683000236367A36770BDFEF7AFFCDCE74D
:10544000FEF754FBD9E74FF40040D8E70120EBE723
:105450000020E9E70120E7E70120E5E70120E3E795
:105460000120E1E70020DFE70120DDE70120DBE7A5
:105470000020D9E70120D7E70024F4003CF600081B
:10548000836A13F0080F06D00268536823F40043C0
:10549000816B0B435360836A13F0010F06D00268DF
:1054A000536823F40033C16A0B435360836A13F0DB
:1054B000020F06D00268536823F48033016B0B435C
:1054C0005360836A13F0040F06D00268536823F414
:1054D0008023416B0B435360836A13F0100F06D097
:1054E0000268936823F48053C16B0B439360836A13
:1054F00013F0200F06D00268936823F40053016C68
:105500000B439360836A13F0400F0AD0026853681C
:1055100023F48013416C0B435360436CB3F5801F3D
:105520000BD0836A13F0800F06D00268536823F40F
:105530000023C16C0B43536070470268536823F427
:10554000C003816C0B435360EBE72DE9F84305463C
:105550000E4617469946DDF820802C68E46936EA45
:1055600004030CBF4FF0010C4FF0000CBC4536D1CA
:10557000B8F1FF3FF1D0FDF7C3F9A0EB09004045BA
:1055800030D8B8F1000F2FD02B681A6812F0040F32
:10559000E3D0802EE1D0402EDFD0DA6912F0080F80
:1055A00011D1DA6912F4006FD7D04FF400621A6299
:1055B0002846FFF70EF92023C5F89030002385F820
:1055C000843003200CE008241C622846FFF701F910
:1055D000C5F89040002385F88430012000E00020C9
:1055E000BDE8F8830320FBE70320F9E72DE9F0414C
:1055F00082B01E46D0F88830202B5AD104460D4682
:105600009046002959D00AB9012053E00023C0F880
:1056100090302123C0F88830FDF772F90746A4F8CE
:105620005480A4F85680A368B3F5805F02D04FF091
:10563000000816E0236943B34FF0000811E020236F
:10564000C4F88830032035E038F8023B2268C3F301
:1056500008039362B4F8562092B2013A92B2A4F8C9
:105660005620B4F856309BB293B100963B460022C8
:1056700080212046FFF769FF0028E0D1002DE3D00C
:1056800015F8012B23689A62E4E7A8460025E8E7AD
:1056900000963B46002240212046FFF756FF18B9EE
:1056A0002023C4F8883005E02023C4F88830032084
:1056B00000E0022002B0BDE8F0810120FAE730B539
:1056C00083B004460023C0F89030FDF719F9054671
:1056D0002268126812F0080F10D123681B6813F0BB
:1056E000040F28D12023C4F88830C4F88C3000205F
:1056F000E066206784F8840003B030BD6FF07E431D
:105700000093034600224FF400112046FFF71DFFCF
:105710000028E2D0226852E8003F23F0800342E8EC
:1057200000310029F6D12023C4F88830002384F802
:1057300084300320E0E76FF07E4300932B46002285
:105740004FF480012046FFF700FF0028CAD02268EE
:1057500052E8003F23F4907342E800310029F6D16B
:10576000226802F1080353E8003F23F001030832E6
:1057700042E800310029F3D12023C4F88C30002303
:1057800084F884300320B7E778B310B50446D0F826
:1057900088300BB32423C4F888302268136823F0C0
:1057A00001031360A36AE3B92046FFF7A5FC0128B3
:1057B00011D02268536823F49043536022689368A1
:1057C00023F02A0393602268136843F001031360F7
:1057D0002046FFF774FF10BD80F88430FCF746FDCB
:1057E000D8E72046FFF74CFEDEE7012070470000B7
:1057F00010B48165A0F85C20A0F85E200023436708
:105800008368B3F5805F06D0A3B9036973B9FF233A
:10581000A0F8603014E0036923B940F2FF13A0F848
:1058200060300DE0FF23A0F8603009E07F23A0F88E
:10583000603005E0B3F1805F2DD00023A0F8603028
:105840000023C0F890302223C0F88C30016801F1A9
:10585000080353E8003F43F00103083141E80034F6
:10586000002CF3D1436EB3F1005F1ED08368B3F513
:10587000805F42D0294B43670369002B43D0026805
:1058800052E8003F43F4907342E800310029F6D11A
:10589000002010BC704703691BB97F23A0F860305B
:1058A000CEE73F23A0F86030CAE7B0F868309342F3
:1058B000DCD88368B3F5805F19D0194B436703695F
:1058C00043B1026852E8003F43F4807342E800317C
:1058D0000029F6D1026802F1080353E8003F43F0C3
:1058E0008053083242E800310029F3D1D0E7036940
:1058F000002BE2D10B4B4367E1E70369002BB9D1E1
:10590000094B4367B8E7026852E8003F43F02003C1
:1059100042E800310029F6D1BAE700BFB14B0008D8
:10592000654D0008314F00088D4C000838B5D0F89F
:105930008C30202B17D1C1B1CAB10023C3660368D4
:105940000C4CA3420CD05B6813F4000F08D0046821
:1059500054E8003F43F0806344E80035002DF6D161
:10596000FFF746FF00E0022038BD0120FCE70120E0
:10597000FAE700BF00800040436E2BB90123A0F876
:105980006A30A0F86830704730B403689A68C2F390
:1059900042629968490F094D6B5CDB00084C615C01
:1059A00093FBF1F3A0F86A30AB5CDB00A25C93FBE5
:1059B000F2F3A0F8683030BC704700BF5CF6000816
:1059C00054F6000870477047704790F88430012BF8
:1059D00018D0012380F884302423C0F8883003686D
:1059E0001A68196821F00101196022F000520023A1
:1059F000436601680A602022C0F8882080F884305D
:105A0000184670470220704738B590F88430012B53
:105A10001DD00446012380F884302423C0F8883048
:105A200003681D681A6822F001021A600268936810
:105A300023F0604319439160FFF79EFF23681D60C8
:105A40002023C4F88830002084F8840038BD022068
:105A5000FCE738B590F88430012B1DD004460123B3
:105A600080F884302423C0F8883003681D681A68E1
:105A700022F001021A600268936823F06063194300
:105A80009160FFF779FF23681D602023C4F88830F8
:105A9000002084F8840038BD0220FCE7014B186820
:105AA000704700BF0C00002070B50D4E0D4D761BE9
:105AB000B61006D0002455F8043B01349847A6429E
:105AC000F9D1094E094D761B09F00AFDB61006D032
:105AD000002455F8043B01349847A642F9D170BD23
:105AE0008CFC00088CFC000894FC00088CFC00086E
:105AF000830730B548D0541E002A3FD0CAB20346AF
:105B000001E0013C3AD303F8012B9D07F9D1032CA6
:105B10002DD9CDB245EA05250F2C45EA054536D9E4
:105B2000A4F1100222F00F0C03F1200EE6444FEA1C
:105B3000121C03F1100242E9045542E902551032E9
:105B40007245F8D10CF1010214F00C0F03EB0212B4
:105B500004F00F0C13D0ACF1040323F0030304335F
:105B6000134442F8045B9342FBD10CF003042CB1C4
:105B7000CAB21C4403F8012B9C42FBD130BD6446E1
:105B80001346002CF4D1F9E703461446BFE71A4642
:105B9000A446E0E70CB410B51F4B00291C689CB06C
:105BA00035DB4FF40273ADF81430029006901FAB52
:105BB00018D001394FF6FF7204910791ADF8162005
:105BC00002A91E9A0193204600F09AF8421C01DABD
:105BD0008B232360029B00221A701CB0BDE810408A
:105BE00002B070474FF6FF7204910791ADF816208E
:105BF00002A91E9A0193204600F082F8431C01DAA4
:105C00008B2323601CB0BDE8104002B070478B238B
:105C100023604FF0FF30F5E70C0000200EB430B5E4
:105C20009CB01FAC4FF4017254F8045BADF8142023
:105C300002900690FBF764F9039007900A480B491D
:105C40000A9100234FF6FF7C0E9313932A462346B6
:105C500002A90068ADF816C0019401F06FFD1CB0F8
:105C6000BDE8304003B070470C000020955C000890
:105C700010B50C46B1F90E1005F0D4FA002803DB7C
:105C8000236D0344236510BDA38923F48053A381AE
:105C900010BD00BF002070472DE9F0410C46B1F95E
:105CA0000C101F46CB05054616460BD421F4805137
:105CB000A1813B46B4F90E1032462846BDE8F041BA
:105CC00003F0C2B8B4F90E100223002204F076FAF1
:105CD000B4F90C10EAE700BF10B50C46B1F90E108C
:105CE00004F06CFAA389421C0EBF23F4805343F4E2
:105CF00080532065A38110BDB1F90E1003F0CAB81E
:105D00002DE9F04FD5B00C460C9191460E930A90B8
:105D100004F048FA036817931846FBF7F1F8A389D3
:105D20001690190603D52369002B00F08B870024F9
:105D30002BAB4D46CDE92944CDE91944CDE91B44AF
:105D40001294289398461894002308940024CDE9CF
:105D500014342B78002B00F0DD81AA4604E01AF8F9
:105D6000013F002B00F01681252BF8D1BAEB050678
:105D700040F014819AF80030002B00F0CB81002312
:105D80004FF0FF329AF801608DF8833009930AF1E1
:105D9000010A07921F462B244FF020090AF1010A3D
:105DA000A6F120035A2B00F22D81DFE813F0BA028E
:105DB0002B012B01B5022B012B012B016A002B01BA
:105DC0002B014F02E3022B015A02C9022B01C4022C
:105DD0005B005B005B005B005B005B005B005B00EB
:105DE0005B002B012B012B012B012B012B012B0124
:105DF000BF012B011A028600BF01BF01BF012B01A9
:105E00002B012B012B01B0022B012B01C3002B0115
:105E10002B012B0124022B015F022B012B013C07DC
:105E20002B012B012B012B012B012B012B012B0112
:105E3000BF012B011A028800BF01BF01BF01A302ED
:105E4000880081002B0196022B018202C50070029E
:105E500081002B0124027E0039072B012B01190739
:105E60002B017E00A6F1300300221AF8016B02EB31
:105E7000820203EB4202A6F13003092BF5D9099205
:105E80008EE7DDF828B0584604F08CF943681B9380
:105E90001846FBF735F81C900646584604F082F980
:105EA00083681993002E40F07A869AF8006075E7AF
:105EB0009AF8006047F0200770E747F01007BA062D
:105EC0000E9B40F18081073323F007031A465B687D
:105ED00052F8084B0E929946002BC0F25F85079B43
:105EE000013301F01F8054EA090327F0800B00F012
:105EF000E3840A2C79F1000380F081873034012398
:105F00008DF84F415F460B930DF24F1507990B9893
:105F10009DF8832081424FF00003B8BF01460D93E6
:105F200006910F9313931093002A7CD0069B0133A4
:105F3000069378E047F0100717F0200900F034814D
:105F40000E9B073323F00703D3F8049053F8084B54
:105F50000E9327F4806B002300228DF88320079A8C
:105F6000511C00F00D8254EA09012BF0800740F02B
:105F70000682002A41F01080002B40F0A2841BF022
:105F800001030B9300F0378530238DF84F310DF26C
:105F90004F15BBE7BAEB050600F0BC802A9B3344E3
:105FA0002A93299B0133072BC8E90056299305DC66
:105FB00008F10808089B33440893DBE60C990A981B
:105FC00028AA06F089FE80B90DF1AC08F2E70C9919
:105FD0000A9828AA06F080FE002800F08C800D9B0D
:105FE0001BB10D990A9803F0C3FF0C9B9B8913F01A
:105FF000400F089B18BF4FF0FF330893089855B027
:10600000BDE8F08F002E00F0858000228DF8EC6056
:106010008DF88320012306930D920B9307920F9224
:10602000139210923BAD17F0020302D00699023191
:10603000069117F0840B07D109990698A1EB000986
:10604000B9F1000F00F315832A9C8AB1299A0DF14A
:10605000830101320134C8F80010072A4FF0010112
:106060002A942992C8F8041000F3468308F108081E
:1060700083B1299B21AA01330234C8F80020072BE1
:106080004FF002022A942993C8F8042000F34883B1
:1060900008F10808BBF1800F00F00E82079B0B9AF5
:1060A000A3EB020BBBF1000F00F34F82FB0500F1E5
:1060B000A5810B9BC8F804301C44299BC8F80050EC
:1060C0000133072B2A94299300F3C78208F10808AB
:1060D0007B0705D5099B069A9D1A002D00F32C839A
:1060E000DDE9083206998A42ACBF9B185B18089319
:1060F000002C7FF46CAF002329930D9B1BB10D99ED
:106100000A9803F035FF0DF1AC0855462B78002BAB
:106110007FF423AE2A9B002B3FF467AF0C9C0A98B8
:1061200028AA214606F0D8FDA38960E70E9B073315
:1061300023F00702F2E80234CDE91434DDE9143427
:1061400024F000440E92994618462146A74B4FF082
:10615000FF32FBF7C9FA002840F06284A34B48469F
:1061600021464FF0FF32FBF7A1FA002840F0588497
:10617000DDE9140100220023FBF78EFA002840F02D
:10618000AD879DF883209A4D9A4B27F08007032115
:10619000472EC8BF1D4600230D9306910B91079310
:1061A0000F9313931093BFE617F0100340F02E8463
:1061B00017F0400200F054870E9A52F8044B0E92EA
:1061C0009946A4B2C5E653F8044B0E93FB0600F1C2
:1061D00018847D0640F1128444F3C0394B4624B242
:1061E0007AE60E9B002253F8041B8DF883208DF86D
:1061F000EC100E930EE70E9C079B54F8045B4FF0D7
:1062000000098DF88390002D00F0D5865A1C00F00F
:1062100052851A4649462846FAF7E2FE0D900028B4
:1062200001F057800D9BCDF81C905B1B0B930E94D7
:1062300023EAE3739DF883200693CDF83490CDF8DC
:106240003C90CDF84C90CDF840906DE60E9B53F805
:10625000042B0992002A80F2C983099A0E935242B4
:1062600009929AF8006047F0040797E547F0100B91
:106270001BF0200900F081830E9B073323F00703F6
:10628000D3F8049053F8084B0E93012364E60E9B59
:1062900053F8044B0E93302378268DF88430564BF8
:1062A000189347F0020B8DF885604FF00009022328
:1062B00052E6BD0600F18284FC0600F17386780682
:1062C00000F13C87B90540F16D860E9B089953F8A3
:1062D000042B0E931170554618E79AF800606C2E47
:1062E00003BF9AF8016047F020070AF1010A47F05E
:1062F000100753E59AF80060682E03BF9AF8016012
:1063000047F400770AF1010A47F0400746E59AF89A
:10631000006047F0080741E59AF8006047F0010780
:106320003CE59DF88330002B7FF4BFAD9AF8006008
:106330008DF8839032E59AF8006047F080072DE5EC
:10634000524612F8016B2A2E01F0CD81A6F13003DE
:10635000092B924698BF002201F288801AF8016B3F
:1063600002EB820203EB4202A6F13003092BF5D9BE
:10637000079215E59AF800608DF883400EE5BB465C
:10638000012B3FF4B6AD022B54AD12D1189A04F094
:106390000F032409D35C05F8013D44EA09744FEA70
:1063A000191954EA0903F2D154AB5B1B5F460B93F6
:1063B000ACE504F00703E40844EA49744FEAD9095C
:1063C000303354EA09012A4605F8013DF1D11BF0AA
:1063D000010FE9D0302BE7D03023023A05F8013C19
:1063E00054AB9B1A5F460B9315468FE5FFFFEF7F7B
:1063F00068F600086CF6000878F60008652E40F391
:10640000E680DDE9140100220023FBF73BF90028B8
:1064100000F0CD81299BBF4AC8F800200133013428
:106420000122072B2A942993C8F8042000F37D85C4
:1064300008F10808229B129A934280F2D382169B9D
:10644000179A1C44C8E90023299B2A940133072B7F
:10645000299300F3EB8308F10808129B5D1E002DC1
:106460007FF736AE102D299BDFF8AC9240F36E8596
:1064700049462246B946DDF828B00C9C10260F4646
:1064800005E008F10808103D102D40F35B8501334D
:106490001032072BC8E90076CDE92932F1DD28AAB0
:1064A0002146584606F018FC00287FF498ADDDE937
:1064B00029320DF1AC08E6E7099B069AA3EB020B23
:1064C000BBF1000F7FF7EAADBBF1100F299ADFF89F
:1064D00048922CDD1D9621464E460C9CDDF82890F6
:1064E000102306E0ABF1100BBBF1100F08F1080808
:1064F0001ADD01321031072AC8E90063CDE92921EC
:10650000F0DD28AA214648460DF1AC0806F0E4FB70
:1065100000287FF464ADABF1100BBBF1100FDDE987
:1065200029214FF01003E4DCB1461D9E0C460132D8
:106530005C44072ACDE92924C8F80090C8F804B0C3
:1065400000F31D8508F10808A8E5BBF1100F299A92
:10655000DFF8C4912DDD41462046A8464C460C9DEF
:10656000DDF82890102306E0ABF1100BBBF1100F03
:1065700001F1080119DD01321030072AC1E9004399
:10658000CDE92920F0DD28AA2946484606F0A4FBDB
:1065900000287FF424ADABF1100BBBF1100FDDE947
:1065A00029202BA94FF01003E5DC4546A14688467B
:1065B000044601325C44072ACDE92924C8F800903A
:1065C000C8F804B000F3CC8108F108086EE5129B0E
:1065D000012B40F37C81299EC8F80050013601341C
:1065E0000123072E2A942996C8F8043000F3E0818D
:1065F00008F10808169B179A01361C44072EC8E9B3
:106600000023CDE9296400F3E08108F10808DDE901
:10661000140100220023FBF735F8002840F07481B4
:10662000129B0136013B01351C44072EC8F800506F
:106630002996C8F804302A9400F3598108F1080813
:106640001A9BC8F8043001361C44072E24ABCDE950
:106650002964C8F800307FF739AD0C990A9828AA48
:1066600006F03AFB00287FF4BAAC2A9C0DF1AC0886
:106670002EE5B9F1100FDDE929212BDDCDE91D3B18
:106680001F96DDF828B04E461024A9460C9D04E064
:10669000103E102E08F1080817DD01321F4B103193
:1066A000072AC8E90034CDE92921F1DD28AA2946C5
:1066B00058460DF1AC0806F00FFB00287FF48FACB4
:1066C000103E102EDDE92921E7DCDDE91D3B4D46BA
:1066D000B1461F9EC8F80490013209EB0104072A55
:1066E0000E49C8F80010CDE9292400F3FF839DF876
:1066F000832008F10808A8E40C990A981D9328AA99
:1067000006F0EAFA00287FF46AAC2A9C1D9B0DF182
:10671000AC08ADE4A8F60008BCF60008ACF600082A
:106720000C990A9828AA06F0D7FA00287FF457ACEB
:106730002A9C0DF1AC08ADE4102D299B21DD0A9FA8
:10674000DDF83090102604E0103D102D08F1080807
:1067500017DD0133B04A1034072BC8E90026CDE914
:106760002934F1DD28AA494638460DF1AC0806F077
:10677000B3FA00287FF433AC103D102DDDE9293445
:10678000E7DC0133A44AC8F804502C44072BCDE9B8
:106790002934C8F800207FF7A3AC0C990A9828AADE
:1067A00006F09AFA00287FF41AAC2A9C98E4229901
:1067B000002940F36683DDF84090129B9945A8BFFD
:1067C0009946B9F1000F0BDD299B01334C44072B8F
:1067D000C8E900592A94299300F32F8508F1080885
:1067E000109EB9F1000FA8BFA6EB0906002E00F31A
:1067F0003882DDF840B07805AB4400F16682229B18
:10680000129A934202DBF90740F18E84169A179987
:106810001444C8E90012299A2A940132072A2992BD
:1068200000F3188508F10808129AAE18A6EB0B06BB
:10683000D51AAE42A8BF2E46002E0DDD299BC8F802
:1068400000B001333444072BC8F804602A9429931C
:1068500000F31A8608F10808002EA8BFAD1B002D12
:106860007FF736AC102D299BDFF8B09140F36E8393
:1068700049462246B946DDF828B00C9C10260F4642
:1068800005E008F10808103D102D40F35B8301334B
:106890001032072BC8E90076CDE92932F1DD28AAAC
:1068A0002146584606F018FA00287FF498ABDDE937
:1068B00029320DF1AC08E6E7079B002B7FF41EABF5
:1068C0005F46002307930B9354ADFFF71FBBFA07F6
:1068D0003FF581AE299EC8F80050013601340123EE
:1068E000072E2A942996C8F804307FF7A7AE0C9992
:1068F0000A9828AA06F0F0F900287FF470ABDDE9C9
:1069000029640DF1AC089BE6129B5D1E002D7FF7FC
:1069100097AE102DDFF8049140F396832246079737
:106920000A9C0C9F4FF0100B05E008F10808103D81
:10693000102D40F3878301361032072EC8E9009BE3
:10694000CDE92962F1DD28AA3946204606F0C4F9CE
:1069500000287FF444ABDDE929620DF1AC08E6E7DD
:106960000C990A9828AA06F0B7F900287FF437ABEB
:106970002A9C0DF1AC08FFF799BB1BF0100340F007
:1069800028811BF0400200F079830E9A52F8044BE4
:106990000E929946A4B20123FFF7DEBA2D2364427A
:1069A0008DF8833069EB4909BB460123FFF7D7BA5D
:1069B0000C990A9828AA06F08FF900287FF40FABEB
:1069C000DDE929640DF1AC0814E60C990A9828AAAF
:1069D00006F082F900287FF402ABDDE929640DF1AD
:1069E000AC0814E6FD077FF573AB28E59AF8006064
:1069F0000E93FFF7D3B954ADFFF788BAB80500F18D
:106A0000A6834FEAE4794B46FFF766BA0E9B53F82C
:106A1000044B0E93FFF79DBAACF60008BCF60008D5
:106A2000DDE9140102460B46FAF75EFE002840F04D
:106A30000F86612E00F04585412E00F06D84079B86
:106A4000013326F02003069300F0A983472B00F0C2
:106A50008885DDE9141247F480730F931346002BE9
:106A6000C0F292850B9300231D938B460D93069BDA
:106A7000462B00F0FD83452B00F0448507990191DA
:106A800026A9049123A9039122A9029102210B9B1B
:106A90000A9800915A4602F0A3FA069B472B054636
:106AA00040F0318617F0010FB9460F9F40F0FC848B
:106AB000269B5B1B1293069B472B00F08283069B51
:106AC000462B00F01284229B1093109B069A013BE8
:106AD000412A229300F0AD85F2B20021002BB8BF0D
:106AE000109B8DF89020BABFC3F101032D222B22F9
:106AF000092B8DF8912040F38D850DF19F04B64F41
:106B00002246104687FB0321DA17C2EBA10202EBF3
:106B10008201A3EB4101303100F8011C19466329C1
:106B2000134600F1FF32ECDC3033D9B2831E9C42B5
:106B300002F8011C40F2F18513460DF1920201E0CA
:106B400013F8011B02F8011B9C42F9D10DF1A103BE
:106B50000DF192021B1A134424AA9B1A1A93129B3A
:106B60001A9A012B1A440B9240F39E850B9B169A9E
:106B700013440B930B9A002329F4806722EAE272F4
:106B800047F480770F930692139310931D9B002B6D
:106B900040F03F839DF883200793FFF7C5B9199B09
:106BA000002B3FF482A9199B1B78002B3FF47DA991
:106BB0009AF8006047F48067FFF7F0B80E9B0898DA
:106BC00053F8041B0E93C217C1E900025546FFF7A4
:106BD0009DBA0E9B53F8044B0E930123FFF7BCB9EB
:106BE0007E4B189317F0200900F0EC800E9B0733C2
:106BF00023F00703D3F8049053F8084B0E93F807DB
:106C000009D554EA090306D030238DF8856047F092
:106C100002078DF8843027F4806B0223FFF79CB9BC
:106C2000BB46FFF725BB6E4B1893DBE70C990A9820
:106C300028AA06F051F800287FF4D1A92A9C0DF16A
:106C4000AC080AE40A98402103F0DEFA0C9B1860B5
:106C50001861002800F065850C9A40235361FFF706
:106C600066B8102E299BDFF87C9140F329824846B4
:106C700042462146A846B9460A9C0C9D4FF0100B8F
:106C8000074604E00832103E102E40F31382013311
:106C90001031072BC2E9007BCDE92931F2DD28AAAA
:106CA0002946204606F018F800287FF498A9DDE967
:106CB00029312BAAE7E72846CDF81C900E94FAF765
:106CC0001FF903460B90FFF7B3BA129BCDF82CA027
:106CD0004246DDF84C801097EB1807935E46199FEB
:106CE000DDF87090DDF828A0DDF830B00F9B13952B
:106CF0002146B8F1000F2FD0002B30D1013F08F111
:106D0000FF381B9BC2E90039299B01334944072BFB
:106D10002A91299368DC0832079B38789B1B8342B1
:106D2000A8BF0346002B1C460BDD299801301944EF
:106D30000728C2E900632A91299000F3148138786A
:106D40000832002CACBF051B0546002D0BDC0644A9
:106D50000F9BB8F1000FCFD1002B00F023820F9BC7
:106D6000013B0F93CDE7102D29981DDD102404E081
:106D7000103D102D02F1080216DD0130194B1031C3
:106D80000728C2E90034CDE92901F1DD28AA5946D6
:106D9000504605F0A1FF00287FF421A9103D102DD9
:106DA000DDE929012BAAE8DC01300E4B55602944AE
:106DB0000728CDE92901136000F3328238780832C0
:106DC0000644C5E717F0100300F0A1800E9B53F8AE
:106DD000044B0E9313E700BF6766666678F60008FB
:106DE0008CF60008BCF6000828AA5946504605F063
:106DF00073FF00287FF4F3A82A992BAA8CE70BF4E1
:106E0000806300220696CDF82CA0CDF8348054AFD4
:106E1000DDF864809A4616460CE000232046494679
:106E20000A22F9F7E3FE0A2C79F100031BD304468A
:106E300089462F4620460A2200234946F9F7D6FE06
:106E400030327D1E013607F8012CBAF1000FE4D074
:106E500098F800309E42E0D1FF2EDED00A2C79F166
:106E6000000380F0408154AB5B1BDDF82CA0CDF813
:106E700064801296DDF83480069E0B935F46FFF720
:106E800045B8299BBC4AC8F80020013301340122CF
:106E9000072B2A942993C8F8042000F3388108F1BD
:106EA0000808002940F09780129A07F00103134365
:106EB0003FF40EA9169B17991A19C8E90013299BCC
:106EC0002A920133072B299300F3478108F1080820
:106ED0001299C8F8005001338C18072BCDE92934DA
:106EE000C8F804107FF7F2A8FFF7B7BB0C990A980F
:106EF0001D9328AA05F0F0FE00287FF470A89DF8E5
:106F000083202A9C1D9B0DF1AC08FFF79EB817F05B
:106F1000400200F0C2800E9A52F8044B0E9299463D
:106F2000A4B26CE6BB46FEF7E4BF0C990A9828AA07
:106F300005F0D2FE00287FF452A82A9C0DF1AC087F
:106F4000FFF778BA14463A464F46914601332C442F
:106F5000072BC8F80090C8F80450CDE929347FF712
:106F6000B5A8FFF77ABB28AA5946504605F0B4FEEB
:106F700000287FF434A838782A992BAAE1E60C99E6
:106F80000A9828AA05F0A8FE00287FF428A82A9CC1
:106F90000DF1AC08FFF782B8012BBB467FF4F3A9D3
:106FA000FEF7ACBF0E9B089953F8042B55461160B1
:106FB0000E93FFF7ABB8062B294628BF062307958B
:106FC0000D952A4606936D4D0E940B930F911391D8
:106FD0001091FEF7A9BF169B17981A19C8E900036C
:106FE000299B2A920133072B299300F3B68008F1DD
:106FF00008080029BFF66CAF4E421031DFF88091CF
:1070000080F297824146DDF828B0A84610240C9DF6
:1070100004E00831103E102E40F389820133103213
:10702000072BC1E90094CDE92932F2DD28AA2946CF
:10703000584605F051FE00287EF4D1AFDDE9293233
:107040002BA9E7E7079F144601362C44072ECDE90C
:107050002964C8F80090C8F804507FF7EFAA46E406
:107060000E9B17F4007914BF53F8044B53F8044BEC
:107070000E931CBF9146E4B2FEF76BBF0E9B1BF450
:10708000007914BF53F8044B53F8044B0E931CBF04
:107090009146E4B20123FEF75FBF0E9B17F400791F
:1070A00014BF53F8044B53F8044B0E931CBF914686
:1070B000E4B2A4E5454690463A460C464F46914612
:1070C00001333444072BCDE92934C8F80090C8F8BF
:1070D000046057DC08F10808FFF78BBB2D228DF800
:1070E0008320FFF750B81C9B1B99ED1A1A462846BF
:1070F00004F05AFB98F801300BB108F10108204662
:1071000049460A2200230026F9F770FD8FE60C9904
:107110000A9828AA05F0E0FD00287EF460AF2299C5
:107120002A9C0DF1AC08BCE6129AAE18A6EB0B0631
:10713000D51AAE42A8BF2E46FFF78EBB0E9B08990C
:1071400053F8042B0E9311805546FEF7DFBF44F32E
:10715000C0194B4664B2FEF7BFBE0C990A9828AA24
:1071600005F0BAFD00287EF43AAFDDE92932229914
:107170000DF1AC083DE700BFA8F60008A0F6000836
:10718000BCF600080C990A9828AA05F0A5FD00286D
:107190007EF425AF2A9C0DF1AC08FFF72ABB06232D
:1071A000079356E4DDE91235EB189E421997B34672
:1071B000DDF82CA0109F90460C4628BF9B46FFF799
:1071C0001EBB229B1093DA1C02DB079A934204DD5C
:1071D000023E26F02003069377E4109B129A934216
:1071E000C0F2488119F0010F00F01182169A134481
:1071F0000B9319F4806F03D0109B002B00F3C78111
:107200000B9B23EAE3730693672600230F931393E4
:10721000BCE42D2200238DF883200793FEF786BE61
:1072200028AA5946504605F057FD00287EF4D7AEEF
:1072300038782A992BAA06448AE50C990A9828AA34
:1072400005F04AFD00287EF4CAAE2A9C0DF1AC0878
:10725000FFF7C6BA0C990A9828AA05F03DFD002848
:107260007EF4BDAE229B2A9C0DF1AC08FFF7DCBA80
:107270000799019126A9049123A9039122A90291BA
:1072800003210B9B0A9800915A4601F0A9FE03784E
:10729000302B054600F0F181229B079AB946134432
:1072A0000F9FEC180B99584600220023FAF7EAF9D1
:1072B00010B12346FFF7FDBB269BA342BFF4F9ABF9
:1072C00030215A1C26921970269B9C42F9D8FFF750
:1072D000F0BB079B9DF883200E9406930B930790B9
:1072E0000F9013901090FEF71FBE229A1092002A62
:1072F00040F3E081079909F001030B4340F0B781A7
:10730000109B0B93662619F4806F40F041810B9B14
:1073100023EAE373069378E730238DF8843058230B
:107320008DF88530079B632B47F0020400F3BF8084
:1073300000230D933BADDDE9141247F481730F93E5
:107340001346002B2746C0F285800B9326F02003BE
:10735000069300238B461D93612E00F04081412E41
:107360007FF485AB22AA0B99584604F069F90022F4
:107370004FF07F53F9F71EFF02460B46CDE910236D
:1073800000220023FAF77EF908B101232293AC4BC7
:107390000B93079BCDE912A6CDE91E78DDF82CA052
:1073A000DDE9106703F1FF39AB46109506E00022D6
:1073B000002309F1FF39FAF765F9E8B9A14B00227A
:1073C00030463946F9F7F6FE0F460646FAF7A2F9B7
:1073D0000446F9F787F80B46024639463046F8F777
:1073E00033FF1AF80430B9F1FF3FD8464D460BF889
:1073F000013B06460F46DAD130463946924BDDF85E
:1074000048A0139ECDF848800022A946DDF87C8074
:10741000109D1E9FCDE91001FAF75CF9002855D1A7
:10742000DDE91001884B0022FAF72CF908B1E107D9
:107430004CD44B46002B06DB01335B4430220BF867
:10744000012B5B45FBD1ABEB0503B94612930F9FB4
:10745000FFF731BB26F020030693DDE914349B4689
:1074600004F100430B932D231D9375E7002307932D
:10747000FEF796BC129B169A9A18109B0B92002B43
:1074800040F3098167263EE70C990A9828AA05F07F
:1074900023FC00287EF4A3AD229D129B2A9C5D1B39
:1074A0000DF1AC08FFF7D8B9079BEC18FAE60A987B
:1074B000591C02F0A9FE0546002800F026810D9017
:1074C00039E730238DF88430782329E7129B2693FF
:1074D0000B9B1BF8012CD97B8A425B4609D13020DB
:1074E00003F8010C269B5A1E269213F8012C914298
:1074F000F6D0392A0BBF0B9A0132927AD2B203F836
:10750000012CA0E707990B9B0A984C1C26A9049113
:1075100023A9039122A9029102215A4601940091C4
:1075200001F05EFD0546B9462C440F9FBAE645467C
:10753000884601333244072BCDE92932C8F8009040
:10754000C8F804607FF7C2AC0C990A9828AA05F025
:10755000C3FB00287EF443ADDDE929320DF1AC0810
:10756000B6E4079B002B08BF0123079347F4807301
:107570000F93159B002BC0F2B180DDF850B00D9039
:107580000B931D90FFF77ABA00230D9365E76726EA
:1075900019990B78FF2B00F0B2800024109A204636
:1075A00003E001300131FF2B08D0934206DAD21AF2
:1075B0004B78002BF5D10B780134F4E71991109238
:1075C00013900F940F9A139B1C9913440B9A01FB71
:1075D00003230B9323EAE3730693FFF7D7BA22AA98
:1075E0000B99584604F02CF800224FF07F53F9F71E
:1075F000E1FD02460B46CDE9102300220023FAF7F5
:1076000041F808B101232293104B0B93C1E6109B64
:107610000B93EEE5002963D130228DF892200DF115
:107620009302303302F8013B24ABD31A1A93FFF7CD
:1076300096BA06F10F02D2B20121FFF74FBA00BF8E
:107640008CF60008000030400000E03F78F60008AB
:10765000159B384D002BB4BF2D229DF88320364B4F
:10766000B8BF8DF8832027F08007FEF790BD169BEA
:10767000D31819440B91662645E60B99584600220B
:107680000023F9F7FFFF00287FF406AE079BC3F144
:107690000103229301E6C3F101031A4422EAE273D3
:1076A0000B9206936726B0E519F0010F3FF462AA2A
:1076B000FFF75CBA079A09F0010959EA020304D1FD
:1076C0000123069366260B939FE5169B01331A440C
:1076D00022EAE2730B920693662696E50D90BCE6CD
:1076E0000DF192029DE70E9B9AF80160924653F8C5
:1076F000042B0E9342EAE2720792FEF74FBB00237F
:107700000F9313935EE7079C0DE70C998B8943F069
:10771000400213468A81FEF76ABC02231A93FFF7E0
:107720001EBA0A9A0C2313604FF0FF330893FEF73A
:1077300065BC00BF70F6000874F600082DE9F04F34
:10774000ADF5317D8A46B1F90C1002AF814688044F
:107750007B6209D4DAF8643041F4005123F4005319
:10776000AAF80C10CAF86430134613F8012BFB6317
:107770007A64002A01F0C7800023C7F83890FB61C3
:107780007B63BB613B623B639946824B13F802808B
:1077900018F0080840F08180252A61D1F86B027842
:1077A00045464446A2F12503411C552B64D8DFE829
:1077B00013F05600630063006300630083056300F9
:1077C0006300630063006300D200D200D200D200E5
:1077D000D200D200D200D200D200D20063006300F7
:1077E00063006300630063006300DD006300130552
:1077F0002505DD00DD00DD0063006300630063003C
:10780000A904630063001B056300630063000D05AA
:107810006300630063006300B204630063002F052C
:1078200063006300630063006300DD00630015050F
:107830002705DD00DD00DD0064057005A904630097
:107840003905450553051D058005630063000F05D7
:10785000A504780563006300B2046300A504F9631E
:10786000DAF80430002B48DDDAF80030FA6B1978CA
:1078700012F8012C914235D07B6B43B17B6BD3F86E
:107880000080B8F1000F02D0404602F0B5FC386B22
:1078900007F52F77BD46BDE8F08FDAF80420BC6B02
:1078A0000FE0DAF800303B491A788A5C110703F1DF
:1078B00001030ED5DAF80420013ACAE9003209F1D1
:1078C0000109002AEDDC5146204605F0C1FA0028E6
:1078D000E7D0FB6B13F8012BFB637A64002A7FF47B
:1078E00054AFC9E70133CAF80030DAF80430013B7D
:1078F00009F10109CAF80430EBE7B86B514605F00D
:10790000A7FA0028B0D03B6B1BB1BAF80C305A066E
:10791000B2D57B6B002B01F0CA807B6BDE88002E1A
:1079200000F08D877B6BD3F800800024A8F104055C
:10793000A14655F8043F186802F05EFC01342B683C
:10794000B442C3F80090F4D14FF0FF333B63B8F179
:10795000000F99D19BE715F08F0F8DD104EB8404B4
:1079600002EB4404303C427808461BE7F9630426E6
:10797000DAF80430002B40F3DC836B0640F1E3833C
:10798000731E032B01F2EA80DFE813F007025A01AD
:10799000A6000600F9F60008B86B02F003FC0368C5
:1079A000BB60631EB3F5AE7F40F2BF856FF4AE726D
:1079B000A3183B6040F25D14002307F5AC725146FA
:1079C00045F4F0657A617B60FB601E463B6193463F
:1079D0009A4608680278A2F12B0CBCF14E0F50D8E1
:1079E000DFE81CF018034F0018034F004F007D0321
:1079F00074007400740074007400740074007400E7
:107A000074004F004F004F004F004F004F004F00D9
:107A10001E037200720072007A0304034F004F00CD
:107A2000AA024F004F004F004F0062034F00440373
:107A30004F004F004F003D034F004F004F00290300
:107A400011034F004F004F004F004F004F004F00F9
:107A50001E037200720072007A0304034F004F008D
:107A6000AA024F004F004F004F0062034F00440333
:107A70004F004F004F003D034F004F004F002903C0
:107A80001103BB6893F800C0944514D1AB0512D51F
:107A900025F42075C7F810A00BF8012B013C4A68AB
:107AA000013A002A09F101094A6040F31D840130BE
:107AB0000860002C8DD1334656468A46002E00F0D1
:107AC0004C8225F4807548E22B05F4D516EB080F9F
:107AD000F1D125F4C075DFE7631EB3F5AE7F84BF37
:107AE0006FF4AE7204EB020B07F5AC7398BF4FF066
:107AF000000B4FF000087B611E46C7F828B05346C4
:107B0000D7F820B0CA4688BF40F25D14C14645F49C
:107B100058659846D8F800201078A0F12B034D2B1B
:107B200063D8DFE813F038036200380362006200B4
:107B3000D103FD01FD01FD01FD01FD01FD01FD017F
:107B40003E033E0362006200620062006200620067
:107B500062004E004E004E004E004E004E0062008D
:107B60006200620062006200620062006200620005
:107B700062006200620062006200620062006200F5
:107B800046036200620062006200620062006200FE
:107B900062004E004E004E004E004E004E0062004D
:107BA00062006200620062006200620062006200C5
:107BB00062006200620062006200620062006200B5
:107BC0004603BBF10A0F10DD25F4386506F8010BFA
:107BD000D8F80430013B002BC8F8043040F39183FF
:107BE0000132C8F80020013C94D14346E905C8465B
:107BF000C7F820B0D1469A4607D57B699E4200F26D
:107C0000B9857B699E423FF437AE15F0100240F013
:107C10008A833B6A7969B86BFC693270A047AA060F
:107C200000F177832B0700F153856C0740F1C18683
:107C3000D7F824B05BF8043BC7F824B018806FE392
:107C4000002C08BF4FF0FF3415F0010600F0FB8355
:107C500015F01003BB6240F0A185290640F13B8678
:107C6000D7F824B05BF8046B002E3FF405AE8020FB
:107C700002F0BAFA804600283FF44BAE7A6B3060CF
:107C8000D58893889D4280F00D8510687B6B40F805
:107C900025600135DD802023C7F824B0C7F81080A7
:107CA0007B61DAF80030A14A1B78D35C13F008033B
:107CB00058D19B4602F070FA58453FF424AEDAE9F9
:107CC000003213F8011B013ACAE90032BB6907F51B
:107CD000AC70032B00F80B1007F150050BF1010BF2
:107CE00002D12B68042B04D0082200212846FDF77E
:107CF000FFFE07F5AC72B86B00955B46414602F09B
:107D000033FD421CB8613FF4FEAD002840F0A98568
:107D1000C8F8000002F032FA002840F0B686D944D4
:107D2000013CBB6A002B40F0728608F10408002E6B
:107D300000F06D863B69A8EB03057B69B3EBA50FEB
:107D400040F2BA86D7F828B0DAF80430002B40F3B6
:107D50006286DAF80030754A1B78D35C1D0701D4BF
:107D6000002CA7D1BB6A002B7FF4B3ADC8F800305C
:107D7000002E00F037813B697A69A8EB03018B1074
:107D800001339A4240F22E813068043103F060FAE8
:107D9000002800F02781306024E1002C08BF4FF05C
:107DA000FF34E80740F1DE8215F010033B6140F03C
:107DB00032852906D7F824B040F183855BF8043B6F
:107DC000FB60002B3FF458AD802002F00DFA054611
:107DD00000283FF49EADFB687A6B1860B2F806800D
:107DE0009388984580F04A841068FB687A6B40F865
:107DF000283008F10103D3802023C7F824B0BD60E8
:107E00007B60C7F82890A146BC69002607F5AC7BCB
:107E1000A84602F0C1F9B0423FF475ADDAE900328C
:107E200013F8011B0BF80610013A032CCAE90032C3
:107E300006F1010607F1480502D12B68042B04D096
:107E4000082200212846FDF753FE5A46B86B0095DC
:107E50003346414602F088FC421C04463FF453ADD1
:107E6000002840F0F383C8F80000B86107F1500320
:107E70000822002118467B61FDF73AFE2C49B86BB9
:107E8000D1F8E010D7E90532B961D7F818C007F189
:107E90004001E047012800F05284002207F1580316
:107EA0009B5C002B00F0A085BB6A032C3344BB62B3
:107EB00000F0498409F1FF393B695BB9FB6808F1BF
:107EC00004083BB1BB68A8EB03057B68B3EBA50FC7
:107ED00040F23F84DAF80430002B4FF0000640F304
:107EE000BD83B9F1000F94D1D7F82890BC61454605
:107EF0003B69002B7FF4EDAC2B60FB68002B71D04D
:107F0000BB687A68E91A8B1001339A426AD9FC6817
:107F10000431206803F09CF9002863D0206061E000
:107F2000044B25F4386533F91BB04FE6F9F6000829
:107F30003C040020D4F60008B8F1000F40F0FF81A7
:107F4000BAF1000F40F0EC8205F4E06CBCF5E06F94
:107F500000F01B85334656468A46013B012B40F212
:107F6000848508F1FF33062B40F2E382EA0513D53E
:107F70006B0500F1B3851BF8011C65290BF1FF337C
:107F800009F1FF3402D0452940F01C83B86B5246FA
:107F9000A1469B4604F01CFF15F010027FF499AC3B
:107FA00005F4C063B3F5806F8BF8002000F0EB831D
:107FB000FB68002B40F09D8300227969B86B04F0C8
:107FC000BFFBEE0702460B46C7E90A23D7F824B0E9
:107FD00040F1E1825BF8043B0A460146C3E9001226
:107FE000C7F824B03B6B01333B6372E42B0503D528
:107FF00016EB080F3FF46DADB8F1020F7FF45BADE7
:108000004FF0030848E5B8F1070F7FF454AD4FF087
:10801000080841E52B067FF54EAD25F080053BE5D0
:108020002B0503D516EB080F3FF453AD012E7FF45B
:1080300042AD022630E505F4186CBCF5807F7FF474
:108040003AADBAF1010F7FF436AD4FF0300C0BF8BA
:1080500001CB45F40065013C4FF0000A1CE5B8F186
:10806000060F7FF428AD4FF0070815E52B057FF5C7
:1080700022AD05F4A06CBCF5806F06D06B057FF5D2
:108080001AADBAF1000F3FF465AFAB0505D43B69FB
:10809000C7F804B0AAEB0303FB6025F4786545F448
:1080A000C0754FF0000AF7E4002E40F04281BAF1AB
:1080B000000F05D105F4E06CBCF5E06F00F07484AE
:1080C000B8F1010F03D0B8F1040F7FF4F4AC08F15C
:1080D00001085FFA88F8DFE42B05CAD5F6E4EB0562
:1080E0007FF5F4AC3B6825F080050AF1010A002B0E
:1080F0003FF4D4AC3B68013B3B60D0E42A077FF4FB
:10810000BBAB30E42E077FF4B7AB427845F00205F5
:108110000846FFF747BB45F400758E4BFB61102303
:108120003B62DAF80430F963002B4FF003063FF7A7
:1081300024ACB86B514604F08BFE00287FF4E3AB0F
:108140006B063FF51DACDAF8002083491378CB5C51
:1081500018077FF515ACD7F838B007E0CAF800204B
:108160007D491378CB5C19077FF50AACDAF8043047
:10817000013B002B09F10109CAF8043002F10102A8
:10818000ECDC5146584604F063FE00287FF4BBAB9C
:10819000DAF80020E4E72B067FF527AD25F080050F
:1081A00014E56E4B33F91BB0BBF1080F3FF70CAD74
:1081B0001BE505F4C063B3F5007F7FF416AD25F42D
:1081C000007545F4A0654FF0100BFFE445F0010584
:1081D000F9630226FFF7CCBB45F0010545F04005E9
:1081E000F9630026FFF7C4BB45F00105594BFB615D
:1081F0000823F9633B620326FFF7BABB45F001058C
:10820000574BFB610A23F9633B620326FFF7B0BBC0
:1082100007F1580003F05EFA45F04005F8630126C7
:10822000FFF7A6BB2A077FF427AB42786C2A00F041
:10823000008345F001050846FFF7B4BA15F08F0337
:108240007FF41AAB7A6B002A00F02183427845F064
:1082500080050846FFF7A6BAEB0600F1B0812E07AD
:1082600040F14383D7F824B0F9635BF8043BC7F8C7
:1082700024B083F80090FFF72CBB2B077FF4FCAAF7
:108280004278682A00F0CF8245F004050846FFF7DF
:1082900089BA334BFB610023F9633B620326FFF786
:1082A00067BB2C4BFB610A23F9633B620326FFF794
:1082B0005FBB45F4087530E72C437FF4DDAA4278B4
:1082C00010250846FFF76EBA2B057FF57FACBBF192
:1082D000000F03D145F400754FF0080B690540F11C
:1082E0004F8125F4B06571E4B86BB96204F0B0FD5C
:1082F000B96A00287FF4DFAB002C7FF46AABFFF78C
:10830000DABBB86B414604F0A3FD00283FF46BAC28
:108310006BE4D7F824B05BF8043B1860C7F824B0CE
:108320003B6B01333B637B69F61AB044C144FFF7F2
:10833000D0BA022E7FF4C4AE0326FFF7ADBBB8F16E
:10834000030F3FF4C4AEB8F1050F3FF4C0AEFFF722
:10835000B2BB00BF39CB0008F9F60008D4F600081C
:108360006DC80008E80600F1238215F08005D7F8F3
:1083700024B000F0A1825BF8045BBD62002D3FF4E5
:108380007BAA202001F030FF064600283FF4C1AA56
:108390007A6B28609388D5889D4280F0418110686F
:1083A000BB6A40F825307B6BC7F824B00135DD800F
:1083B0002025DAF8002007F1580B13781BF803305A
:1083C000002B3FF459AAB046C7F81490D946AB46E3
:1083D0003546BE6ADAF804000138CAF80400501CB9
:1083E000CAF800004146107801F8010B26B1A1EB54
:1083F0000508D84580F007818846013C0BD0DAF8A3
:108400000410002940F38A81DAF80020117819F865
:1084100001100029DED1D7F814904646A8465D46E3
:10842000B6EB08083FF428AA00233370BB6A23B1D7
:1084300008F101018D4200F2AE823B6B0133C14471
:108440003B63FFF746BAE80600F1688215F0800545
:1084500000F00082D7F824B05BF8046BBE62002EF7
:108460003FF40AAA202001F0BFFE054600283FF491
:1084700050AA7A6B30609388D6889E4280F0AD8097
:108480001068BB6A40F826307B6BC7F824B0013611
:10849000DE804FF0200BDAF80030BE491A788A5C93
:1084A000160700F1838122462E462C4619461546B2
:1084B000DAF804204B1C013ACAF80420CAF800304C
:1084C000A0460B7808F8013BBB6A23B1A8EB060471
:1084D0005C4580F0E281013D0CD0DAF80420002AEE
:1084E000444640F31382DAF80010AA4B0A789A5CEB
:1084F0001007DDD5A8EB060189444546013100236C
:108500002B70BB6A002B3FF46DAD8B457FF66AADD7
:1085100018681C4602F09CFE00287FF4FFAC61E561
:10852000334656468A46FFF7CCBA00233B60FFF736
:1085300043BAB8F1020F40F2E982B8F1030F3FF4F9
:1085400015ADA8F104085FFA88F86FEA08045346ED
:10855000BD62BD6BC2465C44B0461E461BF8011DA1
:108560003246284604F034FC5C45F7D13346464693
:10857000D0469A4609F1FF33BD6AA3EB0809F5E43A
:10858000BB6A25F4607513B1013BBB62013409F18C
:108590000109FFF71DBBAC0700F1A280D7E90A2350
:1085A0005BF8044BF9F7A0F8002840F0A782D7E960
:1085B0000A01F9F7F7F8C7F824B0206012E5F9636B
:1085C000FFF787B9B86B524604F002FCA9F1020428
:1085D0001BF8021CABF10203D8E44FF6F67293428B
:1085E0003FF69BA908331FFA83F87B6B4FEA88019B
:1085F000186802F02DFE00283FF48FA97B6BA3F8CA
:10860000048018603DE74FEA4B0B2846594602F0BC
:108610001FFE054600283FF47CA980443060ECE64C
:108620004FF6F67293423FF678A908331FFA83F8A3
:108630007B6B4FEA8801186802F00AFE00283FF4BD
:108640006CA97B6BA3F804801860A9E6831C40F03A
:108650007682DAF80430002B3FF7DBABB86B51467B
:1086600004F0F6FB00283FF43CACD7F82890BC613E
:108670004546002E3FF43CACFFF745B94FF6F67285
:1086800093423FF64AA908339EB27B6BB10018684B
:1086900002F0DEFD00283FF440A97B6B9E8018604D
:1086A000FFF7A3BB4FF6F67293423FF636A97A6BFB
:1086B00008339BB210687B62990002F0C9FD002864
:1086C0003FF42BA97A6B7B6A93801060FFF7DEBAC8
:1086D000D7F824B05BF8043BC7F824B018701FE645
:1086E000D7E90A125BF8043BC3E90012C7F824B0CB
:1086F00078E4786801460A2301318346B86B04F0B8
:10870000B5F8FB68C21A07F2AB239B4528BF07F2F6
:10871000AA2B2149584603F027F84DE4B86B51467F
:1087200004F096FB00283FF46FAE4646A846464547
:10873000D7F814905D467FF473AEFFF7E4B897F86E
:108740004020FFF7ABBB2B68042B7FF4B3ABFFF7E4
:10875000B3BBB868D9001E4602F07AFDB8600028A5
:108760003FF4D7A8FA68730000EB050810607B603F
:10877000FFF7B0BB16F8011CB86B5246013E04F07F
:1087800027FBFFF73EBA3B69B342A3EB0602BAD11F
:1087900012E400BFF9F60008CCF60008002607F145
:1087A0004403C7E904669846FFF77BBA0121A6E6B1
:1087B000DAF8003007F1580B1A781BF80220002A6B
:1087C0003FF45AA80133CAF80030DAF80430012C1B
:1087D00003F1FF33CAF804301AD0BD6B10E0DAF8A9
:1087E00000301A781BF8022001338AB1CAF8003031
:1087F000DAF804300136013BB442CAF8043007D03D
:10880000002BECDC5146284604F022FB0028E6D081
:10881000B144FFF75EB80023C7E90133FB6007F1FD
:108820004405FFF7EEBA827845F008050230FEF7FE
:10883000B9BF827845F002050230FEF7B3BFD3F826
:1088400000804FF0FF333B63B8F1000F7FF41CA8AA
:10885000FFF71DB87E6AAB4656F8045BC7E9096BA3
:1088600019E6BB6902333FF46FAAD8F8000001F0A3
:1088700085FC002840F00981BB69032BD9447FF4B3
:108880004FAA2B68042B7FF44BAAFFF74ABA82B099
:10889000CDE9023302AB7B63D8E44FEA4B0B3046A1
:1088A000594602F0D5FC064600283FF432A8BB6AC0
:1088B00000EB040818600EE65BF8046BC7E909B525
:1088C00077E53B695BF8045B7B60C7E90233C7F877
:1088D00024B0FFF796BAD7E9096356F8048B7E6295
:1088E0007B613B611E46FFF7DCB96C0740F1A0805D
:1088F000D7F824B0F9635BF8043BC7F824B0A3F8B9
:108900000090FEF7E6BF3A63FEF7C1BFB86B514671
:1089100004F09EFA00283FF4E6ADEBE5DAF800300B
:108920008B491A788A5C11073FF572AF0133CAF898
:108930000030DAF80430012C03F1FF33CAF80430B8
:1089400000F0F980BD6B012614E0DAF800308049B0
:108950001A788A5C120703F101033FF559AFCAF890
:108960000030DAF804300136013BB442CAF8043072
:108970003FF44EAF002BE8DC5146284604F068FA7D
:108980000028E2D0B144FEF7A4BF25F4F0654FF013
:108990000108FFF781B818681C4602F059FC00284E
:1089A0003FF44BAD206048E525F4F0650126FFF764
:1089B00073B815F001027FF4ACACA9077FF5A9AC40
:1089C000644BF969B86B99423B6A796900F0AF80F2
:1089D00004F012F80B46D7F824B05BF8041BC7F874
:1089E00024B0C1E900039BE4D7F82890BC61454658
:1089F000002E3FF47DAABC6B013E52461BF80610C8
:108A0000204604F0E5F9002EF6D1FFF771BA4FF0D9
:108A1000000BFFF799B9B86B514604F019FA00281A
:108A20003FF497A9BBF1000F7EF46DAFFFF79AB941
:108A3000E8070FD4AA070DD5D7F824B0F9635BF87F
:108A4000043BC7F824B04FEAE972C3F800905A60BB
:108A5000FEF73FBFD7F824B0F9635BF8043BC3F8D7
:108A60000090C7F824B0FEF734BF7C69D7F838907F
:108A7000A3457EF601AF1BF8011D5246484604F09F
:108A8000A7F9A345F7D1FEF7F7BEBBF1000F3FF4FE
:108A900069A9BD6B5C46013C07F5AC735246195D94
:108AA000284604F095F9002CF5D1FFF75BB94FF09B
:108AB000FF333B63FEF7EBBE3869D90002F0C8FB19
:108AC000386100283EF425AF7B69D7F828B03060C4
:108AD0005B0000EB05087B61FFF736B97C69D7F8CE
:108AE0003890A3457EF6C8AE1BF8011D5246484695
:108AF00004F06EF9A345F7D1FEF7BEBE1648C7F8DD
:108B000024B002F02DFE2060FFF76CBA7B69D7F825
:108B100038909B457EF6B0AE1BF8011D5246484684
:108B200004F056F97B699B45F6D1FEF7A5BE04F02B
:108B3000D1F80B464FE72646B144FEF7CABED8F837
:108B40000030BB6101337FF491A9BA69FFF7A6B980
:108B5000F9F6000839CB000828F60008012C38BFC8
:108B6000012415F0010300F0978015F010037B61DC
:108B700040F0D9802A06D7F824B040F1DB805BF8BA
:108B8000043BBB62002B3EF477AE802001F02CFB4F
:108B9000064600283EF4BDAEBB6A7A6B1860B2F898
:108BA000068093889845C0F0F5804FF6F6729342A0
:108BB0003EF6B3AE08339DB27B6BA900186802F095
:108BC00047FB00283EF4A9AE7B6B9D801860BB6A12
:108BD00040F828307B6BC7F824B008F10108A3F8EF
:108BE0000680B3464FF02008002501F0D5FAA842D0
:108BF0003EF489AEDAE9003213F8011B013ACAE902
:108C00000032BA6907F5AC70032A415505F101033A
:108C100007F1500502D12A68042A06D00822002153
:108C20002846BB61FCF764FFBB69B86B009507F58C
:108C3000AC7231463B6101F097FD431CB8613EF4D4
:108C400062AE3B69002840F0B5807A6902B93260B3
:108C50009944013C7B6943B9BB6A2BB1A6EB0B0578
:108C6000B8EBA50F40F2D8800436DAF80430002BB8
:108C70004FF0000540F3A780002CB6D1BB6A2BB1A2
:108C8000A6EB0B01B8EBA10F00F2D5807B69002B9E
:108C90007EF41FAEFFF7A6B9EE0654D42D066AD5B2
:108CA0007E6A56F8045B002D3EF4E6AD204601F0E6
:108CB0009BFA804600283EF42CAE7A6B2860B2F80E
:108CC00006B093889B4573D34FF6F67293423EF6F7
:108CD00024AE7A6B08339BB21068BB62990002F035
:108CE000B7FA00283EF419AE7A6BBB6A9380106025
:108CF0007B6B40F82B500BF1010BA3F806B04146FB
:108D0000B86BCDF800A02346012204F0BFF88046DE
:108D1000002864D084426DD83B6B7E620133C1442D
:108D20003B63FEF7D6BD4FF00008C346C7F8288066
:108D3000464659E77B695BF8046BC7F824B0984650
:108D40009B46BB6250E71D46DAF804309C4223DDA7
:108D5000DAF80020B86B1A44CAF8002051461D44C6
:108D6000E41A04F075F80028EED0002D3EF4CBADE7
:108D7000A944FEF7AEBD7E6AB86B3168CDF800A09D
:108D80002346012204F082F8804600283EF4BBAD61
:108D90000436C1E710681AE71B1BCAF80430DAF87A
:108DA000003025441C44CAF80040A944FEF791BD98
:108DB00010689DE7BA69023224D1DAF80420002A4B
:108DC0001D463FF712AFB86B514604F041F800283A
:108DD0003FF452AF002D3FF451AFFEF794BD3B6B13
:108DE000002B3EF49AADBAF80C305B067EF546AD2A
:108DF000FEF793BD2868414602F02AFA00288BD07E
:108E0000286089E79944BB69032B7FF422AF2B6864
:108E1000042B7FF41EAF1DE758464FEAC80102F04D
:108E200017FA834600283EF474ADBB6A46191860F1
:108E30004FEA480818E7BC6A206802F009FA0028DF
:108E40003FF424AF206021E738B50C46084D844636
:108E5000114620461A4600232B606446F9F7E6FACD
:108E6000431C00D038BD2B68002BFBD0236038BDDD
:108E7000CC0D0020024B13B1024800F005B870473A
:108E800000000000A59E0008002301461A4618466F
:108E900004F0A0B838B5074D0022044608462A6001
:108EA000F9F7D2FA431C00D038BD2B68002BFBD059
:108EB000236038BDCC0D00202DE9F04F03690C690B
:108EC000A34283B0C0F28680013C01F11405A300E7
:108ED00000F11408009355F8243058F82420013389
:108EE0008A469A4208EB8401814605EB840701918A
:108EF000B2FBF3F638D30023AE4640469B465EF8FD
:108F0000041B02681FFA81FC06FB0C33090C4FEAB4
:108F1000134C06FB01CC99B2ABEB01011FFA8CF3A9
:108F200011FA82F1C3EB124202EB214289B241EA0B
:108F30000241774540F8041B4FEA1C434FEA224B9D
:108F4000DDD2009B58F8033073B9019B043B984570
:108F500004D307E0984504F1FF3403D253F8042901
:108F6000002AF7D0C9F810405146484601F01CFFCE
:108F700000282BDB01364046002355F8041BD0F8AF
:108F800000C08AB29A1A0B0C12FA8CF2C3EB1C4383
:108F900003EB224392B242EA0342AF4240F8042B71
:108FA0004FEA2343E9D258F8242008EB84036AB936
:108FB000043B984504D307E0984504F1FF3403D2FD
:108FC00053F80429002AF7D0C9F81040304603B0FE
:108FD000BDE8F08F002003B0BDE8F08F0000000076
:108FE0002DE9F04F016C99B090469946CDE904897E
:108FF000259D044641B1426C4A60012393408B6039
:1090000001F01CFC00232364B9F1000AB4BF012362
:1090100000232B60764BBCBF2AF0004ACDF814A089
:1090200033EA0A0300F0AA80DDE90423104619465A
:1090300000220023CDE90A01F8F724FB074670B1AE
:10904000249A01231360269B002B00F0E4826948D8
:109050001860431E0393039819B0BDE8F08F16AB58
:10906000019317AB00932046DDE90A2301F0ECFFE2
:109070005FEA1A56054640F09780DDE916763E44D1
:1090800006F23240202840F3B583C0F140000AFACE
:1090900000FA06F2124028FA00F04AEA0000F7F758
:1090A00011FA0123013EA1F1F8710F93524B0022F6
:1090B000F7F7CAF848A3D3E90023F8F77BF848A3E9
:1090C000D3E90023F7F7C2F8804630468946F7F720
:1090D00009FA45A3D3E90023F8F76CF802460B46DA
:1090E00040464946F7F7B2F880468946F8F712FB42
:1090F00000228346002340464946F8F7CDFA00286F
:1091000040F07C82BBF1160F00F26B823B4B03EB0D
:10911000CB03D3E90023DDE90A01F8F7BDFA002803
:1091200072D00023BE1B0E93731E0BF1FF3B069300
:1091300000F15E8200230993BBF1000F6BDA099BFB
:10914000CDF81CB0A3EB0B030993CBF100030D93F7
:10915000229B092B4FF0000B66D8052B40F3488368
:10916000043B22930026229B023B032B00F26886DD
:10917000DFE813F05C04590450043304249A42F2EB
:109180000F73CAF3130A13605AEA08031AD1269B15
:10919000002B00F064861A4B03930833269A039839
:1091A000136019B0BDE8F08FDDE90A12C2F31303B2
:1091B000084643F07F510F97A6F2FF36169F41F401
:1091C000401173E7269B002B40F0EA830D4B03937D
:1091D00041E700BFAFF3008061436F63A787D23FD1
:1091E000B3C8608B288AC63FFB799F501344D33F96
:1091F0000000F07FA9F600080000F83F58F90008C9
:1092000000F80008FCF70008BE1B731E069300F16F
:1092100085840E900990069B5B44CDE9063B0023B4
:109220000D93229B092B98D90023CDE922330126E7
:109230004FF0FF330C960893089B12930021616452
:10924000204601F0D5FA0390002800F00186039B28
:109250002364089B0E2B00F21381002E00F0108176
:109260000799002940F35C84AE4B01F00F0203EB39
:10927000C2034FEA2118C905D3E9006740F11484FD
:10928000A94BDDE90A01D3E90823F8F7BDF8CDE9D8
:10929000100108F00F084FF0030AB8F1000F13D0C7
:1092A000DFF8849218F0010F09D030463946D9E929
:1092B0000023F7F77FFF0AF1010A06460F465FEA2F
:1092C000680809F10809EDD1DDE9100132463B4695
:1092D000F8F79AF8804689460E9B43B1934B0022DB
:1092E00040464946F8F7D8F9002840F03085504606
:1092F000F7F7F8F842464B46F7F75CFF8C4B002235
:10930000F6F7A4FFA1F15073CDE910011193089B6A
:10931000002B00F09780079B1493089B13930C9BE2
:10932000002B00F0A584139A7E4B8249039E03EB29
:10933000C20353E902230020F8F766F8DDE91023A1
:10934000F6F782FFCDE9100149464046F8F7E2F909
:109350000746F7F7C7F802460B4640464946F6F778
:1093600073FF3037DDE9102306F8017B804689461C
:10937000F8F792F9002840F02985CDF854B000277D
:10938000DDE910AB1095139D13942AE00137AF422D
:1093900080F22C85684B504659460022F7F70AFFA9
:1093A000654B002282468B4640464946F7F702FF4E
:1093B00089468046F8F7AEF90446F7F793F8024677
:1093C0000B4640464946F6F73FFF303406F8014B5E
:1093D00052465B4680468946F8F75EF9002840F021
:1093E000F38442464B4651490020F6F72DFF524682
:1093F0005B46F8F751F90028C8D0DDE91343109D0A
:10940000039A079302E0964200F0C884B24616F829
:10941000013D392BF7D00133DBB23370079B0133A9
:109420000793C8E15046F7F75DF842464B46F7F719
:10943000C1FE3F4B0022F6F709FFA1F15073CDE9C1
:10944000100111933D4B404649460022F6F7FCFEC1
:10945000DDE910894B46424606460F46F8F73AF9D1
:109460008146002840F0AA84DDE91001024601F19E
:10947000004330463946F8F70FF9002840F045839D
:10948000179B002BC0F28C80079A0E2A00F388806D
:10949000244B03EBC203D3E900AB239B002B1BDA65
:1094A000089B002B18DC40F02E83244B00225046F2
:1094B0005946F7F77FFE02460B46DDE90A01F8F749
:1094C000F5F8DDF820904E46002800F0C782239B77
:1094D000DDF80C80DF43C9E2DDE90A7852465B46DD
:1094E00038464146F7F790FFF8F714F9814609909E
:1094F000F6F7F8FF52465B46F7F75CFE039E0B4615
:10950000024641463846F6F79FFE09F1300306F859
:10951000013B089B012B00F05C8306940127049516
:109520001C462AE058F9000830F900080000F03F16
:1095300000001C400000E03F0000244000001440F8
:1095400052465B4640464946F7F75EFFF8F7E2F8B9
:109550000546F6F7C7FF52465B46F7F72BFE013785
:109560000B46024649464046F6F76EFE05F13003CB
:10957000A74206F8013B00F02983AC4B0022F7F725
:1095800019FE0022002380468946F8F77BF8002860
:10959000D6D0049D069C079B01330793B2460AE18F
:1095A0000C9A002A3DD0229A012A40F39C82089B03
:1095B00003F1FF380D9B4345C0F26D82A3EB080811
:1095C000089B002BC0F23C83069A1A440692099A23
:1095D00017461A4409920121204601F031FA064645
:1095E00023E00123BE1B0E93731E06937FF5A2ADED
:1095F000C6F101030993002306939DE55846F6F74B
:1096000071FF42464B46F8F73DF800287FF47AADEB
:109610000BF1FF3B76E5864B0393039819B0BDE849
:10962000F08FDDF83480099F0C9E002F0CDD069929
:1096300000290B4608DD099AB942A8BF3B46D21A59
:10964000FF1ACB1A099206930D9BDBB10C9B002BE2
:1096500000F05D82B8F1000F0FDD31464246204632
:1096600001F0CAFA2A4601460646204601F016FADB
:1096700029460546204601F0E1F80D9BB3EB0802B0
:1096800040F0D8820121204601F0DAF9BBF1000F49
:10969000814600F3B480229B012B40F386814FF07A
:1096A000000A0120BBF1000F40F0B580069A10447B
:1096B00010F01F0000F09380C0F12003042B40F352
:1096C000D283099BC0F11C00034402440993074460
:1096D0000692099B002B05DD29461A46204601F01B
:1096E000EBFA0546069B002B05DD49461A46204647
:1096F00001F0E2FA81460E9B002B40F03681089B78
:10970000002B40F31D810C9B002B40F0A080079B99
:1097100001330793DDF80C80DDF820A0012707E076
:10972000294600230A22204601F092F80137054617
:1097300049462846FFF7C0FB574500F1300308F8BB
:10974000013BEDDB089A002AC8BF9346039AD8BFB5
:109750004FF0010B93440027294601222046049331
:1097600001F0AAFA4946054601F01EFB002840F325
:10977000A8811BF8013C039A0BF1FF3B04E05A451A
:1097800000F0AA811BF8013D392B0BF1010AF6D03C
:1097900001338BF800304946204601F04FF856B1AE
:1097A0002FB1B74203D03946204601F047F8314681
:1097B000204601F043F82946204601F03FF80023F7
:1097C0008AF80030249B079A1A60269B002B3FF4EE
:1097D00042AC0398C3F800A019B0BDE8F08F1C207C
:1097E000099B03440993069B03440744069370E7CF
:1097F0000126B8E4C0F1200008FA00F04FE4014669
:109800005A46204601F0F8F9229B012B814640F38D
:10981000B3814FF0000AD9F8103009EB83031869BF
:1098200001F0C0F8C0F1200040E700BF0000244074
:10983000A8F60008314600230A22204601F008F865
:10984000129B002B064640F3E782CDE90783002FE9
:1098500000F31A81BAF1000F40F0D581B046049BA5
:10986000039F089903F001027B1E1944229B0C926E
:10987000134309910A9349462846FFF71DFB3146D9
:109880008346284601F090FA4246494682462046E1
:1098900001F0AAFAC26801460BF13003002A42D156
:1098A00006902846089301F07FFA06990490204616
:1098B00000F0C4FF049A089B1AB90A99002900F025
:1098C0009B82BAF1000FC0F2638122994AEA010A31
:1098D0000C9951EA0A0100F05B81002A00F3B4817F
:1098E000099A3B7007F1010A9742D34600F0B28112
:1098F000294600230A22204600F0AAFF46450546D5
:1099000031464FF000034FF00A02204612D000F01B
:109910009FFF4146064600230A22204600F098FF9A
:1099200057468046A7E72046049300F087FF049B34
:109930000122C6E700F08CFF5746064680469AE7AC
:10994000229B022B79DC0C9B002B80D1079B494684
:10995000013328460793FFF7AFFADDF80CB000F1AA
:1099600030030BF8013B0027F6E64946284601F094
:109970001BFA0028BFF6C3AE294600230A22204660
:1099800000F066FF079B03F1FF380C9B0546002B98
:109990007FF450AF129B002B40F335820893B9E659
:1099A000AF4B03930333FFF7F9BBDDE90412002942
:1099B0007FF475AEC2F31303002B7FF470AEA94B96
:1099C0001340002B00F0FE81099B01330993069B95
:1099D000013306934FF0010A63E601230C93239BA6
:1099E000079A134412930133012B1F460893B8BF03
:1099F00001270021172F61647FF722AC0122042385
:109A00005B0003F11400B842114602F10102F7D9DC
:109A1000616415E401230C93239B002B4CDD12930E
:109A200008931F46E5E700230C93D8E700230C9327
:109A3000F2E7129BCDF81C800893089B002B7FF463
:109A400046AD49460522204600F002FF0146814608
:109A5000284601F0A9F900287FF739AD0398079F40
:109A60003123804600F8013B0137039049462046E8
:109A700000F0E4FE7B1CDDF80CA00793CDF80C8011
:109A8000002E7FF494AE96E631463A46204601F029
:109A900013F90646DEE60D9BCDF83480A8EB0303F0
:109AA0009B444FF000088BE5DDE90A234FF0020AE2
:109AB000CDE91023FFF7F1BB012323930893FFF7B0
:109AC000BBBB03D1049BDB073FF553AEDA461BF863
:109AD000013D302BFAD05EE6079B039A01330793D2
:109AE0003123137057E60F9A002A00F0268103F203
:109AF0003343069ADDF834801A440692099A1746D1
:109B00001A44099267E54FF000094E46DFE4294602
:109B10000D9A204601F070F80546B3E50E9067E512
:109B200000F00F81079A504B564206F00F0203EBEC
:109B3000C203D3E90023DDE90A01F7F73BFB361145
:109B40008046894600F07181484F00234FF0020A99
:109B5000F20706D5D7E90023F7F72CFB0AF1010A33
:109B60000123761007F10807F2D1002B3FF4B4ABC4
:109B700080468946FFF7B0BB049B002B7FF449AEBB
:109B8000DDE90412C2F31303002B3FF418AF40E6E3
:109B9000002A12DD294601222046049301F08CF8A8
:109BA0004946054601F000F90028049B40F318815E
:109BB000392B00F0F9800BF13103BA460AF8013B6A
:109BC000079B0133374607934646E4E50995069C13
:109BD000049D02460B46F6F739FB52465B4680462B
:109BE0008946F7F777FD60B952465B4640464946DD
:109BF000F7F748FD00283FF4CEAC099BD9077FF565
:109C0000CAAC039A02E47168204600F0F1FD0746F1
:109C1000002800F00E81336902339A0006F10C012E
:109C20000C30F7F72DFA39460122204601F044F8AE
:109C3000804614E62946204600F0DEFF054621E571
:109C4000DDE908239F1AC6E4392B00F0AD80BA463F
:109C50000133B3E7079A01323746079246467BE560
:109C6000FCF700080000F07F58F9000830F9000800
:109C7000DDF84CA0844901EBCA01DDE9102351E96C
:109C80000201F7F797FACDE9100149464046F7F788
:109C900041FD0646F6F726FC0B460246494640467D
:109CA000F6F7D2FA039F53463036012B07F8016BC3
:109CB0008046894600F0AE80139E039B1E44734B82
:109CC000002240464946F7F775FA89468046F7F77D
:109CD00021FD8246F6F706FC0AF1300A02460B46E1
:109CE00040464946F6F7B0FA07F801ABB74280465E
:109CF0008946E4D1664B0022DDE91001F6F7A6FAA9
:109D000042464B46F7F7C8FC002864D1DDE9102332
:109D10005F490020F6F798FA42464B46F7F7DAFC1F
:109D200000283FF4ADABB246013E1AF8013C302B9F
:109D3000F9D0149B013307933DE5169BC3F136031D
:109D4000D7E6DDE90A894FF0020AFFF7C5BA089B9A
:109D5000002B3FF467AB129B002B7FF791AB079A68
:109D6000013ACDE913324046484B00224946F7F705
:109D700021FA804689460AF10100F6F7B3FB424614
:109D80004B46F7F717FA434B0022F6F75FFAA1F1BB
:109D90005073CDE910011193FFF7C1BA079B01334E
:109DA00007933123FFF739BB079BBB46013307936A
:109DB000392337460BF8013B4646DCE44FF00009F7
:109DC0004E464BE69A466CE4109D139C149B01335F
:109DD0000793B246EFE4149B039A0793FFF716BB71
:109DE0007FF4EBAEDA077FF5E8AEE1E6DDF854B0DC
:109DF000109D139CFFF744BB392BD5D0BAF1000F4F
:109E00003FF7D9AED9E6229B022B3FF712AECDF831
:109E10001C809BE53E466DE7229B022B3FF709AE77
:109E2000129BCDF81C80089311E54FF0020AFFF752
:109E300053BA194B19483A4640F2EA2103F010F997
:109E4000002666643146204600F0D2FC039078B9C3
:109E5000114B124800224FF4D57103F001F9104B59
:109E60000393FFF7F8B83FF434ACC0F13C00B7E41B
:109E7000039B236401224FF0FF33239612930C922D
:109E80000893FFF7FDBA00BF58F90008000024400E
:109E90000000E03F00001C400CF8000820F800081B
:109EA00000F8000838B5084B084D5B1B9C1007D024
:109EB000043B1D44013C55F804399847002CF9D166
:109EC000BDE8384005F012BB98FC000894FC00087F
:109ED000F8B5244F0C46064600F07EFCBA6855687B
:109EE000C4F57E630F3325F003052B4423F47F6311
:109EF00023F00F03A3F58054B4F5805F07DB002146
:109F0000304601F0D5FBBB682B44984204D0304664
:109F100000F068FC0020F8BD6142304601F0C8FB4B
:109F200001300DD0104ABB682D1B45F001055D6066
:109F3000136830461B1B136000F054FC0120F8BD71
:109F40000021304601F0B4FBBA68831A0F2BDEDD26
:109F500043F001035360054B03491B68C01A0860B6
:109F6000D5E700BFA8050020980D0020B00900200B
:109F7000002961D0F8B50C46064600F02DFC54F8D7
:109F8000042C7B4FA4F1080522F0010105EB010C24
:109F9000B868DCF80430604523F0030300F08B80E0
:109FA000D207CCF8043032D454F8082CAD1A11443E
:109FB000AA6807F1080082426AD00CEB0304D4F8C7
:109FC00004E0EC68D4601EF0010FA26000F09780FE
:109FD00041F001036B60CCF80010B1F5007F35D281
:109FE0007A68CB0848090121013381401143796027
:109FF00007EBC30257F83310083AC5E9021247F8D5
:10A000003350CD603046BDE8F84000F0EBBB0CEBC0
:10A0100003025268D00710D4194407F10800DCF895
:10A020000830834273D0DCF80C20DA60936041F092
:10A0300001036B606950D0E7704741F00103B1F54F
:10A04000007F44F8043CCCF80010C9D3B1F5206F70
:10A050004FEA512348D28B0903F1390003F138024A
:10A06000C300F818FB580838984259D05A6822F0B3
:10A0700003028A4202D99B689842F7D1D868C5E9A1
:10A0800002308560DD603046BDE8F84000F0AABBD4
:10A090000CEB03025268D20763D40B44DCE90212D2
:10A0A000CA60916043F001026A603046EB50BDE83F
:10A0B000F84000F097BB0B44D10707D454F8082CA4
:10A0C000AD1A1344D5E90212CA60916043F001024F
:10A0D0006A60284ABD6012689A4293D8264B30467F
:10A0E0001968FFF7F5FE8DE7142B0AD9542B1FD8FA
:10A0F0000B0B03F16F0003F16E02C300B1E71944CB
:10A100008DE703F15C0003F15B02C300A9E741F0B6
:10A110000103C7E90455C5E902006B60695071E7A6
:10A1200079689210012404FA02F20A437A60A6E7E1
:10A13000B3F5AA7F06D8CB0B03F1780003F17702C1
:10A14000C3008EE740F25452934206D88B0C03F1C1
:10A150007D0003F17C02C30083E74FF47E737E220F
:10A160007FE741F001036B60CCF800104AE700BFC5
:10A17000A8050020B4090020C80D0020002100F02F
:10A1800001B800BFFF289DBF024BC05C00F0080073
:10A1900000207047F9F60008014B93F8280170473A
:10A1A0003C040020004870472C050020704700BF89
:10A1B000704700BF704700BF704700BF38B50C46FE
:10A1C000084D8446114620461A4600232B606446FB
:10A1D000F8F744F9431C00D038BD2B68002BFBD0A6
:10A1E000236038BDCC0D0020024B0146186800F0FA
:10A1F0000BB800BF0C000020024B01461868FFF7A7
:10A20000B7BE00BF0C0000202DE9F04F01F10B0696
:10A21000162E83B0044624D8102900F2BA8000F02C
:10A22000DBFA102618220220B54F3A44A2F10801A9
:10A2300053688B4200F0BA805A68D96822F0030252
:10A240001A449D68E9608D60516841F00101204623
:10A25000516003F1080500F0C5FA284603B0BDE8D7
:10A26000F08F36F0070600F19480B14200F2918041
:10A2700000F0B2FAB6F5FC7FC0F09A81730A00F0E4
:10A280008F80042B00F26F81B30903F1390003F1D1
:10A29000380CC3009A4F3B44A3F108055B689D420C
:10A2A00006D10CE0002980F22781DB689D4206D0B0
:10A2B0005A6822F00302911B0F29F3DD60463D69C5
:10A2C000DFF840C265457CD06A6822F00302931B28
:10A2D0000F2B00F37B81002BC7E904CC80F26C814B
:10A2E000B2F5007F80F01A81D308796801334FEA14
:10A2F000521E012202FA0EF20A4357F833E0C5F863
:10A3000008E007EBC3010839E9607A6047F8335089
:10A31000CEF80C50831001219940914257D8114238
:10A3200006D120F003004900114200F10400FAD0E8
:10A3300007EBC0094D468646D5F80C80454508D147
:10A340001DE1002B80F22481D8F80C80454500F0F7
:10A350001681D8F8042022F00302931B0F2BF0DDA6
:10A360002046D8E9025408EB060146F00106C8F879
:10A370000460EC60A56043F00104C7E90411C1E981
:10A3800002CC4C6048F8023000F02CFA08F10805C5
:10A3900002E00C2323600025284603B0BDE8F08FBF
:10A3A0004FF4007340204FF03F0C73E7D3689A429C
:10A3B00008BF02307FF440AF3D69DFF848C1654512
:10A3C00082D17A688310012199409142A7D9BD6852
:10A3D0006B6823F003094E4503D8A9EB06030F2B46
:10A3E0007ADCDFF824B1494BDBF800201B6801322E
:10A3F000334405EB090A00F0338103F580530F3332
:10A4000023F47F6828F00F084146204601F050F9F8
:10A41000411C024600F0F380824500F2EE803C4B86
:10A42000196841441960084600F04E81DBF80010BD
:10A43000019301311BBFA2EB0A0A5044CBF8002064
:10A44000186012F0070B00F01781CBF108010A44E5
:10A45000CBF5805190440831A1EB0801C1F30B0A00
:10A4600051462046009201F023F9421CDDE9002309
:10A4700000F04F81801A00EB0A081968BA6048F0B2
:10A4800001005144BD425060196000F02981B9F1CA
:10A490000F0F40F227816868A9F10C0C2CF0070C13
:10A4A00000F0010040EA0C0068604FF0050E05EB7B
:10A4B0000C00BCF10F0FC0E901EE00F232815068D0
:10A4C0001546144B1A688A4238BF1960124B1A6835
:10A4D0008A4238BF196094E0AA1943F0010346F09C
:10A4E00001066E602046BA60536000F07BF90835C3
:10A4F000284603B0BDE8F08FD9681A44A1E600BF32
:10A50000A8050020B0050020B0090020C80D0020DB
:10A51000980D0020C00D0020C40D0020B2F5206F62
:10A520004FEA522363D3142B00F2B78003F15C018E
:10A53000C9005B3307EB010E7958AEF1080E8E456A
:10A5400000F091804B6823F00303934202D989689D
:10A550008E45F7D1D1F80CE07A68C5E9021ECEF835
:10A560000850CD60D6E6142B59D9542B00F29D80AB
:10A57000330B03F16F0003F16E0CC3008AE60EF19A
:10A58000010E1EF0030F05F108057FF4D5AE51E072
:10A59000424445465368D8F80C1043F00103536019
:10A5A00055F8083F2046D9608B6000F01BF9F3E6B0
:10A5B000F00806F1080237E62A442046536843F0C3
:10A5C00001035360083500F00DF9E5E6A9192046AE
:10A5D00046F0010643F001046E60C7E90411C1E9C9
:10A5E00002CC4C60AB5000F0FDF80835D4E693097E
:10A5F00003F13901C90038339CE7BD425FD0BD6823
:10A60000686820F003084645A8EB060302D80F2B24
:10A610003FF762AF204600F0E5F80025BCE603F105
:10A620005C0003F15B0CC30034E659F808394B4574
:10A6300040F0968010F0030F00F1FF30F5D17B68F9
:10A6400023EA01037B60490099423FF6C0AE19B985
:10A65000BDE649000EF1040E1942FAD0704667E6D5
:10A6600003F11008D0E69A104FF001087B6808FA51
:10A6700002F21A437A6070E702EB08014942C1F323
:10A680000B0A51462046009201F012F8431CDDE906
:10A6900000237FF4EFAEDA46EFE6542B25D8130BF8
:10A6A00003F16F01C9006E3344E7B3F5AA7F25D8E3
:10A6B000F30B03F1780003F1770CC300EAE5294BB3
:10A6C000186840441860B1E6CAF30B0CBCF1000FE7
:10A6D0007FF4ACAEBD68C84448F001006860F0E6A5
:10A6E0001546EEE60123536094E7B3F5AA7F23D81D
:10A6F000D30B03F17801C90077331BE740F25452C2
:10A70000934223D8B30C03F17D0003F17C0CC3000A
:10A71000C0E5ABF1080BD844A8EB02084FF0000AE3
:10A72000ABE605F1080120460093FFF721FCBD6868
:10A73000009B68681968C4E640F254518B420BD8FC
:10A74000930C03F17D01C9007C33F3E64FF47E7373
:10A750007F204FF07E0C9DE54FF47E717E23E9E66D
:10A760007B6870E7980D002070B582B00546069CA6
:10A7700042B10C4E0094D6F8E460B047431C0BD0B5
:10A7800002B070BD074B0094D3F8E460114601237A
:10A79000054AB047431CF3D100228A2322602B6074
:10A7A00002B070BD3C04002028F6000882B049B118
:10A7B0005AB16BB113780B601278101E18BF0120CC
:10A7C00002B0704701A9002AF3D1104602B07047C9
:10A7D0006FF00100F4E700BF0148FFF7EBBC00BFDA
:10A7E0008C0D00200148FFF7E7BC00BF8C0D002056
:10A7F000C36C70B505460C464BB153F8240080B1CC
:10A80000026843F824200023C0E9033370BD2122ED
:10A81000042102F045FC0346E8640028EDD1002045
:10A8200070BD012101FA04F6721D9200284602F063
:10A8300037FC0028F3D0C0E90146E4E731B1C36C2E
:10A840004A6853F82200086043F82210704700BF9E
:10A850002DE9F0410D6907460E461C4601F1140E24
:10A860000020DEF800108BB202FB03434FEA134CCA
:10A87000090C02FB01CC01309BB203EB0C43854277
:10A880004EF8043B4FEA1C44EBDC3CB1B368AB42EE
:10A8900007DD06EB850301355C6135613046BDE8B7
:10A8A000F081716838460131FFF7A2FF8046A8B1F8
:10A8B0003269023206F10C0192000C30F6F7E0FB2F
:10A8C000FB6C726853F82210316043F822604646F0
:10A8D00006EB850301355C613561DFE7024B034818
:10A8E0004246B52102F0BCFB0CF80008B0F80008A5
:10A8F0002DE9F8430C4628491E46174603F1080285
:10A9000081FB0231092E4FEAE2730546C3EB610376
:10A9100039DD4FF0010C00214FEA4C0C634501F189
:10A920000101F9DC2846FFF763FF014668B3089B85
:10A930004361092F4FF00103036112DC0A34092738
:10A94000BE420BDDF61B264414F8013B0A22303BC5
:10A950002846FFF77DFFA6420146F5D10846BDE82F
:10A96000F88304F10909C8463C4418F8013B0A225F
:10A97000303B2846FFF76CFFA0450146F5D1A7F113
:10A9800008044C44DCE70021CCE70A46034B0448AA
:10A99000CE2102F065FB00BF398EE3380CF80008C9
:10A9A000B0F80008020C12040346CAB903041020D0
:10A9B00013F07F4F04BF1B02083013F0704F04BF29
:10A9C0001B01043013F0404F04BF9B000230002BEA
:10A9D00005DB13F0804F00F1010008BF2020704715
:10A9E0000020E5E70368024613F0070007D0D90707
:10A9F0001DD498071FD55B0813600120704799B2DA
:10AA000009B91B0C1020D9B209B908301B0A190763
:10AA100004BF1B090430990704BF9B080230D90703
:10AA200003D45B0800F1010003D0136070470020DD
:10AA30007047202070479B0813600220704700BFBA
:10AA400038B5C36C04460D464BB15868B0B10268C6
:10AA50005A6000220123C0E90435C26038BD2122BA
:10AA6000042102F01DFB0346E0640028EDD1094BF0
:10AA7000094800224FF4A07102F0F2FA1C220121D1
:10AA8000204602F00DFB0028F1D001220223C0E98C
:10AA90000123DEE70CF80008B0F800082DE9F04FBC
:10AAA0000E691569AE4285B08846144605DB2A4614
:10AAB000234635460C4616469846A3686168AF198A
:10AAC000BB42B8BF0131FFF793FE0190002800F0B0
:10AAD0008780019B03F1140909EB870AD14505D250
:10AAE0004B46002243F8042B9A45FBD808F1140882
:10AAF00008EB860B04F11403D8451A4603EB8505D1
:10AB00005FD22B1B153B23F0030304331534A542FE
:10AB100038BF0423CDE902A7AC461F46924605E0A4
:10AB2000000C29D1C34509F1040948D958F8040B90
:10AB300085B2002DF4D056464C46002356F8040B3F
:10AB4000216882B21FFA81FE05FB02EE000C0A0C9E
:10AB5000734405FB002202EB13429BB243EA02431B
:10AB6000B44544F8043B4FEA1243E7D849F80730AC
:10AB700058F8040C000CD5D0D9F8003054461946CA
:10AB80004D4600222688090C00FB06110A449BB2A0
:10AB900043EA024345F8043B54F8046B2968360C39
:10ABA0008BB200FB063303EB1243A4454FEA13427A
:10ABB000E8D8C34549F8073009F10409B6D8DDE9FA
:10ABC00002A7002F02DC05E0013F03D05AF8043D44
:10ABD000002BF9D0019B18461F6105B0BDE8F08F2E
:10ABE000034B0448019A40F25D1102F039FA00BFAC
:10ABF0000CF80008B0F8000812F003032DE9F0414A
:10AC00001446064632D10D46A41020D0D6F848800E
:10AC1000B8F1000F33D0E3074FF0000707D46410FA
:10AC200015D0D8F80000A8B18046E307F7D5424612
:10AC300029463046FFF732FFB5B16968F36C6410FE
:10AC400053F821202A6043F821500546E9D12846CF
:10AC5000BDE8F081424641463046FFF71FFFC8F885
:10AC6000000007608046E0E70546D8E7013B0F4A51
:10AC700052F823200023FFF7EBFD0546C4E701212E
:10AC80003046FFF7B5FD804640B1012340F2712206
:10AC9000C0E904320023B0640360BCE7044B0548FC
:10ACA00042464FF4A07102F0DBF900BF20FA000821
:10ACB0000CF80008B0F800082DE9F0470C46904663
:10ACC0002669A368496806EB6216751C9D42074613
:10ACD0004FEA621904DD5B009D4201F10101FADCDB
:10ACE0003846FFF785FD8446002851D0B9F1000FA2
:10ACF00000F114000EDD09F105024FEA820E034651
:10AD00000CEB8202002143F8041B9342FBD1AEF10D
:10AD100014031844216904F1140318F01F0803EB0D
:10AD200081012DD0C8F1200986464FF0000A1A682B
:10AD300002FA08F242EA0A024EF8042B53F8042BF6
:10AD4000994222FA09FAF2D80B1B153B23F00303B0
:10AD5000043304F11502914238BF0423BAF1000F05
:10AD600018BF2E4640F803A0FB6C6268CCF8106058
:10AD700053F822102160604643F82240BDE8F08776
:10AD8000043853F8042B40F8042F9942F9D8EBE724
:10AD9000034B0448624640F2D91102F061F900BF4A
:10ADA0000CF80008B0F800080B6984460069C01A66
:10ADB00015D10CF1140C14310CEB830210B401EB1F
:10ADC000830301E0944508D252F8044D53F8041D62
:10ADD0008C42F7D004D24FF0FF3010BC7047704760
:10ADE000012010BC704700BF2DE9F84F0F691369AF
:10ADF000FF1A002F0E4690467AD101F11405143245
:10AE000002EB830205EB830301E09D4273D253F80A
:10AE1000041D52F8044DA142F7D064D37168FFF7C6
:10AE2000E7FC8146002872D03569D8F81020C76049
:10AE300008F1140E06F1140009F1140A06F1100CC1
:10AE40000EEB820200EB8507564600215EF8044BAC
:10AE50005CF804BFA3B211FA8BF1CB1A210CC1EB41
:10AE60001B4101EB23419BB243EA0143724546F883
:10AE7000043B4FEA2141E9D8A2EB0804153C08F154
:10AE80001508424524F0030606F1040638BF0426DF
:10AE9000304424F0030238BF002287425244B244B7
:10AEA00016D95646044654F8043B11FA83F10A14A5
:10AEB00002EB134289B241EA0243A74246F8043B3F
:10AEC0004FEA2241EFD87A1E101A20F003025244B2
:10AED00023B952F8043D013D002BFAD0C9F81050B7
:10AEE0004846BDE8F88F334601274646984695E721
:10AEF000F9DB002792E70021FFF77AFC814668B171
:10AF000001220023C9E904234846BDE8F88F074B16
:10AF100007484A464FF4107102F0A2F8034B044868
:10AF20004A4640F2322102F09BF800BF0CF80008BC
:10AF3000B0F800080F4B0B40A3F15073002B02DD5B
:10AF40000020194670475B42B3F1A07F4FEA2352BD
:10AF500005DA4FF40023002043FA02F17047143A57
:10AF60001E2ADABF4FF0004323FA02F20122002129
:10AF7000104670470000F07F2DE9F843066900F1A4
:10AF8000140808EB8606A6F1040956F8047C384636
:10AF9000FFF708FDC0F120030A280B6036DDC84525
:10AFA0001ED2B0F10B0356F8082C26D0C3F1200CAA
:10AFB00022FA0CF19F400F43A6F1080147F07F559C
:10AFC000884545F440153AD202FA03F056F80C3C95
:10AFD00023FA0CF303431C4620462946BDE8F883B8
:10AFE000B0F10B0308D007FA03F343F07F550023B9
:10AFF00045F440151C46EFE71A4647F07F5545F4E7
:10B000004015144620462946BDE8F883C0F10B03DD
:10B0100027FA03F2C84542F07F553CBF56F8082C8A
:10B02000DA4000F1150328BF002207FA03F345F4C4
:10B03000401543EA020420462946BDE8F88302FA97
:10B0400003F31C46C8E700BF70B5012182B0164665
:10B050001D46FFF7CDFB044600284BD02B46C5F319
:10B060000A55C3F313030DB143F48013002E01936B
:10B0700022D068460096FFF7B5FC002836D0019B29
:10B080000099C0F1200203FA02F20A43C34001937F
:10B090006261002B14BF02210121A3612161ADB1C6
:10B0A000069AA5F2334303441360079BC0F13500B1
:10B0B0001860204602B070BD01A8FFF793FC019B09
:10B0C0000121C4E904132030002DE9D104EB8102F1
:10B0D000A0F232431069069A1360FFF763FC079BE6
:10B0E000C0EB41112046196002B070BDDDE90023BC
:10B0F0006261CEE7034B0448224640F20A3101F078
:10B10000AFFF00BF0CF80008B0F800082DE9F043CD
:10B1100083B00F4669468046FFF72EFF04460D4672
:10B12000384601A9FFF728FFD8F810303A690F46D2
:10B130009A1ADDE90013CB1A03EB4213002B0646E3
:10B140000BDD05EB03594D4632463B46204629466A
:10B15000F6F75AF903B0BDE8F083C3EB033307EB0E
:10B1600003510F46F0E700BF0139491101F1010C0D
:10B17000116902F1140303EB81018B4200EB8C0C8B
:10B1800016D210B5A0F1040E53F8044B4EF8044F3C
:10B190009942F9D88B1A153B23F003030433184462
:10B1A000844504D9002340F8043B8445FBD810BDF6
:10B1B000844505D9002340F8043B8445FBD87047FB
:10B1C000704700BF03694A11934200F1140009DA85
:10B1D00000EB830302E053F8042DC2B98342FAD88E
:10B1E0000020704710DD11F01F010DD010B450F891
:10B1F000224000EB820324FA01F202FA01F18C42B0
:10B200000BD0012010BC704700EB8203E6E7012061
:10B21000704753F8042D002AF3D18342F9D8002057
:10B2200010BC704738B50C46084D84461146204680
:10B230001A4600232B606446F7F7E8F8431C00D059
:10B2400038BD2B68002BFBD0236038BDCC0D00200F
:10B2500010B4044C03460A46206810BC194600F09E
:10B2600003B800BF0C0000202DE9F84F1746002955
:10B2700000F0988007F10B0580460C46FFF7ACFA0A
:10B28000162D5DD810252A46AF425ED854F8041C0E
:10B2900021F003069642A4F1080962DABC4BD3F808
:10B2A00008C009EB0600844500F09780D0F804C080
:10B2B0002CF0010303445B68DB0768D42CF0030C1B
:10B2C00006EB0C03934247DACB0710D454F8083C42
:10B2D000A9EB030ADAF8043023F003018C44B444E8
:10B2E000944580F211817318934280F2E8803946C8
:10B2F0004046FEF789FF0746E0B154F8043C23F0CE
:10B3000001034B44A0F10802934200F0D280321FA7
:10B31000242A00F2F580132A00F2AC80034622466C
:10B32000116819605168596092689A6021464046D8
:10B33000FEF71EFE4046FFF755FA3846BDE8F88F87
:10B3400025F00705002D2A469EDA0C23C8F80030A8
:10B3500000273846BDE8F88F1E46D0E90223D360A7
:10B360009A60731B0F2B22D8D9F8043003F0010325
:10B3700033434E44C9F80430736843F001037360EB
:10B3800040462746FFF72EFA3846BDE8F88FC90732
:10B39000ADD454F8083CA9EB030ADAF8041021F004
:10B3A0000301A0E7BDE8F84F1146FEF72DBFD9F81D
:10B3B000041001F001012943C9F8041009EB05014B
:10B3C0004E4443F001034B60736843F001030831BE
:10B3D00073604046FEF7CCFDD2E7DCF8040020F0B5
:10B3E000030B06EB0B0C05F1100084454DDAC90781
:10B3F0003FF57DAF54F8081CA9EB010ADAF80410F8
:10B4000021F003018B44B34458453FF76CAF5746D6
:10B41000DAF80C1057F8080F321F242AC160886030
:10B4200000F2DB80132A40F2D6802168CAF80810A7
:10B430006168CAF80C101B2A00F2DF8008340AF198
:10B4400010022168116061685160A16891600AEB87
:10B450000501ABEB050242F0010299604A60DAF89F
:10B46000043003F001031D434046CAF80450FFF7BF
:10B47000B9F96EE723680360636843601B2A68D8E4
:10B4800004F1080200F108034AE709EB05029A609B
:10B49000ACEB050343F00103536054F8043C03F0A4
:10B4A00001031D43404644F8045CFFF79BF927461F
:10B4B0004FE750F8043C23F003031E4451E757467E
:10B4C000DAF80C1057F8080F321F242AC160886080
:10B4D0004CD8132A48D92168CAF808106168CAF8FC
:10B4E0000C101B2A56D808340AF110021E46236895
:10B4F000136063685360A3689360D1463C4630E7AD
:10B50000214602F0B7FB11E7D0E902135746CB60A2
:10B51000996057F8081FDAF80C30CB60321F242AE4
:10B5200099602DD8132A29D92368CAF8083063688E
:10B53000CAF80C301B2A42D808340AF110032268DA
:10B540001A6062685A60A2689A606646D1463C46B4
:10B5500007E7A3688360E368C360242A26D004F168
:10B56000100200F11003DBE63A46BFE721463846F9
:10B570001E46D14602F07EFB3C46F2E63B46DEE745
:10B58000214638466646D14602F074FB3C46E8E662
:10B59000A8050020A168CAF81010E168CAF81410C4
:10B5A000242A20D010340AF118029FE7236903618E
:10B5B0006169416104F1180200F11803B0E6A36863
:10B5C000CAF81030E368CAF81430242A21D01034A5
:10B5D0000AF11803B3E73A4633E72146384602F04A
:10B5E00049FB164B33E72269CAF818206269CAF88A
:10B5F0001C2018340AF1200278E7A168CAF810105C
:10B60000E168CAF81410242A0DD010340AF1180287
:10B6100017E72369CAF818306369CAF81C30183470
:10B620000AF120038BE72269CAF818206269CAF878
:10B630001C2018340AF1200203E700BFA8050020EF
:10B64000DFF860C0F8B521F00043002763450446E9
:10B650000D461646176022DC844653EA0C0C1ED0B9
:10B66000DFF844C001EA0C0C0A46BCF1000F09D116
:10B670000E4B0022F5F79EFD6FF0350704460A4693
:10B6800021F0004322F0FF421B1522F4E002A3F256
:10B69000FE3342F07F553B4445F4001533602046AD
:10B6A0002946F8BDFFFFEF7F0000F07F0000504308
:10B6B00038B5074D0022044608462A60F6F7D0FE4A
:10B6C000431C00D038BD2B68002BFBD0236038BD55
:10B6D000CC0D0020F0B50D785E2D044621D000225F
:10B6E00001F1010C9646631E04F1FF0103F8012FDE
:10B6F0008B42FBD195B18EF00102E64362550CF10D
:10B70000010E1EF8013C2D2B704610D05D2B04D08D
:10B7100013B11D46F446F1E76046F0BD0CF1FF3071
:10B72000F0BD01224D7801F1020C9646DBE79CF852
:10B7300001005D28EDD08542EBDC6F1C0CF1020CA2
:10B74000E31903F8012BF1188842FADC431B013B93
:10B750008542A8BF00230EF1020EDD19D1E700BF1C
:10B76000004870470000C07F0EB410B59DB06FF068
:10B7700000411FABCDE906010491094953F8042BA0
:10B780000290084C0868019302A90594FAF7B8FAE8
:10B79000029B00221A701DB0BDE8104003B0704734
:10B7A0000C0000200802FFFF30B540EA0104A307A7
:10B7B00001D1032A0FD8844601F1FF3E07E01EF8AD
:10B7C000011F03F8011B541EC1B19C46224663466B
:10B7D000002AF4D130BD0B468446194653F8045B69
:10B7E000A5F1013424EA050414F0803FE4D1043AC1
:10B7F000032A4CF8045B1946EFD8DDE76244002CBD
:10B80000E8D003F8011B9342FBD130BD00000000DB
:10B810002DE9F04F1C46984B1B68A1B000258146CE
:10B820001846884608921C950493F5F769FB002199
:10B8300083460020CDE90601CDF86C8042461746CC
:10B8400012F8013B2D2B2FD8DFE813F0A1002E00BA
:10B850002E002E002E002E002E002E002E00AF00F7
:10B86000AF00AF00AF00AF002E002E002E002E0064
:10B870002E002E002E002E002E002E002E002E0058
:10B880002E002E002E002E002E002E00AF002E00C7
:10B890002E002E002E002E002E002E002E002E0038
:10B8A0002E0006042E00FC0300220A92302B7ED0CC
:10B8B000002209922F2B1C4640F233854FF0000ADC
:10B8C00038465646554612E00130082D1B90C8BF39
:10B8D0000AEB8A0A0478C6BF03EB4A03A3F1300AD5
:10B8E000A2F130062F2C05F10105234670DD06EB91
:10B8F0008602392C03EB4202E6DD04995A4602F037
:10B900003BFA0346002835D11B9A11465A441B9234
:10B9100011F80B40002D40F0AC85302C40F06485D0
:10B92000C2F10101531801321B921478302CF9D066
:10B93000A4F13102082A00F23883A4F1300E1B9CD6
:10B9400003F1010B002301252746049306EB86062D
:10B950000EEB46060023621C1B926478A4F13001B2
:10B96000092900F2ED8201338E46002940F0B884A7
:10B970001B9CF0E70023652C04959B469E4601D056
:10B98000452C32D1002D7CD1099A1A4378D1089BDD
:10B9900013B1089BC3F800804FF0000BCDF810B036
:10B9A0000499584621B0BDE8F08F1B9247E77B7899
:10B9B00003F0DF03582B00F0748401371B973B78AA
:10B9C000302BFAD0002B00F0CC800122099271E7D5
:10B9D00004995A4602F0D0F90346002800F0D680B8
:10B9E00004954FF0000B5B46DE4600220B92002DC3
:10B9F00000F09380049A1346002A08BF2B46304675
:10BA00000493F4F75FFD0B460246CDE906230B9B3A
:10BA1000102DA3EB0B032C46A8BF1024092D0E9369
:10BA200013DD164B03EBC40353E91223F5F7C2FBF6
:10BA3000CDE906015046F4F745FD02460B46DDE927
:10BA40000601F4F703FCCDE906010F2D00F3A780F2
:10BA50000E9B002B00F018840E9B40F39283162B54
:10BA600040F3F9840E9AC5F12503934280F20C85C8
:10BA70000E9B2C1B1C4498E058FC000858F9000849
:10BA80000025DDF86C8008F101021B9298F8014056
:10BA90002B2C00F087822D2C00F0218200220E92A8
:10BAA000A4F13002092A00F21582302C05D11B9A2C
:10BAB00001321B921478302CFAD0A4F13102082AFA
:10BAC00093D81B990B914A1C1B92A4F130004C781F
:10BAD0002F2C09DC00F034BC01321B929CF8014091
:10BAE0002F2CA1F1300006DD00EB8001392C9446AB
:10BAF00004EB4101F0DD0B99521A082A40F320842F
:10BB000044F61F620B920E9A002A3FF470AF0B9A14
:10BB100052420B92002D7FF46DAF099A134320D14E
:10BB2000BEF1000F7FF433AF692C00F03B8400F3CB
:10BB30004183492C00F036844E2C7FF428AFAC4969
:10BB40001BA801F0A7FF00283FF421AF1B9B1B7827
:10BB5000282B00F06D85A74802F008F98346049170
:10BB600003E04FF0000BCDF810B0089A0AB11B9B10
:10BB700013600A9B002B3FF413AF049901F10043BB
:10BB800004930499584621B0BDE8F08F1B9A0495A0
:10BB900002EB0B011B9112F80B409B46DEE60E9B5D
:10BBA0002C1B1C44002C40F30A8314F00F000AD015
:10BBB000914901EBC001DDE90623D1E90001F5F768
:10BBC000F9FACDE9060134F00F0340F08B8200232F
:10BBD0000993049A00962B4639464846FEF788FE9C
:10BBE0001390002800F055830B9BABEB03000E9BDA
:10BBF000002BB4BF024600220F9223EAE373002217
:10BC0000934612939046139C48466168FEF7F0FDF8
:10BC10000746002800F0418122690232920004F1B7
:10BC20000C010C30F5F72CFADDE9060104910B4606
:10BC30001EA901911DA90B90024600914846FFF7ED
:10BC400003FA1C90002800F0188101214846FEF7F5
:10BC5000F7FE8046002800F020811D9B002BC0F2DB
:10BC60000F810F9A129D9E18099A1E9C9B1A2344BD
:10BC7000624A013B9342C4F1360480F2AE80D21A8C
:10BC80001F2AA4EB020400F31D814FF0010A0023D8
:10BC90000AFA02FA0C93099B25443444A6421D4437
:10BCA0003346A8BF2346AB42A8BF2B46002B02DD7C
:10BCB000E41AED1AF61A0F9B002B00F3BE80002C3D
:10BCC00000F3D2800E9B002B00F3DE80002D00F3EA
:10BCD000EF80002E08DD414632464846FEF7ECFF75
:10BCE0008046002800F0D9801C993A464846FFF764
:10BCF0007BF88346002800F0D0800026C368C66029
:10BD000041461093FFF750F8B042C0F2638400F050
:10BD1000D28341465846FFF7F9F900224FF080439D
:10BD200004460D46F5F7C2FC00286FD0109B002B8F
:10BD300000F0E180079B1193314B314C0022CDE99B
:10BD40000C2335462F4E119A2F4B02EA060A9A45CC
:10BD500000F0FC80099B93B1BAF1D46F0FD822A3F5
:10BD6000D3E9002328462146F5F7A0FC002840F03F
:10BD700087810D9B03F1D663A3EB0A030D93049E09
:10BD80000B98DDE90C233146CDE90423FFF7D2F807
:10BD900002460B46DDE90401F5F70CFA33460B9A2F
:10BDA000F4F754FACDE906010E46099B23B9154B69
:10BDB00033409A4500F002811C994846FEF73EFD4B
:10BDC00039464846FEF73AFD41464846FEF736FDFD
:10BDD00059464846FEF732FD15E700230C934FF015
:10BDE000010A58E7AFF300800000C0FFFFFFDF410A
:10BDF00038FA000828F6000858F9000802FCFFFF8E
:10BE00000000F03F0000F07F0000E07FAE4B2046D6
:10BE100029460022F5F7CEF9109B024605460C464E
:10BE2000002B64D101F1004314901593079B1193EB
:10BE3000DDE91423CDE90C2384E741461A46484640
:10BE4000FEF7DAFE804640B301461C9A4846FEF7EC
:10BE500025FE10B310901C994846FEF7EFFC109B8E
:10BE60001C93002C7FF72EAF1C9922464846FEF704
:10BE700023FF1C9000287FF425AFBA465E460FE0F2
:10BE8000129A0F9ED51AEFE63946129A4846FEF7E7
:10BE9000B3FE074600287FF419AFBA465E461C98E9
:10BEA0002223C9F80030894B04934FF0000BB4E013
:10BEB00039462A464846FEF7FFFE074600287FF42B
:10BEC00008AFEAE7824A4FF0010AD31A0AFA03F3ED
:10BED0000C93E0E60022CDF86C800B9287E50122FE
:10BEE0000E9208F102021B9298F80240D8E50B4628
:10BEF000CDE914239AE7DDE90612002940F0AF806E
:10BF0000C2F313031192002B40F0AF80714B00225B
:10BF100020462946F5F7C0FB002840F0AE826A4B68
:10BF2000204629460022F5F745F901F10043054670
:10BF30000C4618901993DDE91823CDE90C2301E78D
:10BF4000652C4FF0010E3FF49CAD19E5A2F154733E
:10BF50000793DDE90623DDE90C01CDE90601104672
:10BF60001946CDE90C23FEF7E5FF02460B46DDE955
:10BF70000601F5F71FF9DDE90C23F4F767F9564AD6
:10BF80000E409642CDE9060176D9049A534B9A4267
:10BF900002D10B9B013380D0504A4FF0FF33CDE9E3
:10BFA000063209E700220E929BE7652C00F0FB8029
:10BFB000452C00F0F8804FF0010EAEE528462146F2
:10BFC000F5F740FCF4F7CAFA0B460246214628462C
:10BFD000F4F73AF9109C069DC6F3130644EA050CE3
:10BFE0005CEA060304460D4600F0C28032A3D3E9A2
:10BFF0000023F5F751FB48B931A3D3E900232046CC
:10C000002946F5F767FB00283FF4D6AEDDE9063494
:10C010001C9804945E46BA469B4601464846FEF785
:10C020000DFC51464846FEF709FC41464846FEF7DE
:10C0300005FC13994846FEF701FC31464846FEF7D9
:10C04000FDFB92E501230A937A1C1B927B78002B5F
:10C050003FF49DAC174629E400230A93F4E7DDE999
:10C060000612012900F0748111921D4B194C002217
:10C07000CDE90C23002565E601F15476079694E698
:10C0800021462846F5F76EFB012838BF0120F4F75A
:10C0900019FA109B024605460C46002B40F06981B8
:10C0A00001F1004316901793DDE91623CDE90C2327
:10C0B0005FE600BFAFF300809535A094FFFFDF3F40
:10C0C00035E5AF350000E03F0000E03F0000F07FC5
:10C0D000E2FBFFFF0000F03FFFFF9F7CFFFFEF7FD1
:10C0E0000000F0BFB3F59A7F00F3D380102B4FEA26
:10C0F0002314A54B40F3C682DDE906019846099357
:10C1000000239A4614F0010F0AF1010A4FEA640471
:10C1100004D0D8E90023F5F74DF80123012C08F1EC
:10C120000808EFD10BB1CDE90601099B03EBCA0169
:10C13000079BA3F154730793DDE90623D1E90001BE
:10C14000F5F738F8914BCDE906010B400A469049C6
:10C150008B4200F29E80A1F580118B4240F21C823E
:10C160008C494FF0FF33CDE906310023099330E5C8
:10C1700083A3D3E90023F5F78FFA00283FF41CAE20
:10C1800044E71633FFF60BAD0B9BABEB0302824B80
:10C1900003EBC203DDE90601D3E90023F5F734F927
:10C1A00083460491E1E40022049293464FF0010E8D
:10C1B000FFF7EABB6E2C3FF4C2ACFFF7E8BB3FF4DD
:10C1C00006AD644214F00F020AD0734B03EBC203B6
:10C1D000DDE90601D3E90023F5F716F9CDE90601FB
:10C1E00024113FF4F4AC1F2C35DC14F01003DDE90E
:10C1F000060118BF6A23DFF8A48109930023E20730
:10C2000004D5D8E90023F4F7D5FF0123641008F121
:10C210000808F4D10BB1CDE90601099B93B1DDE922
:10C220000601C1F30A52C2F16B03002B0ADD1F2B7A
:10C2300040F350820020342B069040F356824FF09A
:10C240005C730793DDE9060100220023F5F71AFA73
:10C2500000283FF4BEAC22234FF0000BC9F8003099
:10C26000CDF810B081E41E9B06931D9B03F2334270
:10C270001F9B23F4801343EA02530793200742BF16
:10C28000079B43F000430793DDE906349B46049483
:10C290006BE43E4A04922223C9F800304FF0000BB1
:10C2A00063E40A9B01931CAB029400933C4A1DABD0
:10C2B0001BA9484601F010F910F0070504463FF4A9
:10C2C00050AC062D40F09380089B0137002B3FF4C3
:10C2D00063AB4FF0000B1F60CDF810B0FFF760BBF1
:10C2E0006A1C012B1B9C9B44104615D02B4403F168
:10C2F000FF3C03E0460094450DD001322B46082B4D
:10C30000154606EB8600F5D9102ADCBF0AEB8A0A2F
:10C310004FEA4A0AEFE7981C082D5BDC0546FFF759
:10C3200015BB04995A46384601F026FD002800F056
:10C33000888000231D4604939A461E46FFF751BB92
:10C3400044F61F629042A8BF10460B90FFF7DBBB7C
:10C35000DDE906341194002C7FF487AEBA465E46C0
:10C3600022234FF0000B1C98C9F80030CDF810B014
:10C3700053E60B46CDE9162396E600BFAFF30080E7
:10C380009535A094FFFFCF3F30F900080000F07F03
:10C390000000A07CFFFFEF7F58F9000868FA000852
:10C3A0003CFA0008AD491BA801F074FB00283FF4DB
:10C3B000EEAA1B9BAA49013B1BA81B9301F06AFB39
:10C3C00010B91B9B01331B93A64B04934FF0000B3A
:10C3D000FFF7CBBB1028DCBF0AEB8A0A01EB4A0A45
:10C3E00005460023FFF7B7BA0023FFF7A1BA1C9A4E
:10C3F0003AB135211EA8FEF7B7FE1C994846FEF754
:10C400001DFA013D042D3FF639AF01A353F825F085
:10C4100067C2000839C4000833C4000825C40008F6
:10C4200067C200084FF0FF336FF00045CDE90635D5
:10C4300024E78C4B079321E71E9B06931F9B0793D2
:10C440001CE71B9A13465A441B9213F80B400646EE
:10C450008246FFF762BA0E98834901EBC001DDE91D
:10C460000623D1E90001F4F7A5FE83460491FFF706
:10C470007CBB04958346FFF771BA7C4B7C4C109DC6
:10C480000022CDE9182356E5774CC5F10F0504EBE2
:10C49000C501DDE90623D1E90001F4F78BFE0E9B0F
:10C4A0005D1B04EBC504D4E90023F4F783FE834647
:10C4B0000491FFF75ABB109B5E46D446BA46DDE9AD
:10C4C0000BB7002B6FD0DDE906456A4BC5F31301AE
:10C4D00099422A463CD0002F00F0A380DDE90623D4
:10C4E0001F421C4621D0109B04995846002B00F097
:10C4F000CD80FEF71FFD099D02460B467DB1C4F3BA
:10C500000A54C4F16B04002C09DD240504F17F53A7
:10C51000002203F54013F4F74DFE02460B46049942
:10C520005846F3F793FE83460491099B73B104992F
:10C53000514B58460022F4F73DFE03460B4308BF1B
:10C5400022238346049108BFC9F800301C9864E593
:10C55000099B0699002B00F0C580424B2B40B3F19C
:10C56000D46F00F2BF801B0DC3F16B034FF0FF309F
:10C5700000FA03F39942AED1404B9A4200F0D880C2
:10C58000384B134003F58013079300230693DDE92E
:10C5900006349B460494C8E702F1547307930023C2
:10C5A0000993FFF716BBDDE90612C2F313030B4331
:10C5B000144690D1099B002B40F0AF80294B2340BB
:10C5C000A3F580136FEA13536FEA035307934FF0F9
:10C5D000FF33DBE7DDE90612109B0B4358465E464E
:10C5E000BA46DDF82CB0A0D1C2F313031446002BD9
:10C5F0009BD122F000431B0D1B05B3F1D66F94D9DC
:10C60000436913B90369012B8FDD31460122484686
:10C61000FEF752FB41460646FEF7C6FB002884DDC6
:10C62000C8E7DDE906341CEA030F3FF47EAF5AE7A2
:10C6300013491BA81EAA01F047FA05287FF48BAA0C
:10C640001F9B43F0FF4343F4E00307931E9B0693B5
:10C65000DDE906349B460494FFF787BA2CFA0008FC
:10C6600030FA00080000F07F58F900080000E0BF31
:10C670000000E03FFFFF0F0000005039FFFFEF7F99
:10C6800050FA000809934FF0000A4EE5FEF752FCFD
:10C69000099D02460B4695B3C4F30A54C4F16B04DA
:10C6A000002C09DD240504F17F53109A03F5401393
:10C6B000F4F780FD02460B4604995846F3F7C4FD93
:10C6C0000022002383460491F4F7DCFF00283FF4A6
:10C6D0002EAF45E64FF0FF3202FA03F3069A1A40F6
:10C6E0000692AFE54FF0FF3344E74FF0FF33C2F15E
:10C6F0004B0203FA02F202EA01030793A2E504994E
:10C700005846F3F7A1FD0022002383460491F4F775
:10C71000B9FF00283FF41AAF22E6084B2340B3F1DB
:10C72000D66F3FF74DAFB3F15C7F3FF700AF17E631
:10C7300001317FF425AFFFF7B2BB00BF0000F07FEF
:10C74000014BFFF765B800BF3C0400202DE9F04F16
:10C75000814645488E4675461EF801CB10F80C40C0
:10C7600014F00804F7D1BCF12D0FE34654D0BCF10E
:10C770002B0F08BF9EF800B06FF0004808BF05F10E
:10C78000020E1BB1102B4FD01F4604E0BBF1300F3F
:10C7900055D00A231F460025B8FBF7F6284607FBAD
:10C7A000168A07E0864215D329D007FB00C0012571
:10C7B0001EF801BBABF1300CBCF1090F06D9ABF18F
:10C7C000410CBCF1190F08D8ABF1370C63450DDDF6
:10C7D000002DE7DA4FF0FF35EAE7ABF1610CBCF171
:10C7E000190F03D8ABF1570C6345F1DC002D0BDBBF
:10C7F00004B140420AB195BB1160BDE8F08FE2453B
:10C80000D3DA4FF0FF35D3E72223C9F800301AB34B
:10C810000EF1FF314046EFE79EF800B04FF00048C0
:10C8200005F1020E0124ACE7BBF1300FACD19EF84C
:10C83000000000F0DF00582807D01F46ABE79EF845
:10C84000003003F0DF03582B0BD110279EF801B006
:10C850003B460EF1020E9EE74046BDE8F08F804653
:10C86000D6E708231F4696E7F9F60008012B03D008
:10C87000242B01D8FFF76ABF10B5F9F70FF916237B
:10C880000360002010BD00BF2DE9F04F85B01F46AA
:10C89000584B03908A4600920D462A4615F8014BE4
:10C8A0001E5D16F00806F8D12D2C76D02B2C05BF76
:10C8B0002C7802960296951C4FF0FF366FF0004BD5
:10C8C0002FB1102F70D0B8464FEAE77905E0302C31
:10C8D00075D04FF00A08B946474642464B463046A7
:10C8E0005946F4F783F90023019284460A46184614
:10C8F000194611E08A4208BF84453ED000FB09F387
:10C9000008FB0131A0FB080319441EEB000041EBBA
:10C91000EE71012315F8014BA4F1300EBEF1090FA1
:10C9200006D9A4F1410EBEF1190F0CD8A4F1370EAF
:10C93000774511DD5C1CEDD0844572EB0103D9D243
:10C940004FF0FF33E6E7A4F1610EBEF1190F03D8F3
:10C95000A4F1570E7745EDDC5A1C14D0029A12B19F
:10C96000404261EB4101009A22B1002B39D1009B7A
:10C97000C3F800A005B0BDE8F08F019B7345BDDA98
:10C980004FF0FF33C6E7039A22231360009B1BB3CB
:10C9900005F1FF3A30465946E9E701232C78029326
:10C9A000951C4FF0004B8BE7302C04D12B7803F013
:10C9B000DF03582B08D0B8464FF000098DE72B78DD
:10C9C00003F0DF03582B0FD14FF010086C784FF0B5
:10C9D00000090235474680E73046594605B0BDE8B4
:10C9E000F08F06468B46D3E74FF00808B946474616
:10C9F00073E700BFF9F60008FFF746BF2DE9F047DF
:10CA000007464B480E46354616F801CB10F80C4049
:10CA100014F00804F7D1BCF12D0FE64658D0BCF154
:10CA20002B0F04BF96F800E0AE1C5BB1102B54D066
:10CA30004FF0FF38B8FBF3F803FB08FA6FEA0A0A75
:10CA4000994608E0BEF1300F5AD00A23DFF8E4809F
:10CA50004FF0050A99460025284607E0404515D8BD
:10CA600029D009FB00C0012516F801EBAEF1300C0E
:10CA7000BCF1090F06D9AEF1410CBCF1190F08D871
:10CA8000AEF1370C63450DDD002DE7DA4FF0FF35D1
:10CA9000EAE7AEF1610CBCF1190F03D8AEF1570C07
:10CAA0006345F1DC002D0BDB04B140420AB16DB9E6
:10CAB0001160BDE8F087D445D3DD4FF0FF35D3E7F3
:10CAC00022233B604FF0FF30002AF2D0711EEFE7C7
:10CAD00096F800E00124AE1CA7E7BEF1300F21D18B
:10CAE000307800F0DF00582816D14FF0100996F882
:10CAF00001E04FF00F0A02366FF070484B46AAE78C
:10CB0000337803F0DF03582BEFD008234FF0070AE8
:10CB10006FF0604899469EE799466FF070484FF075
:10CB20000F0A98E74FF00F0A6FF07048994692E7A6
:10CB3000F9F6000899999919FFF760BF2DE9F04FB0
:10CB400085B08A460192614A03901E460D462946E9
:10CB500015F8014B135D13F00803F8D12D2C7ED08E
:10CB60002B2C03BF2C7802938D1C0293C6B1102E80
:10CB70007AD04FEAE67B32465B464FF0FF304FF00B
:10CB8000FF31F4F733F83246074688465B464FF0EC
:10CB9000FF304FF0FF31F4F729F8B14694460BE02F
:10CBA000302C76D04FF00A09DFF82481B3464FF0DD
:10CBB000050C4FF099374E4600221046114614E0FE
:10CBC000874278EB01021ED3414508BFB84235D0F9
:10CBD00000FB0BF209FB0121A0FB0902114418180C
:10CBE00041EBE371012215F8014BA4F13003092B4D
:10CBF00005D9A4F14103192B08D8A4F137039E42AB
:10CC00000CDD002ADCDA4FF0FF32ECE7A4F161031F
:10CC1000192B03D8A4F157039E42F2DC002A12DB41
:10CC2000029B13B1404261EB4101019B1BB19AB9D8
:10CC3000019BC3F800A005B0BDE8F08F6345C7DDD8
:10CC40004FF0FF32CFE7039A22231360019B4FF08E
:10CC5000FF300146002BEED005F1FF3AE8E7012353
:10CC60002C7802938D1C81E7302C25D12B7803F092
:10CC7000DF03582B1DD14FF010096C784FF00F0CCB
:10CC800002354FF0FF376FF070484FF0000B4E4603
:10CC900092E72B7803F0DF03582BECD04FF0080914
:10CCA000B3464FF0070C4FF0FF376FF060484E4629
:10CCB00082E74FF0000B5EE74FF00F0C4FF0FF37AD
:10CCC0006FF07048B1464FF0000B75E7F9F60008B9
:10CCD00099999919FFF732BF2DE9F04F936883B006
:10CCE0009146002B6DD017688D6880460C46086809
:10CCF000083743E0A38913F4906F2ED0D4E90415CC
:10CD0000A0EB010A05EB450505EBD5750AEB06001E
:10CD10006D100130A8422A4684BF05462A465B05AD
:10CD200036D511464046FDF76FFA00283AD05246F4
:10CD300021690190F4F7A4F9A289019B22F4906281
:10CD400042F08002A281A5EB0A0203EB0A006561B2
:10CD5000A260236120603546B2465946524600F033
:10CD600089FFD9F80830A16820684D1B50449E1BEC
:10CD7000A5602060C9F808601EB3083757E902B6FD
:10CD8000002EFAD0B542AA46B4D93546B246E4E7F9
:10CD90004046FEF769FA03460028D4D1216940468F
:10CDA000FDF7E6F80C23C8F80030A389002243F011
:10CDB00040034FF0FF30A381C9E9012203B0BDE871
:10CDC000F08F0020C9F8040003B0BDE8F08F00BF69
:10CDD00038B54B1C1AD093891446126B23F02003EC
:10CDE000A381CDB2AAB16268636B9A4209DA236863
:10CDF0005A1E226003F8015C6368013363602846B1
:10CE000038BD214600F09CF80028F0D04FF0FF35E7
:10CE1000F5E7236922682BB1934203D212F8013C53
:10CE2000AB420FD06168E1632346A26304F1400185
:10CE300003226263216303F8425F0122C4E90032E6
:10CE4000284638BD6368013A0133C4E90023D6E7B8
:10CE500010B50C46096B69B104F14003994201D049
:10CE6000FDF786F8E36B63600020206313B1A36BCA
:10CE7000236010BDA3892169002243F02003C4E987
:10CE80000012A3814FF0FF3010BD00BF2DE9F04F1D
:10CE900085B0CDE9023202FB03F30E9C0193A3B3EC
:10CEA000D4F804A0019B53458B4646D9A046019D6A
:10CEB00058F8401B0746002652465846F4F7E0F85B
:10CEC0002368226B5344A946C4E90036114638460C
:10CED000D344A5EB0A05E2B1424501D0FDF748F87D
:10CEE000E36B26636360A3B1A16B2160AB429A46FA
:10CEF000E2D3029B01932A465846F4F7C1F8D4E9DD
:10CF00000032521B2B44C4E90032019805B0BDE841
:10CF1000F08F019B22695344A3EB090A039BBAFBE0
:10CF2000F3F30193A389019843F02003A381002325
:10CF3000C4E9002305B0BDE8F08F21681D46D8E79D
:10CF400001F140032DE9F0410C46096B994214D0E0
:10CF5000666B77003A46FEF787F9054640B300EB6B
:10CF60000608014632464046F4F78AF8C4E90C57F1
:10CF7000C4F800800020BDE8F0814FF48061FDF727
:10CF800043F9A8B194F842304FF48062C4E90C022E
:10CF900080F8FF3394F8413080F8FE3394F8402055
:10CFA00080F8FD2300F2FD3323600020BDE8F0810E
:10CFB0004FF0FF30DFE700BF49B1FF2A02D80A7007
:10CFC000012070478A2303604FF0FF307047084606
:10CFD000704700BF2DE9F047DFF87CA00646DAF87D
:10CFE000000098460F469146FDF7E4F81B4B1B687E
:10CFF000D3F8484124B365681F2D26DC5EB96B1C4D
:10D000000235DAF80000636044F82570FDF7D4F8C3
:10D010000020BDE8F08704EB85010123C1F888906A
:10D02000D4F88821AB401A43022EC4F88821C1F8F5
:10D030000881E4D1D4F88C211343C4F88C31DEE7A5
:10D0400003F5A674C3F84841D5E7DAF80000FDF708
:10D05000B3F84FF0FF30DCE73804002064F6000836
:10D0600000B50B4C25681446EE681A4685B0034699
:10D070000D464CB107490095CDE9011430460649EB
:10D0800000F0A0F901F06EFE04490C46F3E700BF82
:10D090000C00002090FA0008A0FA000828F600080A
:10D0A00038B5A1FB02148CBBFDF7AEF80546E0B124
:10D0B00050F8042C22F00302043A242A17D8132A29
:10D0C0001AD91B2AC0E900441DD9242A14BF00F133
:10D0D000100200F118024FF00003C0E9024404BF3F
:10D0E00004614461C2E900339360284638BD21469B
:10D0F000F8F7FEFC284638BD02460023C2E900339B
:10D100009360284638BD00F10802F6E7F8F7C6FC40
:10D110000C2300250360E8E7B1F90C20F8B50C46B4
:10D120001107074642D4636842F40062002BA281D3
:10D1300059DDA56A002D54D000233E683B6093B2B0
:10D1400012F4805253D1E16901233846A847421CAA
:10D1500063D0A389A56A5B0705D56368C01A236BF2
:10D160000BB1E36BC01AE169024600233846A847B9
:10D17000411C3ED13B68002B3BD01D2B01D0162B10
:10D1800052D1A3892269226023F4006300216160E7
:10D19000A381216B3E6021B304F14003994202D088
:10D1A0003846FCF7E5FE00202063F8BD2669C6B1CD
:10D1B00093B2256826609A070CBF63690023AD1BF4
:10D1C000A3600CE0D4F824C0E1692B46324638460F
:10D1D000E047B0F1000CA5EB0C05664416DD002D10
:10D1E000F0DC0020F8BDE36B002BA2DCF9E7206D3A
:10D1F000B1E7B4F90C302269226023F40063A38103
:10D200000022DB046260C4D52065C2E7A38943F035
:10D2100040034FF0FF30A381F8BD3B68002B98D04E
:10D220001D2B06D0162B04D0A38943F04003A38105
:10D23000F8BD3E60D5E700BF38B50C46054608B1DD
:10D24000836BA3B1B4F90C00B8B1636EDB0701D4F2
:10D25000810515D528462146FFF75EFF636EDA0784
:10D26000054602D4A3899B050ED5284638BD00F09B
:10D2700017F8B4F90C000028E7D10546284638BD58
:10D28000A06DFCF797FFE5E7A06DFCF795FF28463A
:10D2900038BD00BF014900F0A9B800BF75ED000816
:10D2A0002DE9F04782463948FCF784FFDAF8384028
:10D2B000002C66D1DAF80450354ACAF83C20032322
:10D2C000CAE9B843DFF8CC90DFF8CC80334F344E56
:10D2D00004230AF53B72CAF8E8222146C5E9024355
:10D2E000C5E90044C5E904446C660822AC6105F157
:10D2F0005C00F8F7FDFBC5E90759C5E90987EE624F
:10D3000005F15800FCF752FFDAF80850254BEB60A6
:10D310002146C5E90044C5E904446C66AC60AC61D3
:10D32000082205F15C00F8F7E3FBC5E90759C5E9F8
:10D330000987EE6205F15800FCF738FFDAF80C5067
:10D34000194BEB602146C5E90044C5E904446C660D
:10D35000AC60AC61082205F15C00F8F7C9FB05F18F
:10D360005800C5E90759C5E90A76C5F82480FCF7D5
:10D370001DFF0123CAF838300448BDE8F047FCF728
:10D380001BBFBDE8F0470148FCF716BF940D002015
:10D3900095D20008715C0008995C0008D95C00080F
:10D3A000F95C000809000100120002000148FCF7C6
:10D3B00001BF00BF900D00200148FCF7FDBE00BF7B
:10D3C000900D00200EB410B583B005AB064C53F899
:10D3D000042B01930146206800F04AFD03B0BDE82C
:10D3E000104003B0704700BF0C0000202DE9F84347
:10D3F0000746884600F538764FF00009D6E9015413
:10D40000013D11D4A389012B05F1FF3508D9B4F9E9
:10D410000E300133214603D03846C04749EA00099F
:10D420006B1C04F16804EDD13668002EE6D1484645
:10D43000BDE8F8832DE9F0410469B4EB611F2FDDED
:10D4400000F1140E4E1111F01F0C0EEB84050EEBC3
:10D4500086032BD05EF8262004339D4222FA0CF17D
:10D46000CCF1200818D977461A6802FA08F20A4364
:10D4700047F8042B53F8041B9D4221FA0CF1F3D812
:10D48000A41BA300053B9B0801330EEB83044EF85D
:10D490002310C9B1043417E0416174460029F9D161
:10D4A0000023036100234361BDE8F0819D4288BFF2
:10D4B00000F11002F4D953F8041B42F8041F9D42F6
:10D4C000F9D8A41B0EEB8404A4EB0E039B10744547
:10D4D0000361E7D0BDE8F0812DE9F04FA84C8BB097
:10D4E0002468059020468946029207930394F3F737
:10D4F00007FD21460144D9F8003011F801BC9978A4
:10D500003029024640F0DA816FF00100C01A03337F
:10D5100000EB030A1C4613F8011B3029F8D0DFF892
:10D52000648218F80130002B00F0F0802378002787
:10D5300018F803303D4626462BB116F8013F18F87F
:10D540000330002BF9D103990192304600F014FC0E
:10D55000019A0090002800F09180002D40F0918009
:10D560003378009503F0DF03502B354600F09380AD
:10D57000C9F80060002F40F0AB802B1B013B072B4C
:10D58000394604DD5B10072B01F10101FADC059837
:10D590000492FDF72DF9049A0190002800F06782AB
:10D5A000019BAC4203F11406069680F0DC81002753
:10D5B000C2F10103B946049310E0202F00F09180DE
:10D5C0003946043715F8013C18F80330554603F086
:10D5D0000F038B40A54249EA030916D915F8013C0F
:10D5E0005B4505F1FF3AE8D1049B5344A342E4D3E1
:10D5F000184603990992089300F0BEFBDDE9083252
:10D600000028DAD11D46A542E8D846F8049B069BBF
:10D61000F61A019BB6101E614846FDF7C3F9029B3E
:10D6200076011C68301AA04200F3AE80C0F2268159
:10D630000027029B009A9B689342C0F2898102995D
:10D64000009A4B6893427EDD9D1AAC4200F3BC8089
:10D65000CA68022A00F0BC81032A00F0B481012AC2
:10D6600000F0988105980199FDF7E8F85025149A83
:10D670000023284613600BB0BDE8F08F002D00F0AA
:10D680000B81AD1BAB000093337803F0DF03502B0D
:10D6900035467FF46DAF6B782B2B00F0ED802D2B92
:10D6A0006AD06E1C002018F803104B1E182B61D88E
:10D6B000737818F803301039013623BB00B14942A2
:10D6C000009BC9F800600B440093002F3FF455AF56
:10D6D000BAF1000F14BF0025062528460BB0BDE89F
:10D6E000F08F002146F8049B042789466AE701EB86
:10D6F000810103EB4103A3F1100116F8013F18F873
:10D700000330002BDAD0192BF1DDD7E70399009213
:10D71000204600F031FB009A002873D1A15C18F874
:10D720000130A518002B6FD030292C4605D114F8F4
:10D73000013F302BFBD018F80330B3FA83F77F0991
:10D740004FF0010AF7E6012557B1029BDB68022B77
:10D7500062D0032B64D0012B00F0858045F01005CA
:10D76000149B019A1A60079B009A1A6028460BB016
:10D77000BDE8F08F2E46FBE60120AB78AE1C92E7A9
:10D7800058FC000858FB0008019D061B314628463E
:10D79000FDF718FD074678B1721E5311069901274F
:10D7A00051F8231002F01F0307FA03F30B4203D0D2
:10D7B000BA4200F3E2800227009B019833443146CD
:10D7C0000093FFF737FE34E76E1E002F40F0C9804C
:10D7D000002E40F0CC807311069A019852F8232055
:10D7E00006F01F06012303FA06F61642294618BF63
:10D7F00047F00207FFF71EFE029B5B680093641B65
:10D800000225A1E72178254601F0DF01502900F02B
:10D81000BD80C9F800505BE7159BC3F10103159368
:10D82000159B002B9AD0019BDDF818901E690021F2
:10D830004B464FEA860809EB860003E0984243F81E
:10D84000041C3FD91F4653F8042BB2F1FF3FF5D01B
:10D850000132022D3A6000F0C08014F01F0440F045
:10D86000E08021257CE7BA077FF578AF069B1B682F
:10D870001F43FB07D7D471E700207EE7DDE90031C5
:10D88000221A9B1A05980093FDF716FA03461433E3
:10D89000019006930027CCE6B35C18F80310B0188B
:10D8A000064600293FF45EAE16F8013F18F8031053
:10D8B0000029F9D1801B8100009153E69C1C4FF098
:10D8C000000A2CE6019B9B689E4280F28D803346C5
:10D8D000019901EB830201330B61022D4FF001012D
:10D8E00051617AD09E42B8DA002B40F3A780019AAA
:10D8F00009EB8303516902F1180083424FEA510199
:10D9000040F2AF804C46026841EAC27144F8041B01
:10D9100050F8041B83424FEA5101F4D8019A9B1A34
:10D92000193B9B08013349F8231009EB83030029B5
:10D9300040F09B800199A3EB090292104B450A61CC
:10D940007FD0029B009A9B6801329342009288DA52
:10D9500001990598FCF772FF149A00231360A32520
:10D96000BBE6012737E7069E4FF000094DE6019818
:10D970003146FDF727FC07462DE7B11E2846FDF787
:10D9800021FC00283FF417AF032715E7002300937D
:10D99000012780E6AC427FF465AE012C08D00198E7
:10D9A000611EFDF70FFC00283FF45CAE029B5B6834
:10D9B00007990B60019B069901221A610A60149A6B
:10D9C0006225136089E6159A002A3FF44BAEEFE713
:10D9D000159A002A7FF446AEEAE7029B1B68013BDA
:10D9E000A34232D02225BBE6019B0598596801313C
:10D9F000FCF7FEFE074600283FD0DDF80490D9F87A
:10DA00001030494602339A000C310C30F3F738FBE2
:10DA100049460598FCF712FF07F114093B69019785
:10DA200056E7C844C4F1200458F8040CFCF7BAFFC8
:10DA3000A042BFF616AF019B1B6955E7019A002370
:10DA40001361019A002353617BE7631104F01F0403
:10DA500059F823200123A34013420CBF222521257E
:10DA60007EE6C9F800104B4669B1043362E7074B04
:10DA70000748019ADE21FFF7F3FA044B04483A46BF
:10DA80008421FFF7EDFA019B1961DAE70CF8000831
:10DA9000D0FA000810B4046809E014F8013FA3F1BB
:10DAA000410CBCF1190F98BF2033934208D111F8F3
:10DAB000012B002AF1D101340460012010BC704711
:10DAC000002010BC704700BF2DE9F04F096885B0F9
:10DAD0004B1111F01F01029002EB8303039140F000
:10DAE0008E801D1F0193029B01991C68002341F841
:10DAF000043C61780134002900F09780DFF87091D0
:10DB0000A846AC469A461E460EE0202900F28B80BD
:10DB1000B24506DAC44501D2072B5BDD624551D31D
:10DB2000082314F8011FA1B119F801000028ECD056
:10DB30000133082B06F101063ADCDCF8001009017C
:10DB400000F00F000843CCF8000014F8011F002972
:10DB5000EAD1002E69D0E04501D9072B73DD62457B
:10DB600051D2111F634653F8040B41F8040F9D4234
:10DB7000F9D2A5EB0C0323F00303691C04330CF169
:10DB8000010C614538BF04231344002143F8041BF2
:10DB90009D42FBD2019B53F8043C2BB9AA4248D0CA
:10DBA00055F8043D002BF9D0052005B0BDE8F08FF5
:10DBB0006245B6D200234CF8043C1946ACF1040C83
:10DBC0000123BDE70023ACF104084CF8043CB24645
:10DBD000C446A6E7C3F108018900DCF80030C1F1B2
:10DBE000200E60468B46416801FA0EF73B43036006
:10DBF00021FA0BF340F8043F4045F4D38EE7191D9A
:10DC000001911D466FE7039B002BC3D0039B019836
:10DC1000C3F120014FF0FF33CB4050F8041C0B4000
:10DC200040F8043CB9E7292909D0042005B0BDE833
:10DC3000F08F012305202B6005B0BDE8F08F02991D
:10DC400001340C6085E7C3F108039B00DCF8001089
:10DC5000C3F120076446666806FA07F001432160B5
:10DC600026FA03F144F8041FA045F4D877E700BF73
:10DC700058FB000888420DD98B1883420AD900EB63
:10DC8000020CBAB1624613F801CD02F801CD9942F7
:10DC9000F9D170470F2A0ED8034602F1FF3C4AB172
:10DCA0000CF1010C013B8C4411F8012B03F8012FFE
:10DCB0006145F9D1704740EA01039B0750D1A2F1B9
:10DCC000100370B501F1200C23F00F0501F1100EC7
:10DCD00000F11004AC441B095EF8105C44F8105CC1
:10DCE0005EF80C5C44F80C5C5EF8085C44F8085C78
:10DCF0005EF8045C44F8045C0EF1100EE64504F195
:10DD00001004E9D1013312F00C0F01EB031102F002
:10DD10000F0400EB031327D0043C24F003064FEA62
:10DD2000940C1E441C1F8E465EF8045B44F8045F8E
:10DD3000B442F9D10CF1010402F0030203EB8403B5
:10DD400001EB840102F1FF3C4AB10CF1010C013BF3
:10DD50008C4411F8012B03F8012F6145F9D170BDF6
:10DD600002F1FF3C03469BE72246EBE70149002016
:10DD7000704700BF0000F87FA2B330B540EA01044D
:10DD8000A40784460B462AD09CF800000C788442F5
:10DD90002FD1012A0DD0E64660B11EF8010F11F80F
:10DDA000014F6FEA0E03A042134422D11CEB030380
:10DDB000F2D1002030BD0468194653F8045BA4F189
:10DDC000013EAC4284462EEA040E00F104000BD161
:10DDD000043A84461946ECD01EF0803FE9D1032A6C
:10DDE000E9D8D1E7104670479CF800000C78A042B3
:10DDF000D1D0001B30BD00BF2DE9F84F4B6E9C0405
:10DE000090462DD59368126843B38B46064602F1BF
:10DE1000080959E9025A5FEA9A0715D0043D00241F
:10DE200001E0A7420ED055F8041F5A46304601F0D3
:10DE30005BF8431C04F10104F3D10023C8E901336A
:10DE4000BDE8F88FD8F808302AF0030AA3EB0A03DC
:10DE5000C8F8083009F10809002BDAD10020ECE7F6
:10DE600001F076F80023C8E90133BDE8F88F00BF60
:10DE70002DE9F04FBDB0CDE904301C4601911746A5
:10DE800018B1836B002B00F08682019A536EDE0777
:10DE900040F18F81B2F90C108AB2900408D441F499
:10DEA000005201994B6E8A8123F4005392B24B6663
:10DEB000110740F1F780019B1B69002B00F0F280F5
:10DEC00002F01A030A2B00F0FB8013AB109300231F
:10DED000CDE91133CDE90A3308930DF14C090993CB
:10DEE00003933B78002B00F051813C4604E014F88A
:10DEF000013F002B00F02C81252BF8D1E51B40F0D1
:10DF000029812378002B00F041814FF00003002588
:10DF10008DF83B30671C637802954FF0FF3B2B2454
:10DF20000137A3F120025A2A00F25281DFE812F0F1
:10DF300098025001500194025001500150016A00B2
:10DF40005001500136026B0250014102A6025001FD
:10DF5000A2025B005B005B005B005B005B005B00A0
:10DF60005B005B0050015001500150015001500115
:10DF70005001500150012302840050015001500112
:10DF80005001500150015001500150015001DD007D
:10DF90005001500150010702500159025001500137
:10DFA0001E05500150015001500150015001500117
:10DFB00050015001500123028600500150015001D0
:10DFC0004F02860080005001450250018102DF00AF
:10DFD0006F028000500107027E003E055001500193
:10DFE000400550017E00A3F13002002117F8013BEB
:10DFF00001EB810102EB4101A3F13002092AF5D9BD
:10E0000002918EE7DDF814804046FCF7CBF84368B8
:10E010000A931846F2F774FF0B9006464046FCF749
:10E02000C1F883680993002E40F07B843B7877E742
:10E030003B7845F0200573E745F01005AC06049EDB
:10E0400040F16F81073626F007063246736852F8B2
:10E05000086B04929846002BC0F22D84BBF1FF3F61
:10E0600000F0108556EA080325F0800A00F00884C5
:10E070000A2E78F1000380F0BD84303601238DF83C
:10E08000EF60554600930DF1EF04DDF800809DF838
:10E090003B30D845B8BFD846002B00F0A88008F127
:10E0A0000108A4E0019D0598294600F0F1FD002833
:10E0B00040F08885AA8902F01A030A2B7FF405AF85
:10E0C0000199B1F90E30002BFFF6FFAE4B6EDE0763
:10E0D00002D4950540F156850199059823463A46A4
:10E0E0003DB0BDE8F04F00F093BD45F0100515F0D0
:10E0F000200800F00781049E073626F00706334605
:10E10000D6F8048053F8086B049325F4806A002342
:10E110004FF000028DF83B20BBF1FF3F00F0C881BB
:10E1200056EA08022AF0800540F0C181BBF1000FD9
:10E1300040F0AB84002B40F0A8831AF00103009359
:10E1400000F0D68330238DF8EF300DF1EF049CE71B
:10E15000E51B1BD0119B129A01332A44072BC9E9F6
:10E1600000751292119305DC09F10809039B2B44F9
:10E170000393C6E6002A00F07F830199059810AA50
:10E18000FFF73AFE40B90DF14C09EFE7129B002B67
:10E1900040F0098500231193019A536ED90740F18D
:10E1A000A68093895B0600F1198503983DB0BDE810
:10E1B000F08F019BB3F90C108D058AB23FF56DAE5F
:10E1C0001D46986DFBF7F6FFB5F90C108AB264E6B0
:10E1D000002BDBD08DF88C304FF001084FF000039E
:10E1E0008DF83B30CDF8008023AC4FF0000B15F0DC
:10E1F0000203069318BF08F1020815F08403079381
:10E2000005D1029BA3EB0806002E00F36C82DDE92A
:10E210001121501C9DF83B608EB10DF13B02013184
:10E22000C9F8002007284FF00102CDE91101C9F813
:10E23000042000F33B82024609F108090130069BE5
:10E24000DBB10FAB0231C9F8003007284FF00203F1
:10E25000CDE91101C9F8043040F34082002900F0F3
:10E2600006830199059810AAFFF7C6FD002893D1EF
:10E27000DDE911210DF14C09501C079B802B00F0AA
:10E280005881009BABEB0306002E00F3B681009B88
:10E29000C9F8004019440728CDE91101C9F8043034
:10E2A00040F34481002900F072820199059810AA78
:10E2B000FFF7A2FD00287FF46FAF12990DF14C0912
:10E2C000680705D5029BA3EB0804002C00F36982C4
:10E2D000DDE902234245ACBF9B1843440393002968
:10E2E00040F0D581002311930DF14C09F9E5019B14
:10E2F0009B899A053FF556AF019CA06DFBF75CFF2B
:10E30000A3894FE715F0100340F0238315F0400276
:10E3100000F0EB83049A52F8046B04929846B6B26C
:10E32000F3E656F8043B0496E80600F1ED82690630
:10E3300040F1E78243F3C0381EB243468BE6049EA9
:10E3400056F8044B4FF000038DF83B30002C00F0E2
:10E35000B183BBF1FF3F00F02E835A4600212046D7
:10E36000F2F73EFE002800F01284031B009304968F
:10E370004FF0000B89E6049E4FF000038DF83B3010
:10E380004FF0010856F8043B8DF88C300496CDF818
:10E39000008023AC29E7FEF783FF76E5049B53F862
:10E3A000042B0292002A80F29F82029A0493524226
:10E3B00002923B7845F00405B2E53B786C2B03BF35
:10E3C0007B7845F02005013745F01005A8E53B783E
:10E3D000682B03BF7B7845F40075013745F0400595
:10E3E0009EE545F0100A1AF0200800F05582049EC0
:10E3F000073626F007063346D6F8048053F8086B34
:10E400000493012384E63B788DF83B4088E5049B28
:10E4100053F8046B049330238DF83C3078238DF847
:10E420003D30B94B089345F0020A4FF00008022333
:10E430006EE6AE0600F18382EC0600F133836806D7
:10E4400000F19283A90540F12D83049E039A56F8AA
:10E45000043B04961A7044E53B7845F001055FE5FE
:10E460009DF83B30002B7FF4E1AD20238DF83B304D
:10E470003B7855E53B7845F0800551E5394611F884
:10E48000013B2A2B00F0B383A3F13002092A0F4687
:10E490004FF0000B3FF645AD17F8013B0BEB8B0B34
:10E4A00002EB4B0BA3F13002092AF5D939E5AA4654
:10E4B000012B3FF4DDAD022B3CAC12D1089A06F0E3
:10E4C0000F033609D35C04F8013D46EA08764FEAAB
:10E4D000181856EA0803F2D13CAB1B1B55460093B3
:10E4E000D3E506F00703F60846EA48764FEAD8086F
:10E4F000303356EA0801224604F8013DF1D11AF002
:10E50000010FE9D0302BE7D03023023A04F8013C68
:10E510003CAB9B1A554600931446B6E500991394FC
:10E5200001231491129111930DF14C0909F108097D
:10E53000C6E6029BA3EB0806002E7FF7A2AE102EC4
:10E5400040F35183DFF8C4A15346CDE906B4BA467F
:10E55000DDF814B0019C2F461D4607E002F1020CC5
:10E5600009F108090246103E102E1EDD501C103124
:10E5700010230728CDE91101C9F80050C9F804306B
:10E58000ECDD10AA002900F08B80214658460DF1E1
:10E590004C09FFF731FC00287FF4FEADDDE91121C5
:10E5A000103E102E02F1010CE0DCDDE906B42B4632
:10E5B0003D4657469A463144BCF1070FCDE911C19B
:10E5C000C9F800A0C9F8046040F39581002900F063
:10E5D000BB820199059810AAFFF70EFC00287FF472
:10E5E000DBAD009BDDE91121ABEB0306002E02F150
:10E5F00001000DF14C097FF74AAE102EDFF80CA197
:10E6000031DD5346CDE90645BA46059C019D4FF0E4
:10E61000100B1F4607E002F1020C09F1080902463F
:10E62000103E102E19DD501C10310728C9E9007B5F
:10E63000CDE91101EFDD10AA19B3294620460DF1ED
:10E640004C09FFF7D9FB00287FF4A6ADDDE91121C5
:10E65000103E102E02F1010CE5DCDDE906453B46DB
:10E66000604657469A4631440728CDE91101C9F85A
:10E6700000A0C9F8046000F3E68009F10809013040
:10E6800005E64FF0010C0A460DF14C09C8E7019967
:10E69000059810AAFFF7B0FB00283FF423AE7BE5F6
:10E6A0004FF0010C0A460DF14C095CE7002900F01F
:10E6B000DB800199059810AAFFF79EFB00287FF4E4
:10E6C0006BADDDE911210DF14C09501CB7E50221BC
:10E6D0000FAB1491139301200DF14C09024609F17F
:10E6E0000809501CC9E5102E40F35782DDE911C11D
:10E6F000DFF81CA0CDE90CB410235446DDF804B0BB
:10E70000DDF814A062460DE078F6000874FC0008FD
:10E7100064FC000802F1020C09F108090246103EEF
:10E72000102E1BDD501C10310728C9E90043CDE92C
:10E730001101EFDD10AA21B3594650460DF14C09E5
:10E74000FFF75AFB00287FF427ADDDE91121103EC9
:10E75000102E02F1010C4FF01003E3DCA246DDF8AD
:10E7600030B00D9C62463144072ACDE91121C9F829
:10E7700000A0C9F8046000F3A78009F10809501C43
:10E7800048E50A464FF0010C0DF14C09C7E76C074C
:10E79000119150D5029BA3EB0804002C4BDD0DF129
:10E7A0004C09102C40F30982DFF8ECA2119A059E67
:10E7B000DDF804B053461025BA461F4606E0901C0B
:10E7C00009F108091A46103C102C19DD531C1031B0
:10E7D000072BC9E90075CDE91131F0DD10AA29B385
:10E7E00059463046FFF708FB00287FF4D5ACDDE939
:10E7F0001121103C102C02F101000DF14C09E5DC57
:10E800003B4657469A4621440728C9E900A4CDE96A
:10E8100011017FF75DAD71B10199059810AAFFF75D
:10E82000EBFA00287FF4B8AC129951E501200A46B2
:10E830000DF14C09C7E7DDE902234245ACBF9B1847
:10E84000434403934EE500293FF468AE01990598CF
:10E8500010AAFFF7D1FA00287FF49EAC1198129904
:10E8600001300DF14C0912E5069B002B77D10120F8
:10E870000A460DF14C0900E511920DF14C0975E4C1
:10E88000BBF1000F7FF4F9AB55464FF0000BCDF80C
:10E8900000B03CACFFF7F9BB1AF010033AD11AF004
:10E8A000400200F01381049A52F8046B04929846D7
:10E8B000B6B201232CE42D2376428DF83B3068EB71
:10E8C0004808AA46012327E400297DD0019905982C
:10E8D00010AAFFF791FA00287FF45EACDDE9112160
:10E8E0000DF14C09501C95E404933B78FFF718BBDD
:10E8F0003CACFFF7CABB09F108090CF10100624604
:10E90000BFE4AA0500F138814FEAE3781E4643468A
:10E91000FFF7A1BB049B53F8046B04930123FFF79B
:10E92000F7BB099B002B3FF481AB099B1B78002BA5
:10E930003FF47CAB3B7845F48065FFF7F1BADDE945
:10E94000031656F8042B0496CB17C2E90013FFF701
:10E95000C8BA049B53F8046B0493FFF7D6BB02219B
:10E960000FAB149113930DF14C09B8E64B4A089282
:10E9700015F0200836D0049E073626F007063246EA
:10E98000D6F8048052F8086B0492EA0709D556EAD3
:10E99000080206D08DF83D30302345F002058DF891
:10E9A0003C3025F4806A0223FFF7B2BBAA461AE581
:10E9B0003B4A0892DCE720460496F2F7A1FA4FF0B2
:10E9C000000B0090FFF761BB9DF83B20002A00F090
:10E9D000C18001200DF13B02149013920DF14C09FE
:10E9E000014628E415F0100242D0049A52F8046B54
:10E9F0000492CAE70AF48063CDF800B0CDF818900D
:10EA0000BB46DDF8249000253CAC1F4609E03046AB
:10EA10004146F2F7EBF80A2E78F100031BD30646C5
:10EA20008846304641460A220023F2F7DFF81146B5
:10EA3000303104F8011C0A220023013C0135002F6B
:10EA4000E5D099F80010A942E1D1FF2DDFD00A2EC0
:10EA500078F1000364D23CAB1B1BCDF824905F46D9
:10EA6000DDF81890DDF800B000935546FFF70DBBB8
:10EA700015F0400147D0049951F8046B0491904679
:10EA8000B6B282E7AA46FFF7F3BA012BAA467FF493
:10EA900012ADFFF7F2BA00BF64FC00088CF6000864
:10EAA00078F60008049E039A56F8043B1A60049610
:10EAB000FFF717BABBF1060FD84628BF4FF006087C
:10EAC000504CCDF800800496FFF78FBB049B1AF4DE
:10EAD000007814BF53F8046B53F8046B04931CBF05
:10EAE0009046F6B20123FFF713BB049B15F40078A0
:10EAF00014BF53F8046B53F8046B04931CBF904687
:10EB0000F6B2FFF702BB049A15F4007814BF52F86E
:10EB1000046B52F8046B04921CBF8846F6B234E7CB
:10EB20000B9B0A99E41A1A462046FCF73DFE99F819
:10EB300001300BB109F10109304641460A22002398
:10EB40000025F2F753F86AE701200A460DF14C0957
:10EB5000FFF797BB069B002B7FF4B9AD0A46012057
:10EB60000DF14C09FFF78DBB049E039A56F8043B48
:10EB700004961A80FFF7B5B943F3C0185EB2434656
:10EB8000FFF769BA886DFBF717FBFFF7A5BACDF859
:10EB900000B004968346FFF778BA119A1299DFF80D
:10EBA00068A00132DFE50199059810AAFFF724F962
:10EBB00000283FF4EFAAFFF7EFBA1198DFF848A05A
:10EBC000013020E6019B5B6EDB0707D4019B9B892C
:10EBD0009F0503D4019B986DFBF7EEFA4FF0FF33CE
:10EBE0000393FFF7E2BADFF824A08446E3E4049A33
:10EBF0007B780F4652F8041B049241EAE17BFFF751
:10EC00008FB900BFA0F6000864FC000874FC00087F
:10EC1000F0B51F468B89ADF26C4D23F00203ADF8C1
:10EC20000C304B6E1993CB89ADF80E30CB6907933E
:10EC30004B6A09931AAB009304934FF48063154613
:10EC400006460293059316A800230C460693FBF78D
:10EC5000ADFA2A463B4669463046FFF709F9051EDC
:10EC600007DB69463046FEF7E7FA002818BF4FF089
:10EC7000FF35BDF80C305B0603D5A38943F0400394
:10EC8000A3811698FBF794FA28460DF26C4DF0BD5F
:10EC900038B5334B1B6805460C460BB19A6B12B363
:10ECA000B4F90C3018079AB225D5216900292DD066
:10ECB00012F0010007D00020A06060694042A0610E
:10ECC00039B1002038BD950758BF6069A0600029A0
:10ECD000F7D1120658BF0846F4D543F04003A3818C
:10ECE0004FF0FF3038BD1846FEF7DAFAB4F90C30B1
:10ECF00018079AB2D9D4D1062AD5520714D421695B
:10ED000043F00803A3819AB20029D1D102F4207004
:10ED1000B0F5007FCCD02146284600F08DFAB4F93A
:10ED20000C3021699AB2C3E7216B51B104F1400262
:10ED3000914204D02846FBF71BF9B4F90C300022AD
:10ED4000226321690022C4E9001223F02403D7E7DB
:10ED5000092243F040032A604FF0FF30A38138BD01
:10ED60000C00002008B5062000F0D6FA0120F3F7C9
:10ED700047FB00BF70B500294BD006460C4610B1CA
:10ED8000836B002B48D0636ED80734D5B4F90C30B0
:10ED9000002B3ED021463046FEF7BEF9E36A054619
:10EDA00033B1E169304698470028B8BF4FF0FF35CE
:10EDB000A3891A063BD4216B41B104F14003994267
:10EDC00002D03046FBF7D4F800232363616C21B1F5
:10EDD0003046FBF7CDF800236364FEF7E7FA636E75
:10EDE0000022DB07A28127D5A06DFBF7E1F9FEF732
:10EDF000E3FA284670BDA3899905CBD4A06DFBF733
:10EE0000D9F9B4F90C30002BC4D1656E15F00105A9
:10EE100008D00025284670BDFEF742FA636ED80779
:10EE2000B4D4E8E7A06DFBF7C7F9284670BD2169A7
:10EE30003046FBF79DF8BEE7A06DFBF7BDF9D3E7C1
:10EE40002DE9F04383B0074688461446FBF7A4F942
:10EE5000012803D108F1FF33FE2B37D9424604F1D4
:10EE60005C0301A9384600F0F5FA421C064633D08F
:10EE700038B39DF804C00DF10509002509E02368A9
:10EE80005A1C226083F800C00135B54219D219F826
:10EE900001CBA368013B002BA360F0DAD4F818E0A3
:10EEA000734561462246384602DBBCF10A0FE6D1C3
:10EEB00000F078FA431CE7D10646304603B0BDE8BF
:10EEC000F0834646304603B0BDE8F0835FFA88FC25
:10EED0008DF804C00646CEE7A389304643F04003D0
:10EEE000A38103B0BDE8F08330B5536E13F0010F7A
:10EEF000B2F90C30144683B005469AB201D1980598
:10EF00001CD5900406D4626E43F4005342F40052C0
:10EF1000A381626622462846FFF792FF636EDA07F6
:10EF2000054602D4A3899B0502D5284603B030BD0F
:10EF3000A06DFBF741F9284603B030BDA06D0191EB
:10EF4000FBF738F9B4F90C3001999AB2D9E700BF50
:10EF50009368002B00F081802DE9F04FB1F90C305F
:10EF60000C461907804683B0174698B223D523690B
:10EF70000BB310F002033D682BD04FF0000ADFF80E
:10EF8000B4B256465E453346524628BF5B464046BD
:10EF9000002E4FD0E169D4F824C0E047002852DDAC
:10EFA000BB681B1A8244361ABB60002BEAD10020D2
:10EFB00003B0BDE8F08F21464046FFF769FE002808
:10EFC00040F03481B4F90C303D6898B210F002037F
:10EFD000D3D110F0010942D14E463EB38205D4F898
:10EFE00008B040F18180B3455A4600F2B18010F478
:10EFF000906F40F0BE80206801924946FEF73AFECD
:10F00000A3682168019AA3EB0B030A44B246A360EC
:10F0100022600026B868A0EB0A00D144B86000283E
:10F02000C5D0B4F90C0080B2002ED7D1D5E9009636
:10F030000835D2E7D5E900A60835A3E721464046C2
:10F04000FEF7FAF880B3B4F90C3043F040034FF008
:10F05000FF30A38103B0BDE8F08F002070471E464B
:10F06000AA46994618461D4656B388B34A46D4E97F
:10F0700004132068B24228BF3246884205D9A168ED
:10F0800003EB010B5A4500F3A780934264DCE1696E
:10F09000D4F824C02A464046E047B0F1000BD2DD48
:10F0A000B9EB0B09CAD00120BB68A3EB0B035D448D
:10F0B000A6EB0B06BB60002B3FF479AF002ED4D13A
:10F0C0000AF1080353E902569A460833002EF9D094
:10F0D00032460A212846F1F783FF002800F09D8080
:10F0E0000130A0EB0509C1E720682369984217D8D1
:10F0F0006369B34214D86FF00042B24228BF32466F
:10F10000E16992FBF3F2D4F824C002FB03F340461A
:10F110004A46E047B0F1000A95DDA6EB0A0679E71A
:10F12000B345DA4628BFB24652464946FEF7A2FD2D
:10F13000A3682268A3EB0A035244A3602260002B59
:10F14000EBD121464046FEF777F80028E5D07AE774
:10F150002068B34632464FE729460192FEF78AFD02
:10F16000019AA3689B1AA360236813442360934603
:10F1700096E723682169A3EB010B636903EB430A5C
:10F180000AEBDA7A0BF101034FEA6A0A334453457A
:10F19000524684BF9A46524643052CD511464046F6
:10F1A000FBF732F800283BD05A4621690190F1F76D
:10F1B00067FFA289019B22F4906242F08002A28143
:10F1C00003EB0B002361AAEB0B03C4F814A0A360AC
:10F1D0002060B34632460FE729465A46FEF74AFDFD
:10F1E00023685B44236021464046FEF725F800284B
:10F1F0003FF456AF27E74046FCF736F803460028B1
:10F20000DED121694046FAF7B3FEB4F90C300C2286
:10F2100023F08003C8F8002017E7721C914626E708
:10F220000C22B4F90C30C8F800200EE74FF0FF3084
:10F23000BEE600BF00FCFF7F2DE9F0418B890C4644
:10F24000990796B008D504F143030122C4E90432BA
:10F25000236016B0BDE8F081B4F90E10002906460F
:10F2600027DB6A4600F014F9002821DB019D05F434
:10F270007045A5F50055B5FA85F54FF480686D0920
:10F280004FF4006741463046FAF7BEFFB4F90C3040
:10F29000F0B1204AF26343F08003C4F81480A381E4
:10F2A0002060206135BB3B43A38116B0BDE8F081EF
:10F2B000A38913F0800519D04FF04008414630462D
:10F2C000FAF7A2FF0025B4F90C302F460028E0D150
:10F2D0009A05BED423F0030304F1430243F0020372
:10F2E0000121C4E90421A3812260B2E74FF48068C0
:10F2F0002F46C7E7B4F90E10304600F0DFF810B91A
:10F30000B4F90C30CFE7A38923F0030343F00103E2
:10F310001BB2C8E795D2000838B5154B1F281D68E9
:10F3200020D8D5F8DC22044662B152F820304BB127
:10F33000012B15D0591C0FD0002542F820509847BA
:10F34000284638BD284600F02BF8224601462846BC
:10F35000BDE8384000F00EB816232B60012038BD00
:10F36000002038BD16232B604FF0FF3038BD00BFA2
:10F370000C00002070B50C46084D034600262046C0
:10F3800011461C462E60F3F733F8431C00D070BDC5
:10F390002B68002BFBD0236070BD00BFCC0D00207C
:10F3A000F3F724B8F8B50D461446064610B1836B42
:10F3B000002B43D0B4F90C20A369A360170790B2C7
:10F3C0001BD52369CBB1EDB281042F4622D522682B
:10F3D0006169D31A994229DD0133A1680139A1601D
:10F3E000511C2160157062699A422AD0A389DB07FB
:10F3F00001D50A2D25D03846F8BD21463046FFF705
:10F4000047FC20BBB4F90C20236990B2EDB2810413
:10F410002F46DCD442F40052A281626E616922F46C
:10F42000005262662268D31A9942D5DC21463046E2
:10F43000FDF702FF58B922680123CEE7FDF730FF40
:10F44000B8E721463046FDF7F7FE0028D3D04FF04D
:10F45000FF37D0E770B5054684B01C4639B10B4E76
:10F46000D6F8E060B047431C09D004B070BD0A462E
:10F470000649D1F8E06001A9B047431CF5D100224C
:10F480008A2322602B6004B070BD00BF3C040020C2
:10F4900070B50C46084D03460026204611461C4612
:10F4A0002E60F2F7D4FF431C00D070BD2B68002BF8
:10F4B000FBD0236070BD00BFCC0D002038B5074DD8
:10F4C0000022044608462A60F2F7C6FF431C00D01B
:10F4D00038BD2B68002BFBD0236038BDCC0D00203D
:10F4E000F8B500BFF8BC08BC9E467047F8B500BF31
:08F4F000F8BC08BC9E46704701
:10F4F8000000003F0000803F0000004000000000C6
:10F5080000000000010203040607080900000000CB
:10F5180001020304706F735F7069643A6B702C2585
:10F5280066000000706F735F7069643A6B692C2520
:10F5380066000000706F735F7069643A6B642C2515
:10F5480066000000636F6E74726F6C5F6D6F646548
:10F558003A256600636F6E74726F6C5F74797065BC
:10F568003A25660073706565643A256600000000F8
:10F57800706F736974696F6E3A25660063617363AF
:10F588006164653A25662C2566000000747970650B
:10F59800335F73706565643A256600007479706539
:10F5A800335F706F733A2566000000006361736310
:10F5B800616465335F656E61626C653A256600005B
:10F5C80073706565645F6D6F64653A256600000059
:10F5D800706F736974696F6E5F6D6F64653A2566E5
:10F5E800000000006469723A25660000656E616279
:10F5F8006C653A2566000000252E32662C252E32D1
:10F60800662C252E32662C252E32662C252E326647
:10F618002C252E32662C252E32662C252E32660A93
:10F62800000000000001020304050607080C10147E
:10F6380018203040010002000400060008000A00FB
:10F648000C001000200040008000000108040204A3
:10F658000801010101010103070100001000002059
:10F66800494E4600696E66004E414E006E616E005E
:10F678003031323334353637383961626364656620
:10F6880000000000303132333435363738394142E2
:10F698004344454600000000286E756C6C29000044
:10F6A80030000000202020202020202020202020A2
:10F6B8002020202030303030303030303030303082
:10F6C8003030303065256C64000000000A0001000D
:10F6D80002000300040005000600070008000900F6
:10F6E8000A000B000C000D000E000F0010000000B7
:10F6F80000202020202020202020282828282820FA
:10F7080020202020202020202020202020202020F1
:10F718002088101010101010101010101010101059
:10F728001004040404040404040404101010101049
:10F738001010414141414141010101010101010113
:10F748000101010101010101010101011010101065
:10F7580010104242424242420202020202020202E5
:10F768000202020202020202020202021010101039
:10F778002000000000000000000000000000000061
:10F788000000000000000000000000000000000071
:10F798000000000000000000000000000000000061
:10F7A8000000000000000000000000000000000051
:10F7B8000000000000000000000000000000000041
:10F7C8000000000000000000000000000000000031
:10F7D8000000000000000000000000000000000021
:10F7E8000000000000000000000000000000000011
:10F7F800000000004E614E00496E66696E697479BA
:10F808000000000042616C6C6F6320737563636570
:10F8180065646564000000002F6D6E742F776F7249
:10F828006B73706163652F776F726B73706163655B
:10F838002F4743432D31302D706970656C696E65B3
:10F848002F6A656E6B696E732D4743432D31302DDA
:10F85800706970656C696E652D3333385F3230328C
:10F8680031313031385F3136333435313632303337
:10F878002F7372632F6E65776C69622F6E65776C74
:10F8880069622F6C6962632F7374646C69622F6498
:10F89800746F612E6300000043000000504F53490D
:10F8A800580000002E0000002F6D6E742F776F72C5
:10F8B8006B73706163652F776F726B7370616365CB
:10F8C8002F4743432D31302D706970656C696E6523
:10F8D8002F6A656E6B696E732D4743432D31302D4A
:10F8E800706970656C696E652D3333385F323032FC
:10F8F80031313031385F31363334353136323033A7
:10F908002F7372632F6E65776C69622F6E65776CE3
:10F9180069622F6C6962632F7374646C69622F6DFE
:10F92800707265632E6300000080E03779C341433D
:10F93800176E05B5B5B89346F5F93FE9034F384D4D
:10F94800321D30F94877825A3CBF737FDD4F1575F9
:10F95800000000000000F03F00000000000024400C
:10F9680000000000000059400000000000408F40E7
:10F97800000000000088C34000000000006AF84052
:10F988000000000080842E4100000000D012634176
:10F998000000000084D797410000000065CDCD41EC
:10F9A800000000205FA00242000000E876483742CD
:10F9B800000000A2941A6D42000040E59C30A2426B
:10F9C8000000901EC4BCD64200003426F56B0C43E0
:10F9D8000080E03779C3414300A0D8855734764387
:10F9E80000C84E676DC1AB43003D9160E458E143E8
:10F9F800408CB5781DAF154450EFE2D6E41A4B445D
:10FA080092D54D06CFF08044F64AE1C7022DB544A1
:10FA1800B49DD9794378EA44050000001900000034
:10FA28007D0000006E660000696E69747900000050
:10FA3800616E000035000000CEFBFFFFCB03000025
:10FA4800010000000000000034000000CEFBFFFFB2
:10FA5800CB030000010000000000000000000000CF
:10FA6800BC89D897B2D29C3C33A7A8D523F649398C
:10FA78003DA7F444FD0FA5329D978CCF08BA5B25AE
:10FA8800436FAC64280668112C2066756E63746930
:10FA98006F6E3A2000000000617373657274696FBD
:10FAA8006E2022257322206661696C65643A20669F
:10FAB800696C6520222573222C206C696E652025CF
:10FAC80064257325730A00002F6D6E742F776F728B
:10FAD8006B73706163652F776F726B7370616365A9
:10FAE8002F4743432D31302D706970656C696E6501
:10FAF8002F6A656E6B696E732D4743432D31302D28
:10FB0800706970656C696E652D3333385F323032D9
:10FB180031313031385F3136333435313632303384
:10FB28002F7372632F6E65776C69622F6E65776CC1
:10FB380069622F6C6962632F7374646C69622F67E2
:10FB480064746F612D6765746865782E63000000C2
:10FB5800000000000000000000000000000000009D
:10FB6800000000000000000000000000000000008D
:10FB7800000000000000000000000000000000007D
:10FB880010111213141516171819000000000000A0
:10FB9800001A1B1C1D1E1F000000000000000000B2
:10FBA800000000000000000000000000000000004D
:10FBB800001A1B1C1D1E1F00000000000000000092
:10FBC800000000000000000000000000000000002D
:10FBD800000000000000000000000000000000001D
:10FBE800000000000000000000000000000000000D
:10FBF80000000000000000000000000000000000FD
:10FC080000000000000000000000000000000000EC
:10FC180000000000000000000000000000000000DC
:10FC280000000000000000000000000000000000CC
:10FC380000000000000000000000000000000000BC
:10FC480000000000000000000000000000000000AC
:10FC5800ACF8000828F60008B80900202020202069
:10FC6800202020202020202020202020303030304C
:0CFC780030303030303030303030303040
:08FC8400980FFF7F0100000052
:08FC8C00758E00082502000836
:04FC94000102000861
:10FC98000024F40001000000100000001000002003
:10FCA80000000000FC02002064030020CC030020B8
:10FCB800000000000000000000000000000000003C
:10FCC800000000000000000000000000000000002C
:10FCD800000000000000000000000000000000001C
:10FCE800000000000000000000000000000000000C
:10FCF80000000000000000000000000000000000FC
:10FD080000000000000000000000000000000000EB
:10FD180000000000000000000000000000000000DB
:10FD280000000000000000000000000000000000CB
:10FD380000000000000000000000000000000000BB
:10FD480000000000000000000100000000000000AA
:10FD58000E33CDAB34126DE6ECDE05000B0000006F
:10FD6800000000000000000000000000000000008B
:10FD7800000000000000000000000000000000007B
:10FD8800000000000000000000000000000000006B
:10FD9800000000000000000000000000000000005B
:10FDA800000000000000000000000000000000004B
:10FDB800000000000000000000000000000000003B
:10FDC800000000000000000000000000000000002B
:10FDD800000000000000000000000000000000001B
:10FDE800000000000000000000000000000000000B
:10FDF80000000000000000000000000000000000FB
:10FE080000000000000000000000000000000000EA
:10FE180000000000000000000000000000000000DA
:10FE280000000000000000000000000000000000CA
:10FE380000000000000000000000000000000000BA
:10FE480000000000000000000000000000000000AA
:10FE5800000000000000000000000000000000009A
:10FE6800000000000000000000000000000000008A
:10FE7800000000000000000000000000000000007A
:10FE8800000000000000000000000000000000006A
:10FE9800000000000000000000000000000000005A
:10FEA800000000000000000000000000000000004A
:10FEB800000000000000000000000000000000003A
:10FEC800000000000000000000000000000000002A
:10FED800000000000000000000000000000000001A
:10FEE800000000000000000000000000000000000A
:10FEF80000000000000000000000000000000000FA
:10FF080000000000000000000000000000000000E9
:10FF180000000000000000000000000000000000D9
:10FF280000000000000000000000000000000000C9
:10FF380000000000000000000000000000000000B9
:10FF480000000000000000000000000000000000A9
:10FF58000000000000000000000000000000000099
:10FF68000000000000000000000000000000000089
:10FF78000000000000000000000000000000000079
:10FF88000000000000000000000000000000000069
:10FF98000000000000000000000000000000000059
:10FFA8000000000000000000000000000000000049
:10FFB8000000000000000000000000000000000039
:10FFC8000000000000000000000000000000000029
:10FFD8000000000000000000000000000000000019
:10FFE8000000000000000000000000000000000009
:08FFF800000000000000000001
:020000040801F1
:1000000000000000000000000000000000000000F0
:1000100000000000000000000000000000000000E0
:1000200000000000000000000000000000000000D0
:1000300000000000000000000000000000000000C0
:1000400000000000000000000000000000000000B0
:1000500000000000000000000000000000000000A0
:100060000000000000000000000000000000000090
:100070000000000000000000000000000000000080
:100080000000000000000000000000000000000070
:100090000000000000000000000000000000000060
:1000A0000000000000000000000000000000000050
:1000B0000000000000000000000000000000000040
:1000C0000000000000000000000000000000000030
:1000D000880D002043000000000000000000000028
:1000E0000000000000000000000000000000000010
:1000F00000000000430000000000000000000000BD
:1001000000000000000000000000000000000000EF
:10011000000000004300000000000000000000009C
:1001200000000000000000000000000000000000CF
:10013000000000004300000000000000000000007C
:1001400000000000000000000000000000000000AF
:10015000000000004300000000000000000000005C
:10016000000000000000000000000000000000008F
:10017000000000004300000000000000000000003C
:10018000000000000000000000000000000000006F
:10019000000000004300000000000000000000001C
:1001A000000000000000000000000000000000004F
:1001B00000000000B9CF0008ADA700080000000053
:1001C000F8F60008ACF8000828F6000828F6000841
:1001D00028F6000828F6000828F6000828F6000887
:1001E00028F6000828F6000828F60008FFFFFFFFA1
:1001F000FFFFFFFFFFFFFFFFFFFF00000100415374
:100200004349490000000000000000000000000019
:10021000000000000000000000000000000041534A
:1002200043494900000000000000000000000000F9
:1002300000000000000000000000000000000000BE
:100240000000000000000000A8050020A805002014
:10025000B0050020B0050020B8050020B80500203A
:10026000C0050020C0050020C8050020C8050020EA
:10027000D0050020D0050020D8050020D80500209A
:10028000E0050020E0050020E8050020E80500204A
:10029000F0050020F0050020F8050020F8050020FA
:1002A00000060020000600200806002008060020A6
:1002B0001006002010060020180600201806002056
:1002C0002006002020060020280600202806002006
:1002D00030060020300600203806002038060020B6
:1002E0004006002040060020480600204806002066
:1002F0005006002050060020580600205806002016
:1003000060060020600600206806002068060020C5
:100310007006002070060020780600207806002075
:100320008006002080060020880600208806002025
:1003300090060020900600209806002098060020D5
:10034000A0060020A0060020A8060020A806002085
:10035000B0060020B0060020B8060020B806002035
:10036000C0060020C0060020C8060020C8060020E5
:10037000D0060020D0060020D8060020D806002095
:10038000E0060020E0060020E8060020E806002045
:10039000F0060020F0060020F8060020F8060020F5
:1003A00000070020000700200807002008070020A1
:1003B0001007002010070020180700201807002051
:1003C0002007002020070020280700202807002001
:1003D00030070020300700203807002038070020B1
:1003E0004007002040070020480700204807002061
:1003F0005007002050070020580700205807002011
:1004000060070020600700206807002068070020C0
:100410007007002070070020780700207807002070
:100420008007002080070020880700208807002020
:1004300090070020900700209807002098070020D0
:10044000A0070020A0070020A8070020A807002080
:10045000B0070020B0070020B8070020B807002030
:10046000C0070020C0070020C8070020C8070020E0
:10047000D0070020D0070020D8070020D807002090
:10048000E0070020E0070020E8070020E807002040
:10049000F0070020F0070020F8070020F8070020F0
:1004A000000800200008002008080020080800209C
:1004B000100800201008002018080020180800204C
:1004C00020080020200800202808002028080020FC
:1004D00030080020300800203808002038080020AC
:1004E000400800204008002048080020480800205C
:1004F000500800205008002058080020580800200C
:1005000060080020600800206808002068080020BB
:10051000700800207008002078080020780800206B
:10052000800800208008002088080020880800201B
:1005300090080020900800209808002098080020CB
:10054000A0080020A0080020A8080020A80800207B
:10055000B0080020B0080020B8080020B80800202B
:10056000C0080020C0080020C8080020C8080020DB
:10057000D0080020D0080020D8080020D80800208B
:10058000E0080020E0080020E8080020E80800203B
:10059000F0080020F0080020F8080020F8080020EB
:1005A0000009002000090020080900200809002097
:1005B0001009002010090020180900201809002047
:1005C00020090020200900202809002028090020F7
:1005D00030090020300900203809002038090020A7
:1005E0004009002040090020480900204809002057
:1005F0005009002050090020580900205809002007
:1006000060090020600900206809002068090020B6
:100610007009002070090020780900207809002066
:100620008009002080090020880900208809002016
:1006300090090020900900209809002098090020C6
:10064000A0090020A0090020FFFFFFFF000002001A
:04065000FF000000A7
:04000005080028794E
:00000001FF
