:020000040800F2
:10000000000002203D2900084D2200084F22000870
:100010005122000853220008552200080000000069
:10002000000000000000000000000000572200084F
:1000300059220008000000005B2200085D22000831
:100040008D2900088D2900088D2900088D290008B8
:100050008D2900088D2900088D2900088D290008A8
:100060008D2900088D2900088D2900088D29000898
:100070008D2900088D2900088D2900088D29000888
:100080008D2900088D2900088D2900088D29000878
:100090008D290008612200088D2900088D2900089B
:1000A0008D290008712200088D2900088D2900087B
:1000B000812200088D2900088D2900088D2900085B
:1000C0008D2900088D2900088D2900088D29000838
:1000D0008D290008912200088D2900088D2900082B
:1000E0008D2900088D2900088D2900088D29000818
:1000F0008D2900088D2900088D2900088D29000808
:100100008D2900088D2900088D2900088D290008F7
:100110008D2900088D2900088D2900088D290008E7
:100120008D2900088D2900088D2900088D290008D7
:100130008D2900088D2900088D2900088D290008C7
:100140008D2900088D2900088D2900088D290008B7
:100150008D2900088D2900088D2900088D290008A7
:100160008D2900088D2900088D2900088D29000897
:100170008D2900088D2900088D2900088D29000887
:100180008D2900088D2900088D2900088D29000877
:100190008D290008000000008D2900088D29000825
:1001A0008D2900088D2900088D2900088D29000857
:1001B0008D2900088D2900088D2900088D29000847
:1001C0008D2900088D2900088D2900088D29000837
:0801D0008D2900088D290008AB
:1002000010B5054C237833B9044B13B10448AFF350
:1002100000800123237010BDBC09002000000000F5
:10022000A0F5000808B5034B1BB103490348AFF321
:10023000008008BD00000000C0090020A0F50008F3
:1002400081F0004102E000BF83F0004330B54FEA87
:1002500041044FEA430594EA050F08BF90EA020FF4
:100260001FBF54EA000C55EA020C7FEA645C7FEA87
:10027000655C00F0E2804FEA5454D4EB5555B8BFAA
:100280006D420CDD2C4480EA020281EA030382EA1B
:10029000000083EA010180EA020281EA0303362DAD
:1002A00088BF30BD11F0004F4FEA01314FF4801C80
:1002B0004CEA113102D0404261EB410113F0004F92
:1002C0004FEA03334CEA133302D0524263EB430349
:1002D00094EA050F00F0A780A4F10104D5F1200EE7
:1002E0000DDB02FA0EFC22FA05F2801841F1000142
:1002F00003FA0EF2801843FA05F359410EE0A5F116
:1003000020050EF1200E012A03FA0EFC28BF4CF046
:10031000020C43FA05F3C01851EBE37101F00045FC
:1003200007D54FF0000EDCF1000C7EEB00006EEB09
:100330000101B1F5801F1BD3B1F5001F0CD3490893
:100340005FEA30004FEA3C0C04F101044FEA4452EA
:1003500012F5800F80F09A80BCF1004F08BF5FEA71
:10036000500C50F1000041EB045141EA050130BD51
:100370005FEA4C0C404141EB0101013C28BFB1F563
:10038000801FE9D291F0000F04BF01460020B1FAAE
:1003900081F308BF2033A3F10B03B3F120020CDA81
:1003A0000C3208DD02F1140CC2F10C0201FA0CF05F
:1003B00021FA02F10CE002F11402D8BFC2F1200CC4
:1003C00001FA02F120FA0CFCDCBF41EA0C0190407A
:1003D000E41AA2BF01EB0451294330BD6FEA0404C3
:1003E0001F3C1CDA0C340EDC04F11404C4F12002AE
:1003F00020FA04F001FA02F340EA030021FA04F3C0
:1004000045EA030130BDC4F10C04C4F1200220FA16
:1004100002F001FA04F340EA0300294630BD21FA54
:1004200004F0294630BD94F0000F83F4801306BF1A
:1004300081F480110134013D4EE77FEA645C18BF0E
:100440007FEA655C29D094EA050F08BF90EA020FA5
:1004500005D054EA000C04BF1946104630BD91EA9D
:10046000030F1EBF0021002030BD5FEA545C05D1A0
:100470004000494128BF41F0004130BD14F58004DF
:100480003CBF01F5801130BD01F0004545F0FE4153
:1004900041F470014FF0000030BD7FEA645C1ABF88
:1004A000194610467FEA655C1CBF0B46024650EABF
:1004B000013406BF52EA033591EA030F41F40021EB
:1004C00030BD00BF90F0000F04BF0021704730B571
:1004D0004FF4806404F132044FF000054FF0000146
:1004E00050E700BF90F0000F04BF0021704730B507
:1004F0004FF4806404F1320410F0004548BF4042DC
:100500004FF000013EE700BF42004FEAE2014FEA30
:1005100031014FEA02701FBF12F07F4393F07F4F0B
:1005200081F06051704732F07F4208BF704793F00E
:100530007F4F04BF41F40021704730B54FF4607421
:1005400001F0004521F000411CE700BF50EA010224
:1005500008BF704730B54FF000050AE050EA0102CD
:1005600008BF704730B511F0004502D5404261EB3D
:1005700041014FF4806404F132045FEA915C3FF47E
:10058000D8AE4FF003025FEADC0C18BF03325FEA1B
:10059000DC0C18BF033202EBDC02C2F1200300FACC
:1005A00003FC20FA02F001FA03FE40EA0E0021FAF1
:1005B00002F11444BDE600BF80F0004002E000BF3D
:1005C00081F0004142001FBF5FEA410392EA030F3E
:1005D0007FEA226C7FEA236C6AD04FEA1262D2EB88
:1005E0001363C1BFD218414048404140B8BF5B428D
:1005F000192B88BF704710F0004F40F4000020F026
:100600007F4018BF404211F0004F41F4000121F03B
:100610007F4118BF494292EA030F3FD0A2F1010285
:1006200041FA03FC10EB0C00C3F1200301FA03F1C3
:1006300000F0004302D5494260EB4000B0F5000FE6
:1006400013D3B0F1807F06D340084FEA310102F1A5
:100650000102FE2A51D2B1F1004F40EBC25008BF57
:1006600020F0010040EA03007047490040EB000021
:10067000013A28BFB0F5000FEDD2B0FA80FCACF122
:10068000080CB2EB0C0200FA0CF0AABF00EBC2504F
:1006900052421843BCBFD0401843704792F0000F3D
:1006A00081F4000106BF80F400000132013BB5E790
:1006B0004FEA41037FEA226C18BF7FEA236C21D006
:1006C00092EA030F04D092F0000F08BF084670476B
:1006D00090EA010F1CBF0020704712F07F4F04D139
:1006E000400028BF40F00040704712F100723CBF4C
:1006F00000F50000704700F0004343F0FE4040F476
:10070000000070477FEA226216BF08467FEA236333
:100710000146420206BF5FEA412390EA010F40F41E
:10072000800070474FF0000304E000BF10F000436A
:1007300048BF40425FEA000C08BF704743F0964351
:1007400001464FF000001CE050EA010208BF70476C
:100750004FF000030AE000BF50EA010208BF7047F3
:1007600011F0004302D5404261EB41015FEA010C08
:1007700002BF84460146002043F0B64308BFA3F100
:100780008053A3F50003BCFA8CF2083AA3EBC253E2
:1007900010DB01FA02FC634400FA02FCC2F1200201
:1007A000BCF1004F20FA02F243EB020008BF20F038
:1007B0000100704702F1200201FA02FCC2F120029E
:1007C00050EA4C0021FA02F243EB020008BF20EA93
:1007D000DC7070474FF0FF0C1CEAD0521EBF1CEAC1
:1007E000D15392EA0C0F93EA0C0F6FD01A4480EAAF
:1007F000010C400218BF5FEA41211ED04FF0006398
:1008000043EA501043EA5111A0FB01310CF00040C3
:10081000B1F5000F3EBF490041EAD3715B0040EAE9
:10082000010062F17F02FD2A1DD8B3F1004F40EBB9
:10083000C25008BF20F00100704790F0000F0CF08C
:10084000004C08BF49024CEA502040EA51207F3A50
:10085000C2BFD2F1FF0340EAC250704740F400002B
:100860004FF00003013A5DDC12F1190FDCBF00F01C
:1008700000407047C2F10002410021FA02F1C2F1CA
:10088000200200FA02FC5FEA310040F1000053EA66
:100890004C0308BF20EADC70704792F0000F00F0B4
:1008A000004C02BF400010F4000F013AF9D040EABA
:1008B0000C0093F0000F01F0004C02BF490011F44E
:1008C000000F013BF9D041EA0C018FE70CEAD1534C
:1008D00092EA0C0F18BF93EA0C0F0AD030F0004CCC
:1008E00018BF31F0004CD8D180EA010000F0004080
:1008F000704790F0000F17BF90F0004F084691F03E
:10090000000F91F0004F14D092EA0C0F01D1420277
:100910000FD193EA0C0F03D14B0218BF084608D140
:1009200080EA010000F0004040F0FE4040F400008A
:10093000704740F0FE4040F4400070474FF0FF0C1D
:100940001CEAD0521EBF1CEAD15392EA0C0F93EA64
:100950000C0F69D0A2EB030280EA010C49024FEAB6
:10096000402037D04FF0805343EA111143EA10136F
:100970000CF000408B4238BF5B0042F17D024FF427
:10098000000C8B4224BF5B1A40EA0C00B3EB510F02
:1009900024BFA3EB510340EA5C00B3EB910F24BFEB
:1009A000A3EB910340EA9C00B3EBD10F24BFA3EB70
:1009B000D10340EADC001B0118BF5FEA1C1CE0D138
:1009C000FD2A3FF650AF8B4240EBC25008BF20F0EB
:1009D000010070470CF0004C4CEA50207F32C2BF3F
:1009E000D2F1FF0340EAC250704740F400004FF0DC
:1009F0000003013A37E792F0000F00F0004C02BF0D
:100A0000400010F4000F013AF9D040EA0C0093F0D6
:100A1000000F01F0004C02BF490011F4000F013B30
:100A2000F9D041EA0C0195E70CEAD15392EA0C0F98
:100A300008D142027FF47DAF93EA0C0F7FF470AFD0
:100A4000084676E793EA0C0F04D14B023FF44CAF13
:100A500008466EE730F0004C18BF31F0004CCAD1A8
:100A600030F000427FF45CAF31F000437FF43CAFE4
:100A70005FE700BF4FF0FF3C06E000BF4FF0010C06
:100A800002E000BF4FF0010C4DF804CD4FEA4002E8
:100A90004FEA41037FEA226C18BF7FEA236C11D032
:100AA00001B052EA530C18BF90EA010F58BFB2EBE5
:100AB000030088BFC81738BF6FEAE17018BF40F065
:100AC000010070477FEA226C02D15FEA402C05D119
:100AD0007FEA236CE4D15FEA412CE1D05DF8040B9E
:100AE000704700BF844608466146FFE70FB5FFF731
:100AF000C9FF002848BF10F1000F0FBD4DF808EDE9
:100B0000FFF7F4FF0CBF012000205DF808FB00BFD9
:100B10004DF808EDFFF7EAFF34BF012000205DF833
:100B200008FB00BF4DF808EDFFF7E0FF94BF012080
:100B300000205DF808FB00BF4DF808EDFFF7D2FF7D
:100B400094BF012000205DF808FB00BF4DF808EDC0
:100B5000FFF7C8FF34BF012000205DF808FB00BF8D
:100B60004FEA4002B2F1FE4F0FD34FF09E03B3EBBA
:100B700012620DD94FEA002343F0004310F0004FFA
:100B800023FA02F018BF404270474FF00000704750
:100B900012F1610F01D1420205D110F0004008BFEF
:100BA0006FF0004070474FF00000704742000ED2D7
:100BB000B2F1FE4F0BD34FF09E03B3EB126209D498
:100BC0004FEA002343F0004323FA02F070474FF04E
:100BD0000000704712F1610F01D1420202D14FF0C3
:100BE000FF3070474FF00000704700BF53B94AB95B
:100BF000002908BF00281CBF4FF0FF314FF0FF3025
:100C000000F074B9ADF1080C6DE904CE00F006F8FF
:100C1000DDF804E0DDE9022304B070472DE9F04778
:100C2000089E0D4604468846002B4DD18A429446C4
:100C300068D9B2FA82F252B101FA02F3C2F120018C
:100C400020FA01F10CFA02FC41EA030894404FEA51
:100C50001C45210CB8FBF5FE1FFA8CF705FB1E8323
:100C600041EA03430EFB07F199420BD91CEB030346
:100C70000EF1FF3080F01E81994240F21B81AEF1EF
:100C8000020E63445B1AA4B2B3FBF5F005FB10330C
:100C900044EA034400FB07F7A7420AD91CEB04040B
:100CA00000F1FF3380F00881A74240F205816444DF
:100CB0000238E41B40EA0E4000211EB1D44000235C
:100CC000C6E90043BDE8F0878B4208D9002E00F04A
:100CD000EE800021C6E900050846BDE8F087B3FABA
:100CE00083F100294AD1AB4202D3824200F2F9805B
:100CF000841A65EB030301209846002EE2D0C6E972
:100D00000048DFE702B9FFDEB2FA82F2002A40F0C3
:100D10009180A1EB0C054FEA1C471FFA8CFE0121C4
:100D2000B5FBF7F307FB1350250C45EA00450EFB16
:100D300003F0A84208D91CEB050503F1FF3802D2E5
:100D4000A84200F2CB8043462D1AA4B2B5FBF7F0BF
:100D500007FB105544EA05440EFB00FEA64508D9E2
:100D60001CEB040400F1FF3502D2A64500F2BB8063
:100D70002846A4EB0E0440EA03409EE7C1F1200799
:100D80008B4022FA07FC4CEA030C20FA07F405FA20
:100D900001F31C43FD404FEA1C4900FA01F3B5FB87
:100DA000F9F8200C1FFA8CFE09FB185540EA05459E
:100DB00008FB0EF0A84202FA01F20BD91CEB050564
:100DC00008F1FF3A80F08880A84240F28580A8F1BF
:100DD000020865442D1AA4B2B5FBF9F009FB1055C1
:100DE00044EA054500FB0EFEAE4508D91CEB05059F
:100DF00000F1FF346CD2AE456AD90238654440EA4E
:100E00000840A0FB0294A5EB0E05A542C846A646E5
:100E100056D353D05EB1B3EB080265EB0E0505FA6D
:100E200007F722FA01F3CD401F43C6E90075002100
:100E3000BDE8F087C2F1200320FA03F10CFA02FCAE
:100E400025FA03F395400D434FEA1C471FFA8CFE29
:100E5000B3FBF7F107FB11302B0C43EA004301FB16
:100E60000EF0984204FA02F408D91CEB030301F1D6
:100E7000FF382FD298422DD9023963441B1AADB2E4
:100E8000B3FBF7F007FB103345EA034500FB0EF315
:100E9000AB4208D91CEB050500F1FF3816D2AB4276
:100EA00014D902386544ED1A40EA014138E7314669
:100EB000304607E78646E5E61846FAE64B45A9D2EE
:100EC000B9EB020864EB0C0E0138A3E74046EAE7F1
:100ED000204694E74146D1E7D0467BE7023B654494
:100EE00032E7084609E76444023842E7704700BF2A
:100EF00000000000000000000000000000000000F2
:100F0000A2EB0300704700BF02780B78012A28BFCC
:100F10009A42F5D16DE9044540EA0104CDE9026742
:100F20006FF0000C4FEA447212B380EA010414F02F
:100F3000070F6AD100F0070420F0070004F0030552
:100F400021F007014FEAC505F0E8042314F0040F6F
:100F5000F1E804670CFA05F462EA040266EA0406A2
:100F60000AD063EA0403624667EA0407664603E0C0
:100F7000F0E80423F1E8046782FA4CF582EA0604FB
:100F8000A4FA8CF46CBB83FA4CF583EA0705A5FA46
:100F90008CF595B950E9022351E9026782FA4CF5C4
:100FA00082EA0604A4FA8CF483FA4CF583EA070576
:100FB000A5FA8CF52543DBD09CB92DBAB5FA85F49A
:100FC00024F0070427FA04F1DDE9026723FA04F3A9
:100FD00003F0FF0001F0FF01FDE80445A0EB010074
:100FE000704724BAB4FA84F424F0070426FA04F112
:100FF000DDE9026722FA04F202F0FF0001F0FF01CE
:10100000FDE80445A0EB0100704714F0030F3CD14C
:1010100010F0030428D150F8082B51F8083B82FA4D
:101020004CF582EA0305A5FA8CF55DB950F8042C5D
:1010300051F8043C82FA4CF582EA0305A5FA8CF5D6
:10104000002DE8D02DBAB5FA85F424F0070423FA70
:1010500004F122FA04F202F0FF0001F0FF01FDE8C2
:101060000445A0EB010070474FEAC40420F00300E0
:1010700050F8082B21F0030151F8083B0CFA04F456
:1010800062EA040263EA0403C9E710F003041AD019
:10109000A1EB040120F00300E40750F8042B06D074
:1010A0000FD28B785FFAA2F4E41A06D12BB1CB7879
:1010B0005FFAB2F4E41A00D11BB920465DF8104B78
:1010C000704701F1040150F8042BCC0721F0030113
:1010D00051F8043B48D824D222F07F4482FA4CF5E0
:1010E00094EA1325A5FA8CF50AD165B951F8043BA9
:1010F00084EA0204B4EB036F0ED150F8042BEBE743
:101100004FEA132355E035F07F454DD10878FDE8CF
:101110000445C0F1000070474FEA126203F0FF037C
:1011200047E002EA1C4482FA4CF594EA1345A5FA1A
:101130008CF50AD165B951F8043B84EA0204B4EB9A
:10114000034F0CD150F8042BEBE74FEA134330E088
:1011500015EA1C4528D10B884FEA124229E04FEAD4
:10116000124203EA1C4324E002F0FF0482FA4CF529
:1011700094EA1365A5FA8CF50AD165B951F8043BD8
:1011800084EA0204B4EB032F09D150F8042BEBE7F7
:101190004FEA13630DE015F0FF0F05D10B684FEA1E
:1011A000122223F07F4304E04FF00000FDE80445E5
:1011B000704712BA1BBA82FA4CF482EA0304A4FA0A
:1011C0008CF5B5FA85F402FA04F203FA04F34FEA57
:1011D0001260FDE80445A0EB1360704700000000BA
:1011E00000000000000000000000000000000000FF
:1011F00000000000000000000000000000000000EF
:1012000090F800F06DE9024520F007016FF0000C46
:1012100010F0070491F820F040F049804FF00004EE
:101220006FF00700D1E9002391F840F000F10800C9
:1012300082FA4CF2A4FA8CF283FA4CF3A2FA8CF301
:101240004BBBD1E9022382FA4CF200F10800A4FA68
:101250008CF283FA4CF3A2FA8CF3E3B9D1E90423BC
:1012600082FA4CF200F10800A4FA8CF283FA4CF3F3
:10127000A2FA8CF37BB9D1E9062301F1200182FAAD
:101280004CF200F10800A4FA8CF283FA4CF3A2FAB3
:101290008CF3002BC6D0002A04BF04301A4612BAC1
:1012A000B2FA82F2FDE8024500EBD2007047D1E9C4
:1012B000002304F00305C4F100004FEAC50514F053
:1012C000040F91F840F00CFA05F562EA05021CBF24
:1012D00063EA050362464FF00004A9E7000000003E
:1012E00001F0FF01102A2BDB10F0070F08D010F8D7
:1012F000013B013A8B422DD010F0070F42B3F6D1DB
:10130000F0B441EA012141EA014122F007047FF0F3
:1013100000070023F0E80256083C85EA010586EA4A
:10132000010685FA47F5A3FA87F586FA47F6A5FA86
:1013300087F68EB9EED1F0BC01F0FF0102F0070292
:1013400032B110F8013B013A83EA010313B1F8D13D
:101350000020704701387047002D06BF354603381E
:10136000073815F0010F07D1013015F4807F02BF57
:10137000013015F4C03F0130F0BC0138704700BFA8
:10138000844641EA000313F003036DD1403A41D390
:1013900051F8043B40F8043B51F8043B40F8043B4F
:1013A00051F8043B40F8043B51F8043B40F8043B3F
:1013B00051F8043B40F8043B51F8043B40F8043B2F
:1013C00051F8043B40F8043B51F8043B40F8043B1F
:1013D00051F8043B40F8043B51F8043B40F8043B0F
:1013E00051F8043B40F8043B51F8043B40F8043BFF
:1013F00051F8043B40F8043B51F8043B40F8043BEF
:1014000051F8043B40F8043B51F8043B40F8043BDE
:10141000403ABDD2303211D351F8043B40F8043B7E
:1014200051F8043B40F8043B51F8043B40F8043BBE
:1014300051F8043B40F8043B103AEDD20C3205D38E
:1014400051F8043B40F8043B043AF9D2043208D086
:10145000D2071CBF11F8013B00F8013B01D30B88F8
:1014600003806046704700BF082A13D38B078DD0D6
:1014700010F003038AD0C3F10403D21ADB071CBFA8
:1014800011F8013B00F8013B80D331F8023B20F812
:10149000023B7BE7043AD9D3013A11F8013B00F84B
:1014A000013BF9D20B7803704B7843708B788370D3
:1014B0006046704770B54FF0FF0C4CF4E06C1CEACE
:1014C00011541DBF1CEA135594EA0C0F95EA0C0F3A
:1014D00000F0DEF82C4481EA030621EA4C5123EAAD
:1014E0004C5350EA013518BF52EA033541F48011DC
:1014F00043F4801338D0A0FB02CE4FF00005E1FB8F
:1015000002E506F00042E0FB03E54FF00006E1FBD8
:1015100003569CF0000F18BF4EF0010EA4F1FF041B
:10152000B6F5007F64F5407404D25FEA4E0E6D415B
:1015300046EB060642EAC62141EA55514FEAC5206C
:1015400040EA5E504FEACE2EB4F1FD0C88BFBCF5E8
:10155000E06F1ED8BEF1004F08BF5FEA500E50F199
:10156000000041EB045170BD06F0004646EA01015F
:1015700040EA020081EA0301B4EB5C04C2BFD4EB91
:101580000C0541EA045170BD41F480114FF0000E8A
:10159000013C00F3AB8014F1360FDEBF002001F0F8
:1015A000004170BDC4F10004203C35DA0C341BDC72
:1015B00004F11404C4F1200500FA05F320FA04F044
:1015C00001FA05F240EA020001F0004221F0004178
:1015D00010EBD37021FA04F642EB06015EEA430EEB
:1015E00008BF20EAD37070BDC4F10C04C4F120051B
:1015F00000FA04F320FA05F001FA04F240EA0200CE
:1016000001F0004110EBD37041F100015EEA430E9E
:1016100008BF20EAD37070BDC4F1200500FA05F2BE
:101620004EEA020E20FA04F301FA05F243EA02033D
:1016300021FA04F001F0004121FA04F220EA02004C
:1016400000EBD3705EEA430E08BF20EAD37070BD92
:1016500094F0000F0FD101F00046400041EB010172
:1016600011F4801F08BF013CF7D041EA060195F054
:10167000000F18BF704703F00046520043EB03030E
:1016800013F4801F08BF013DF7D043EA06037047FB
:1016900094EA0C0F0CEA135518BF95EA0C0F0CD006
:1016A00050EA410618BF52EA4306D1D181EA03014C
:1016B00001F000414FF0000070BD50EA410606BF46
:1016C0001046194652EA430619D094EA0C0F02D18B
:1016D00050EA013613D195EA0C0F05D152EA0336D0
:1016E0001CBF104619460AD181EA030101F00041EE
:1016F00041F0FE4141F470014FF0000070BD41F037
:10170000FE4141F4780170BD70B54FF0FF0C4CF410
:10171000E06C1CEA11541DBF1CEA135594EA0C0F2F
:1017200095EA0C0F00F0A7F8A4EB050481EA030E7C
:1017300052EA03354FEA013100F088804FEA033363
:101740004FF0805545EA131343EA12634FEA022231
:1017500045EA111545EA10654FEA00260EF00041F2
:101760009D4208BF964244F1FD0404F5407402D244
:101770005B084FEA3202B61A65EB03055B084FEAD5
:1017800032024FF480104FF4002CB6EB020E75EBD2
:10179000030E22BFB61A754640EA0C005B084FEAFA
:1017A0003202B6EB020E75EB030E22BFB61A754677
:1017B00040EA5C005B084FEA3202B6EB020E75EBC2
:1017C000030E22BFB61A754640EA9C005B084FEA3A
:1017D0003202B6EB020E75EB030E22BFB61A754647
:1017E00040EADC0055EA060E18D04FEA051545EA36
:1017F00016754FEA06164FEAC30343EA52734FEADF
:10180000C2025FEA1C1CC0D111F4801F0BD141EA57
:1018100000014FF000004FF0004CB6E711F4801FBC
:1018200004BF01430020B4F1FD0C88BFBCF5E06F9C
:101830003FF6AFAEB5EB030C04BFB6EB020C5FEAAC
:10184000500C50F1000041EB045170BD0EF0004E01
:101850004EEA113114EB5C04C2BFD4EB0C0541EA33
:10186000045170BD41F480114FF0000E013C90E630
:1018700045EA060E8DE60CEA135594EA0C0F08BFF4
:1018800095EA0C0F3FF43BAF94EA0C0F0AD150EAF3
:1018900001347FF434AF95EA0C0F7FF425AF104686
:1018A00019462CE795EA0C0F06D152EA03353FF4AE
:1018B000FDAE1046194622E750EA410618BF52EA2B
:1018C00043067FF4C5AE50EA41047FF40DAF52EAFF
:1018D00043057FF4EBAE12E74FF0FF3C06E000BF9C
:1018E0004FF0010C02E000BF4FF0010C4DF804CDA9
:1018F0004FEA410C7FEA6C5C4FEA430C18BF7FEA69
:101900006C5C1BD001B050EA410C0CBF52EA430C96
:1019100091EA030F02BF90EA020F0020704710F116
:10192000000F91EA030F58BF994208BF90422CBFA5
:10193000D8176FEAE37040F0010070474FEA410C9E
:101940007FEA6C5C02D150EA013C07D14FEA430CBC
:101950007FEA6C5CD6D152EA033CD3D05DF8040B2D
:10196000704700BF8446104662468C46194663465F
:1019700000E000BF01B5FFF7B7FF002848BF10F136
:10198000000F01BD4DF808EDFFF7F4FF0CBF01207B
:1019900000205DF808FB00BF4DF808EDFFF7EAFFF7
:1019A00034BF012000205DF808FB00BF4DF808EDB2
:1019B000FFF7E0FF94BF012000205DF808FB00BFA7
:1019C0004DF808EDFFF7CEFF94BF012000205DF831
:1019D00008FB00BF4DF808EDFFF7C4FF34BF01203E
:1019E00000205DF808FB00BF4FEA410C7FEA6C5C09
:1019F00002D150EA013C0AD14FEA430C7FEA6C5C09
:101A000002D152EA033C02D14FF0000070474FF080
:101A1000010070474FEA410212F5001215D211D5AC
:101A20006FF47873B3EB625212D94FEAC12343F0DB
:101A3000004343EA505311F0004F23FA02F018BF5D
:101A4000404270474FF00000704750EA013005D126
:101A500011F0004008BF6FF0004070474FF00000E9
:101A6000704700BF4A0011D212F5001211D20DD5F5
:101A70006FF47873B3EB62520ED44FEAC12343F094
:101A8000004343EA505323FA02F070474FF000003E
:101A9000704750EA013002D14FF0FF3070474FF0ED
:101AA000000070474FEA4102B2F1E04324BFB3F5B2
:101AB000001CDCF1FE5C0DD901F0004C4FEAC002C5
:101AC0004CEA5070B2F1004F40EB830008BF20F0A9
:101AD0000100704711F0804F21D113F13872BCBF63
:101AE00001F00040704741F480114FEA5252C2F1B8
:101AF0001802C2F1200C10FA0CF320FA02F018BF01
:101B000040F001004FEAC1234FEAD32303FA0CFC53
:101B100040EA0C0023FA02F34FEA4303CCE77FEAE2
:101B2000625307D150EA01331EBF4FF0FE4040F42C
:101B30004000704701F0004040F0FE4040F40000DB
:101B4000704700BF38B505460C462846214600229E
:101B50000023FFF721FF28B928462146BDE8384079
:101B600000F00AB8284604F1004100F005F84042B0
:101B700061EB410138BD00BFD0B50C4B00220646D9
:101B80000F46FFF797FCFFF76DFF0446FEF79AFC40
:101B9000074B0022FFF78EFC02460B4630463946C3
:101BA000FEF752FBFFF75EFF2146D0BD0000F03D7F
:101BB0000000F04130B58BB00024059406940794E2
:101BC000089409941C4BDA6C42F02002DA64DA6C57
:101BD00002F020020192019ADA6C42F00402DA6407
:101BE000DA6C02F004020292029ADA6C42F01002FD
:101BF000DA64DA6C02F010020392039ADA6C42F0B3
:101C00000102DA64DB6C03F001030493049B0B4DC7
:101C100022464FF44051284601F090FC4FF44053C7
:101C20000593012306930794089405A9284601F01B
:101C300097FB0BB030BD00BF001002400010004801
:101C400030B587B000240194029403940494059461
:101C50000E4BDA6C42F01002DA64DB6C03F0100316
:101C60000093009B0A4D22464FF44051284601F054
:101C700065FC4FF4405301930123029303940494B1
:101C800001A9284601F06CFB07B030BD00100240EE
:101C90000010004811F0010F00D1704708B500F0A6
:101CA00035FC08BD08B50268034B9A4200D008BD58
:101CB00000F01EFEFBE700BF0038014010B50446EF
:101CC00002681E4B9A4204D02368B3F1804F03D0C0
:101CD00010BD00F06BFEF7E7194A1368013313607B
:101CE000184A136801331360312B17D8144B1A6844
:101CF000154BA3FB02139B09C82101FB1323B3B1AE
:101D000000F07BF9114A136801331360092BDFD906
:101D1000134600221A6000F0A3FDD9E71346002203
:101D20001A604FF480510A4801F00DFCDEE74FF4D1
:101D30000051074801F007FCE2E700BF002C01401A
:101D4000200B00201C0B00201F85EB51240B0020D2
:101D50000010004808B572B60F4C01224FF48051B4
:101D6000204601F0EBFB00224FF40051204601F029
:101D7000E5FB642000F02CFE00224FF48051204649
:101D800001F0DCFB01224FF40051204601F0D6FBAC
:101D9000642000F01DFEDFE70010004808B50F4882
:101DA0000F4B0360002343608360C360037443747C
:101DB00083740A224261012282610D21C1610321E3
:101DC000016242628262C262026343638363C363ED
:101DD00000F068FF00B908BDFFF7BCFFD80900207C
:101DE0000064004000B589B0002304930593069376
:101DF000079301930293039314484FF080420260CB
:101E000044F26722426083606322C26003618023E0
:101E1000836102F0FDFB90B94FF48053049304A951
:101E20000A4802F031FC60B900230193039301A931
:101E3000064802F0D3FC30B909B05DF804FBFFF7A7
:101E400089FFFFF787FFFFF785FF00BF3C0A0020EF
:101E500008B51548154B03604FF4E1334360002388
:101E60008360C36003610C2242618361C3610362CA
:101E70004362836203F0EAFC70B900210A4803F070
:101E800025FE58B90021084803F045FE40B9064830
:101E900003F0FDFD30B908BDFFF75CFFFFF75AFF07
:101EA000FFF758FFFFF756FF880A0020003801406F
:101EB00000B595B03822002106A803F07BFE002073
:101EC0000190029003900490059001F045FB0123DE
:101ED00006934FF48033079302230D9303220E924F
:101EE0000C220F92552210921193042212921393F6
:101EF00006A801F0EBFB90B90F2301930323029393
:101F0000002303934FF480620492059304210DEBA8
:101F1000010001F091FE20B915B05DF804FBFFF758
:101F200019FFFFF717FF000038B500F030FDFFF78D
:101F3000BFFFFFF73FFEFFF731FFFFF753FFFFF74C
:101F400087FFFFF77DFE254C01224FF4805120468C
:101F500001F0F4FA01224FF40051204601F0EEFAAC
:101F60004FF4FA6000F034FD00224FF48051204617
:101F700001F0E4FA00224FF40051204601F0DEFAAD
:101F80004FF4FA7000F024FD00251FE0134C0122ED
:101F90004FF48051204601F0D1FA01224FF4005154
:101FA000204601F0CBFAC82000F012FD00224FF4C9
:101FB0008051204601F0C2FA00224FF40051204621
:101FC00001F0BCFAC82000F003FD0135022DDDDD73
:101FD00000F008F8024802F05FF9FEE70010004840
:101FE0003C0A002008B500F0BBF9642000F0F0FCCA
:101FF00000F0E4FA00F094FB08BD08B500F0F4FA34
:1020000000F09AFB00F02EFB08BD000000B583B085
:102010000B4B1A6E42F001021A661A6E02F00102B0
:102020000092009A9A6D42F080529A659B6D03F07F
:1020300080530193019B01F015FB03B05DF804FB95
:102040000010024010B59CB0044600211791189171
:1020500019911A911B91542202A803F0ABFD22683A
:102060001E4B9A4201D01CB010BD4FF48053029316
:102070004FF00073109302A801F022FF50BB184BE1
:102080009A6D42F000729A659A6D02F000720092A9
:10209000009ADA6C42F00102DA64DB6C03F00103AF
:1020A0000193019B4FF4C05317930223189300240C
:1020B00019941A9409231B9317A94FF0904001F02B
:1020C0004FF922462146152000F0A8FC152000F00B
:1020D000DDFCC8E7FFF73EFED1E700BF006400402B
:1020E000001002400368B3F1804F00D0704700B584
:1020F00083B003F504339A6D42F001029A659B6D3B
:1021000003F001030193019B002211461C2000F003
:1021100085FC1C2000F0BAFC03B05DF804FB000055
:1021200010B59CB0044600211791189119911A918D
:102130001B91542202A803F03DFD22681B4B9A42DA
:1021400001D01CB010BD0123029302A801F0B8FE1B
:1021500040BB174B1A6E42F480421A661A6E02F4A4
:1021600080420092009ADA6C42F00402DA64DB6C7E
:1021700003F004030193019B302317930223189368
:10218000002419941A9407231B9317A9094801F0F6
:10219000E7F822462146252000F040FC252000F0EB
:1021A00075FCCEE7FFF7D6FDD3E700BF003801404E
:1021B000001002400008004830B589B004461E4BAC
:1021C0001A6E42F400621A661B6E03F400630193F8
:1021D000019B02A903A801F055FE01F041FE034650
:1021E0001648A0FB03239B0C013B1548154A0260CF
:1021F00040F2E732C260436000230361836002F073
:1022000007FA054610B1284609B030BD0C4802F067
:1022100043F805460028F6D1192000F037FC0F2CB2
:1022200001D90125EFE700222146192000F0F6FB35
:10223000054B1C60E7E700BF0010024083DE1B4334
:10224000280B0020002C014008000020FEE7FEE7DC
:10225000FEE7FEE7FEE770477047704770470000F3
:1022600008B5024800F0B7FF08BD00BFD80900203C
:1022700008B5024802F05EF808BD00BF280B002038
:1022800008B5024802F056F808BD00BF3C0A00201D
:1022900008B5024802F04AFB08BD00BF880A0020CA
:1022A0000120704708B503F05BFC162303604FF074
:1022B000FF3008BD08B54FF0FF31FFF7F3FFFEE731
:1022C00070B50C461646002506E0AFF300802146A7
:1022D00001F8010B01350C46B542F6DB304670BD06
:1022E00070B50C461646002504E014F8010BAFF358
:1022F00000800135B542F8DB304670BD4FF0FF304D
:1023000070474FF400534B60002070470120704726
:102310000020704710B503460C4A0D490D4800686F
:1023200040B10C4800680344521A934206D8094A47
:10233000136010BD0748084C0460F2E703F010FC7E
:102340000C2303604FF0FF30F3E700BF00000220D2
:1023500000040000740B0020900C00207047000067
:1023600070B586B04FF0804300930024019402942E
:102370000126039604946FF060430593074D694668
:10238000284600F079FD284600F0A6FD2246314699
:10239000284600F093FE06B070BD00BFD8090020AB
:1023A00010B58CB004462422002103A803F002FCDF
:1023B0000023019302930F492046FEF70BFAFEF724
:1023C000CFFB602303934FF08043049304230693D1
:1023D000030E8DF8043003148DF8053003128DF8C8
:1023E00006308DF8070001AA03A9034800F08BFD11
:1023F0000CB010BD0050C347D809002010B58CB0F8
:1024000004462422002103A803F0D4FB00230193F7
:10241000029310492046FEF7DDF9FEF7A1FB4FF4C9
:10242000B07303934FF08043049304230693030E89
:102430008DF8043003148DF8053003128DF8063042
:102440008DF8070001AA03A9034800F05CFD0CB059
:1024500010BD00BF00007A44D809002010B58CB030
:1024600004462422002103A803F0A4FB00230193C7
:1024700002934FF4587303934FF080430493042363
:102480000693230E8DF8043023148DF805302312A3
:102490008DF806308DF8074001AA03A9024800F024
:1024A00032FD0CB010BD00BFD809002010B58CB0B3
:1024B00004462422002103A803F07CFB002301939F
:1024C000029310492046FEF785F9FEF749FB4FF4C9
:1024D000187303934FF08043049304230693030E71
:1024E0008DF8043003148DF8053003128DF8063092
:1024F0008DF8070001AA03A9034800F004FD0CB001
:1025000010BD00BF00007A44D809002000B58DB08E
:102510006B4602AA402100F01FFD029B1A0ADBB2A3
:10252000602B03D1092A04D0102A23D00DB05DF806
:1025300004FB9DF800209DF801301B0443EA026370
:102540009DF8022043EA02239DF803201343194A11
:1025500013609DF804109DF8053043EA0123938031
:102560009DF806109DF8073043EA0123D38001232C
:102570001372DBE79DF800309DF8012042EA032248
:102580000D4B1A809DF802109DF8032042EA0122AB
:102590005A809DF804109DF8052042EA01229A8095
:1025A0009DF806109DF8072042EA0122DA800122F8
:1025B0001A72BBE7780B0020840B0020094B002225
:1025C0001A605A6000219960DA601A615A619A6152
:1025D000DA611A6283F82410012283F8252083F837
:1025E00026207047900B002038B5194B1B7ABBB1E1
:1025F000174C2068FEF79AF8164D2861B4F90400CC
:10260000FEF794F81449FEF799F96861B4F90600E9
:10261000FEF78CF81149FEF791F9A86100232372A7
:102620000F4B1B7A9BB10E4CB4F90000FEF77EF8FD
:102630000949FEF783F9074DE861B4F90200FEF796
:1026400075F80549FEF77AF928620023237238BD30
:10265000780B0020900B00200000204100007A44FD
:10266000840B002008B5124B93F8263083B1104B31
:1026700093F8253063B10E4B93F82430032B07D821
:10268000DFE803F002070C11094B1868FFF788FE1A
:1026900008BD074B5868FFF7B1FEF9E7044B98688F
:1026A000FFF7DCFEF4E7024BD868FFF7FFFEEFE729
:1026B000900B002008B5174B93F82430032B18D843
:1026C000DFE803F00215181D124B18601249FEF7DF
:1026D0003DFA10B10F4B104A1A6010490D4B1868A3
:1026E000FEF716FA28B10B4B0C4A1A6001E0094BB1
:1026F000586008BDFEF734FA064B9860F9E7054BC1
:10270000D8600021FEF704FA0028F2D0014B002225
:10271000DA60EEE7900B0020A4707D3FA4707DBFCF
:1027200008B501220249034803F062F908BD00BF61
:10273000B80B0020880A00203E4B93F8843003B980
:10274000704700B583B001AA3B493C4803F0C8FA82
:1027500001280CD10198FEF729FA394B83F824009F
:10276000344B002283F8842003B05DF804FB01AAF7
:102770003449324803F0B4FA012830D001AA324972
:102780002E4803F0ADFA012831D001AA2F492B4879
:1027900003F0A6FA012832D001AA2D49274803F0F8
:1027A0009FFA012833D001AA2A49244803F098FA55
:1027B000012834D001AA2849204803F091FA0128C1
:1027C00031D026491D48FEF79FFB0028C8D11C4B7D
:1027D00000221A605A6000219960DA60C0E7184B45
:1027E000002283F824200198FFF764FFB8E7144B18
:1027F000012283F824200198FFF75CFFB0E7104B1B
:10280000022283F824200198FFF754FFA8E70C4B1D
:10281000032283F824200198FFF74CFFA0E70198DA
:10282000FFF748FF9CE70198FEF7C0F9044B83F8D7
:10283000250095E7B80B0020D0F50008B90B002063
:10284000900B0020D8F50008E0F50008ECF5000832
:10285000F4F5000800F600080CF6000818F6000869
:102860002DE9F043D1B01F4B1C689D691E695F685C
:10287000D3F81480D3F81C9093F824200E92186A91
:10288000FDF742FECDE90C014846FDF73DFECDE9DE
:102890000A014046FDF738FECDE908013846FDF74C
:1028A00033FECDE906013046FDF72EFECDE90401E9
:1028B0002846FDF729FECDE902012046FDF724FE5A
:1028C000CDE90001084A4FF4807110A803F0C4F963
:1028D000642382B210A9054802F0EAFE51B0BDE8B7
:1028E000F08300BF900B002020F60008880A00202B
:1028F00008B5104B1B780A2B0BD00E4AB2F8822079
:102900007E2A11D80B49501CA1F882000A4453704A
:102910000AE0084BB3F882201A44002151700122CA
:1029200083F88420A3F8821001220249024803F0B0
:102930005FF808BDB80B0020880A00200D488546C6
:10294000FFF70CFD0C480D490D4A002302E0D45856
:10295000C4500433C4188C42F9D30A4A0A4C0023E9
:1029600001E013600432A242FBD303F0FFF8FFF74B
:10297000DBFAFEE70000022000000020BC09002076
:10298000B8FC0008BC0900208C0C0020FEE710B544
:10299000032000F031F80F20FFF70EFC10B10124E6
:1029A000204610BD0446FFF731FBF9E7034A1368E0
:1029B000034909680B441360704700BF400C0020B6
:1029C00004000020014B1868704700BF400C002035
:1029D00038B50446FFF7F6FF0546B4F1FF3F02D0D5
:1029E000044B1B681C44FFF7EDFF401BA042FAD3C9
:1029F00038BD00BF04000020074AD36823F4E06319
:102A00001B041B0C000200F4E060034343F0BF63AF
:102A100043F40033D360704700ED00E000B5194B7C
:102A2000DB68C3F30223C3F1070CBCF1040F28BF1A
:102A30004FF0040C03F1040EBEF1060F18D9033B4E
:102A40004FF0FF3E0EFA0CFC21EA0C0199400EFA01
:102A500003F322EA0303194300280BDB0901C9B27F
:102A600000F1604000F5614080F800135DF804FB60
:102A70000023E5E700F00F000901C9B2024B195429
:102A8000F4E700BF00ED00E014ED00E0002807DBF4
:102A900000F01F02400901239340024A42F820300F
:102AA000704700BF00E100E0034690F82520D2B255
:102AB000022A09D00422C2630120012283F82520C2
:102AC000002283F82420704701680A6822F00E0271
:102AD0000A60816C0A6822F480720A6001680A68E0
:102AE00022F001020A60426C02F01F01006C012218
:102AF0008A404260DA6C196D51605A6D42B11168BA
:102B000021F4807111609A6DD96D51600020D4E775
:102B10000020D2E708B590F82530DBB2022B09D0AF
:102B20000423C363012380F82530002280F8242089
:102B3000184608BD0268136823F00E03136002688C
:102B4000136823F001031360826C136823F480730D
:102B50001360436C03F01F02016C012393404B6030
:102B6000C36C026D5A60436D33B11A6822F48072EF
:102B70001A60836DC26D5A60012380F825300023EE
:102B800080F82430836B13B198470020D1E70020F0
:102B9000CFE7000002681D4B9A422AD01C491D4B0A
:102BA0009A4228D00164D2F8803023F4F813D0F888
:102BB00034C043EA0C43C2F8803001F1700343642F
:102BC0000268D2F8803023F07063D0F838C043EA4E
:102BD0000C63C2F8803001F1B003836401F5C47363
:102BE000C36401F51873036501F51E7343650B4655
:102BF00007E00949D3E701F5D461D3E7002243F8A0
:102C0000042B01F554729A42F8D8704700680040CE
:102C100000A40040006C004050A7004070B54C6814
:102C2000ECB90D698C6825430C6845EA8445CC698C
:102C30000E6A44EA06648E6934434E693443CE68B2
:102C400044EA0644406D03EBC30300EBC30E40F8B7
:102C50003350CEF804400EF1080E002019E00C6944
:102C60008D6825430C68254345F08045DFE702EB7E
:102C7000000C9CF803409CF802301B0443EA0463F8
:102C80009CF8014043EA0423145C23434EF8043BC0
:102C90000430CB68024CE35C8342E8D870BD00BFCF
:102CA00048F60008002800F0E38038B5044690F8A4
:102CB0005C30D3B12268936923F010039361FFF76E
:102CC00081FE054623689A6912F0080F12D0FFF7BB
:102CD00079FE401B0A28F5D9236E43F001032366D1
:102CE000032384F85C30012038BD80F85D30FFF7A5
:102CF000A9F9DFE79A6942F001029A61FFF762FEE3
:102D0000054623689A6912F0010F0DD1FFF75AFEAC
:102D1000401B0A28F5D9236E43F0010323660323E1
:102D200084F85C300120DFE79A6942F002029A6180
:102D30002268504B9A4242D0237C012B45D0226816
:102D4000936943F040039361637C012B43D0226875
:102D5000936923F480439361A37C012B41D02268C3
:102D6000936943F4805393612268936923F4407319
:102D7000A1680B4393612268936923F0A4039361D4
:102D80002268136923F010031361E368012B2ED02E
:102D9000002B31D0022B54D02268936943F080037A
:102DA00093612268136943F010031361E368032BF6
:102DB00022D12268936943F0200393611CE062688A
:102DC000A3F58063C3F80025B6E72268936923F072
:102DD00040039361B8E72268936943F480439361A9
:102DE000BAE72268936923F480539361BCE72268B1
:102DF000936943F004039361A3695A1EE369013B9D
:102E00001B0243EA4263226A013A13436269013AB0
:102E1000216843EA0243CB61A368B3F5407F16D033
:102E20002268D2F8C030E16B0B43C2F8C0302046B4
:102E3000FFF7B0FE0020A0652066012384F85C3017
:102E400052E72268936943F020039361D4E7A36AB1
:102E5000013BE26A013A43EA0223226B013A43EA68
:102E60000213626A013A216843EA0243CB60D7E762
:102E7000012070470064004090F85C30013BDBB2F9
:102E8000012B05D9036E43F002030366012070474E
:102E90000B687BB98A68CB68DB0643EA82730A69F0
:102EA00043EA02434A691343026C496842F82130FD
:102EB00000207047CA680B6943EA42724B69D1F837
:102EC00008C043EA8C73406C496800EBC10C40F8C1
:102ED0003120CCF80430EBE790F85C30DBB2012B0A
:102EE00005D0036E43F004030366012070470223FC
:102EF00080F85C300268936923F00103936100233A
:102F000003661846704738B5044690F85C30DBB26B
:102F1000022B1BD10368D3F8C40010F4001F05D0A6
:102F2000236E43F400732366012014E0D3F8C450E9
:102F3000C5F301452B462046FFF770FE22680123AA
:102F4000AB40C2F8CC30A365002004E0036E43F030
:102F500008030366012038BD70B590F85C40E4B208
:102F6000022C40F0A28040290BD00468D4F898507D
:102F700015F00F0F2DD1036E43F48073036601200B
:102F800098E00468D4F8905015F00F0F05D1036E47
:102F900043F48073036601208CE0D4F89050C5F3AD
:102FA000006C15F0807F08D0D4F88050C5F3402C19
:102FB00015F4007F01D04FF0010CD4F89040C4F319
:102FC00001240CEB0405846C05EBC50C04EBCC0C64
:102FD0001AE0D4F89850C5F3006C15F0807F08D043
:102FE000D4F88050C5F3002C15F4807F01D04FF049
:102FF000010CD4F89840C4F301240CEB0405C46C14
:1030000005EBC50C04EBCC0CDCF8004004F080446C
:10301000546074BBDCF80040C4F38A441460DCF8EC
:10302000004004F000549460DCF8004004F00044D8
:103030001461BCF80440D461BCF8064004F00F04ED
:10304000D460DCF8044004F480145461DCF80440DB
:1030500004F4001494619CF8074004F07F041462A7
:10306000DCF80440E40F54620CF1080E4FF0000C41
:103070000BE0DCF8004024F060441460CFE71EF859
:103080000C4003F80C400CF1010C0B4CD668A45D0D
:103090006445F4D8402904D00368C3F89C5000204C
:1030A00008E00368C3F89450F9E7036E43F008039F
:1030B0000366012070BD00BF48F6000890F85C3040
:1030C000013BDBB2012B05D9036E43F0020303661B
:1030D0000120704770B40468A36D11F0070602D098
:1030E00013F0010F23D011F0380F02D013F0020FAC
:1030F0001DD011F4E07F02D013F0040F17D011F4AB
:10310000F05F02D013F0080F11D011F4604F02D01D
:1031100013F0100F0BD011F4403F02D013F0200F2A
:1031200005D011F47C0F06D013F0400F03D1E56DEC
:1031300045F00105E56516B113F0010F23D111F03B
:10314000380F02D013F0020F1DD111F4E07F02D02E
:1031500013F0040F17D111F4F05F02D013F0080F31
:1031600011D111F4604F02D013F0100F0BD111F4F4
:10317000403F02D013F0200F05D111F47C0F07D08F
:1031800013F0400F04D00468E36D43F00203E365DD
:1031900011F0800F05D00468D4F8DC301343C4F874
:1031A000DC3011F4807F05D00468D4F8E0301A4395
:1031B000C4F8E0200268536D19435165002070BCCB
:1031C0007047704770477047704770477047704747
:1031D0007047704770472DE9F84F044603681A6D31
:1031E00002F4E05A5A6D0AEA020A1A6D02F007095F
:1031F0005A6D09EA02091A6D02F038085A6D08EA98
:1032000002081E6D06F471065A6D16401F6D07F414
:1032100060275A6D1740D3F854B01D6D15F0400F5C
:1032200002D01BF0400F41D115F4807F02D01BF477
:10323000807F40D1BAF1000F4AD1B9F1000F4FD1D0
:10324000B8F1000F54D115F4007F02D01BF4007FB9
:1032500056D115F0800F02D01BF0800F58D115F415
:10326000005F02D01BF4005F5ED115F4004F02D066
:103270001BF4004F60D115F4804F0AD01BF4804F2F
:1032800007D023684FF480421A65236E43F0800311
:103290002366002F58D126B123681E65236E1E4376
:1032A0002666236E002B56D1BDE8F88F40221A65A2
:1032B000FFF78EFFB8E72368D3F8D810D3F8E020E3
:1032C0004FF48070186511402046FFF77EFFB1E78C
:1032D0002368C3F850A051462046FFF772FFACE7C1
:1032E0002368C3F8509049462046FEF7D3FCA7E771
:1032F0002368C3F8508041462046FFF763FFA2E7EA
:1033000023684FF400721A652046FFF75CFFA0E7C0
:103310002368D3F8D410D3F8DC208020186511403E
:103320002046FFF751FF9AE723684FF400521A65D1
:103330002046FFF74BFF98E723684FF400421A65D9
:103340002046FFF744FF96E723681F65394620466D
:10335000FFF740FF9FE72046FFF73BFFA4E7000091
:1033600070B582B0002365E085685E000324B44038
:1033700025EA0405CC68B4402C438460446824EA00
:103380000C0C4C68C4F300149C4044EA0C044460E8
:1033900061E0DD08083550F8256003F007044FEAC6
:1033A000840C0F2404FA0CF426EA040E0C6904FAC7
:1033B0000CF444EA0E0440F8254063E0052400E0E4
:1033C000002404FA0EF42C430CF1020C574D45F87E
:1033D0002C40574CA568D44325EA0206D1F804C016
:1033E0001CF4801F01D042EA0506514DAE60ED6825
:1033F00004EA0506D1F804C01CF4001F01D042EA1B
:1034000005064B4DEE606D6804EA0506D1F804C070
:103410001CF4003F01D042EA0506454D6E602D6860
:103420002C404E6816F4803F01D042EA0504404A21
:10343000146001330A6832FA03F474D04FF0010CBF
:103440000CFA03FC1CEA0202F3D04C6804F00304FB
:10345000013C012C88D94C6804F00304032C0CD0E7
:10346000C4685D004FF0030C0CFA05FC24EA0C0C58
:103470008C68AC4044EA0C04C4604C6804F003045B
:10348000022C86D004684FEA430E4FF0030C0CFA6E
:103490000EFC24EA0C0C4C6804F0030404FA0EF44D
:1034A00044EA0C0404604C6814F4403FC1D0214C41
:1034B000256E45F001052566246E04F00104019493
:1034C000019C4FEA930C0CF10205184C54F825505E
:1034D00003F003044FEA840E0F2404FA0EF425EAE5
:1034E0000405B0F1904F3FF46BAF134CA04212D0E3
:1034F00004F58064A04210D004F58064A0420ED090
:1035000004F58064A0420CD004F58064A0423FF42E
:1035100055AF062455E7012453E7022451E703245D
:103520004FE704244DE702B070BD00BF000001402A
:103530000004014000100240000400480AB181610B
:10354000704781627047436901EA030221EA03017F
:1035500041EA024181617047002836D13E4B1B6829
:1035600003F4C063B3F5806F08D03B4AD2F88030D3
:1035700023F48073C2F8803000207047364AD2F8B6
:10358000803023F48073C2F88030136823F4C06362
:1035900043F400731360314B1B68322202FB03F3C8
:1035A0002F4AA2FB03239B0C013300E0013B2A4A74
:1035B000526912F4806F01D0002BF7D1264B5B6962
:1035C00013F4806F44D100207047B0F5007F08D01D
:1035D000214A136823F4C06343F48063136000201E
:1035E00070471D4B1B6803F4C063B3F5806F08D0B0
:1035F000194AD2F8803043F48073C2F8803000203A
:103600007047154AD2F8803043F48073C2F8803096
:10361000136823F4C06343F4007313600F4B1B68FB
:10362000322202FB03F30E4AA2FB03239B0C01335D
:1036300000E0013B084A526912F4806F01D0002B70
:10364000F7D1054B5B6913F4806F03D100207047FD
:1036500003207047032070470070004000000020E6
:1036600083DE1B43024A936843F4804393607047B0
:1036700000700040124BDA6802F00302D868C0F311
:103680000310431C032A11D00E48B0FBF3F00C4B7F
:10369000DB68C3F3062303FB00F0094BDB68C3F3CD
:1036A000416301335B00B0FBF3F070470648B0FBA9
:1036B000F3F0034BDB68C3F3062303FB00F0ECE7F6
:1036C000001002400024F400006CDC02002800F02E
:1036D0004F8270B582B00446036813F0010F37D0F3
:1036E000A44A936803F00C03D26802F003020C2B87
:1036F00023D0082B23D06368B3F5803F4ED0B3F5B9
:10370000A02F51D09B4B1A6822F480321A601A689D
:1037100022F480221A606368002B52D0FFF752F91E
:103720000546944B1B6813F4003F11D1FFF74AF98B
:10373000401B6428F5D9032023E2032AD9D18D4BFD
:103740001B6813F4003F03D06368002B00F0128263
:10375000236813F0020F5DD0864A936803F00C03D0
:10376000D26802F003020C2B3AD0042B3AD0E36863
:10377000002B75D07F4A136843F480731360FFF702
:1037800021F905467B4B1B6813F4806F5FD1FFF76F
:1037900019F9401B0228F5D90320F2E1754A136894
:1037A00043F480331360B6E703F18043A3F53C3361
:1037B0001A6842F480221A601A6842F480321A6051
:1037C000A9E7FFF7FFF805466A4B1B6813F4003FB3
:1037D000BED0FFF7F7F8401B6428F5D90320D0E1ED
:1037E000022AC2D1634B1B6813F4806F03D0E368D5
:1037F000002B00F0C1815F4A536823F0FE4321692A
:1038000043EA016353605C4B1868FEF7D5FC00285F
:1038100040F0B481236813F0080F4CD063699BB368
:10382000544AD2F8943043F00103C2F89430FFF7C1
:10383000C9F805464F4BD3F8943013F0020F3AD134
:10384000FFF7C0F8401B0228F4D9032099E1494A48
:10385000536823F0FE43216943EA01635360D9E7CB
:10386000444A136823F480731360FFF7ABF80546EE
:10387000404B1B6813F4806FCCD0FFF7A3F8401BBC
:103880000228F5D903207CE13A4AD2F8943023F09B
:103890000103C2F89430FFF795F80546354BD3F88D
:1038A000943013F0020F06D0FFF78CF8401B02286B
:1038B000F4D9032065E1236813F0040F00F0818040
:1038C0002C4B9B6D13F0805F36D12A4B9A6D42F0E2
:1038D00080529A659B6D03F080530193019B0125F3
:1038E000264B1B6813F4807F28D0A368012B39D0A6
:1038F000052B45D01F4BD3F8902022F00102C3F8CE
:103900009020D3F8902022F00402C3F89020A368FE
:10391000002B43D0FFF756F80646164BD3F89030ED
:1039200013F0020F4CD1FFF74DF8801B41F28833A2
:103930009842F2D9032024E10025D1E70F4A136809
:1039400043F480731360FFF73DF806460B4B1B688A
:1039500013F4807FC9D1FFF735F8801B0228F5D911
:1039600003200EE1034AD2F8903043F00103C2F87D
:103970009030CCE7001002400800002000700040AA
:10398000884BD3F8902042F00402C3F89020D3F87B
:10399000902042F00102C3F89020B8E7FFF712F838
:1039A0000646804BD3F8903013F0020F08D0FFF793
:1039B00009F8801B41F288339842F2D90320E0E0F5
:1039C000E5B9236813F0200F35D0A369E3B1754A38
:1039D000D2F8983043F00103C2F89830FEF7F2FFB6
:1039E0000546704BD3F8983013F0020F23D1FEF741
:1039F000E9FF401B0228F4D90320C2E0694A936D15
:103A000023F080539365DCE7664AD2F8983023F0C0
:103A10000103C2F89830FEF7D5FF0546614BD3F895
:103A2000983013F0020F06D0FEF7CCFF401B02289F
:103A3000F4D90320A5E0E369002B00F0A180594AE6
:103A4000926802F00C020C2A64D0022B13D0554A63
:103A5000136823F080731360FEF7B4FF0446514BE4
:103A60001B6813F0007F4ED0FEF7ACFF001B02284E
:103A7000F5D9032085E04B4A136823F08073136067
:103A8000FEF7A0FF0546474B1B6813F0007F06D0EA
:103A9000FEF798FF401B0228F5D9032071E0414A48
:103AA000D36841491940236A606A013843EA001328
:103AB000A06A43EA0023206B4008013843EA4053E0
:103AC000606B4008013843EA4063E06A43EAC06340
:103AD0000B43D360136843F080731360D36843F0E3
:103AE0008073D360FEF76EFF04462E4B1B6813F005
:103AF000007F06D1FEF766FF001B0228F5D90320E0
:103B00003FE000203DE0274AD168284B0B40D360BE
:103B1000002036E0012B36D0224BDB6803F0030196
:103B2000226A914231D103F0F002616A0139B2EBAD
:103B3000011F2CD103F4FE42A16AB2EB012F28D160
:103B400003F07842E16AB2EBC16F24D103F4C00103
:103B5000226B5208013AB1EB425F1ED103F0C06301
:103B6000626B5208013AB3EB426F18D1002008E0B3
:103B700001207047012004E0012002E0012000E064
:103B8000002002B070BD0120FBE70120F9E7012011
:103B9000F7E70120F5E70120F3E70120F1E7012035
:103BA000EFE700BF001002400C809F01FCFFEEFE1B
:103BB0001E4B9B6803F00C03042B33D01B4B9B68FC
:103BC00003F00C03082B2FD0184B9B6803F00C0359
:103BD0000C2B01D000207047144BDA6802F003026E
:103BE000D868C0F30310431C032A11D01048B0FB5F
:103BF000F3F00E4BDB68C3F3062303FB00F00B4B23
:103C0000DB68C3F3416301335B00B0FBF3F0704743
:103C10000848B0FBF3F0054BDB68C3F3062303FB56
:103C200000F0ECE70248704702487047001002407D
:103C30000024F400006CDC02002800F0E680F8B5F7
:103C40000C460546744B1B6803F00F038B420BD2E6
:103C5000714A136823F00F030B431360136803F0DA
:103C60000F038B4240F0D3802E6816F001065FD020
:103C70006B68032B2FD0022B4DD0684B1B6813F4BD
:103C8000806F00F0C680FFF793FF654B98424DD9D7
:103C9000624A936823F0F00343F080039360802628
:103CA0005E4A936823F0030369680B439360FEF751
:103CB00089FE0746594B9B6803F00C036A68B3EB17
:103CC000820F35D0FEF77EFEC01B41F2883398424A
:103CD000F0D9032078E0514B1B6813F0007F01D12D
:103CE000012071E0FFF7C6FC4D4B98421AD94B4BAF
:103CF0009B6813F0F00F05D02E6816F00206CFD0A7
:103D0000AB688BB9454A936823F0F00343F0800316
:103D100093608026C4E7414B1B6813F4003FB2D187
:103D2000012051E00026BBE70026B9E70026B7E7EF
:103D30002B6813F0020F48D013F0040F04D0374A59
:103D4000936843F4E06393602B6813F0080F06D088
:103D5000324A936823F47C5343F4E06393602F4A20
:103D6000936823F0F003A9680B4393602A4B1B6808
:103D700003F00F03A34230D82B6813F0040F06D0D2
:103D8000264A936823F4E063E9680B4393602B6849
:103D900013F0080F07D0214A936823F46053296970
:103DA00043EAC1039360FFF703FF1C4B9B68C3F317
:103DB00003131C4AD35C03F01F03D8401A4B18604E
:103DC0001A4B1868FEF7F8F9F8BD802ECED1134AC9
:103DD000936823F0F0039360C8E70F4A136823F059
:103DE0000F0323431360FEF7EDFD06460A4B1B68E5
:103DF00003F00F03A342BFD0FEF7E4FD801B41F2A6
:103E000088339842F2D90320DEE701207047012071
:103E1000DAE70120D8E700BF00200240001002408E
:103E200000B4C404B8F50008000000200800002019
:103E3000014B1868704700BF0000002008B5FFF76D
:103E4000F7FF054B9B68C3F30223044AD35C03F0DE
:103E50001F03D84008BD00BF00100240C8F500088D
:103E600008B5FFF7E5FF054B9B68C3F3C223044A7F
:103E7000D35C03F01F03D84008BD00BF0010024010
:103E8000C8F500080F2303600B4B9A6802F0030289
:103E900042609A6802F0F00282609A6802F4E0627E
:103EA000C2609B68DB0803F4E0630361034B1B689B
:103EB00003F00F030B607047001002400020024027
:103EC000F0B583B00446036813F4002F6ED0354B71
:103ED0009B6D13F0805F1ED1324B9A6D42F0805281
:103EE0009A659B6D03F080530193019B01262E4A36
:103EF000136843F480731360FEF764FD05462A4B94
:103F00001B6813F4807F08D1FEF75CFD401B02287C
:103F1000F5D9032502E00026E9E7002545BB214B42
:103F2000D3F8903013F4407315D0226D9A4212D01A
:103F30001C4AD2F8903023F44073D2F8901041F428
:103F40008031C2F89010D2F8901021F48031C2F87C
:103F50009010C2F8903013F0010F10D145B9114AFA
:103F6000D2F8903023F44073216D0B43C2F89030A7
:103F7000EEB10C4A936D23F08053936517E0FEF782
:103F800021FD0746074BD3F8903013F0020FE5D11F
:103F9000FEF718FDC01B41F288339842F2D9032581
:103FA000DCE700BF001002400070004000252368DD
:103FB00013F0010F08D09F4AD2F8883023F0030392
:103FC00061680B43C2F88830236813F0020F08D0F1
:103FD000984AD2F8883023F00C03A1680B43C2F84A
:103FE0008830236813F0040F08D0924AD2F8883042
:103FF00023F03003E1680B43C2F88830236813F0E4
:10400000080F08D08B4AD2F8883023F0C00321690A
:104010000B43C2F88830236813F0100F08D0854A8C
:10402000D2F8883023F4407361690B43C2F88830BA
:10403000236813F0200F08D07E4AD2F8883023F48A
:104040004063A1690B43C2F88830236813F0400F26
:1040500008D0784AD2F8883023F44053E1690B4302
:10406000C2F88830236813F0800F08D0714AD2F864
:10407000883023F44043216A0B43C2F88830236818
:1040800013F4807F08D06B4AD2F8883023F4403391
:10409000616A0B43C2F88830236813F4003F08D0EC
:1040A000644AD2F89C3023F00303A16A0B43C2F8A0
:1040B0009C30236813F4007F08D05E4AD2F8883021
:1040C00023F44023E16A0B43C2F88830236813F4D9
:1040D000806F0CD0574AD2F8883023F44013216BFC
:1040E0000B43C2F88830236BB3F5801F79D0236867
:1040F00013F4006F0CD04F4AD2F8883023F44003F9
:10410000616B0B43C2F88830636BB3F5800F6DD0E1
:10411000236813F4805F0CD0464AD2F8883023F02D
:104120004073A16B0B43C2F88830A36BB3F1807F5F
:1041300061D0236813F4005F0CD03E4AD2F8883077
:1041400023F04063E16B0B43C2F88830E36BB3F1BB
:10415000006F55D0236813F4804F0CD0354AD2F845
:10416000883023F04063216C0B43C2F88830236C05
:10417000B3F1006F49D0236813F4004F0CD02D4ADF
:10418000D2F8883023F04053616C0B43C2F888307A
:10419000636CB3F1805F3DD0236813F4803F0CD093
:1041A000244AD2F8883023F04043A16C0B43C2F874
:1041B0008830A36CB3F1804F31D0236813F4802F83
:1041C0000CD01C4AD2F89C3023F44013E16C0B4312
:1041D000C2F89C30E36CB3F5001F25D0284603B02D
:1041E000F0BDD36843F48013D36080E7D36843F411
:1041F0008013D3608CE7D36843F48013D36098E7CF
:10420000D36843F48013D360A4E7D36843F48013E6
:10421000D360B0E7D36843F48033D360BCE7D3689E
:1042200043F48033D360C8E7D36843F48013D3608A
:10423000D4E700BF0010024010B4036A046A24F0FF
:1042400001040462846924F0F00C4CEA021223F0A9
:104250000A030B438261036210BC704710B4036A07
:10426000046A24F010040462846924F4704C4CEA5B
:10427000023223F0A00343EA01138261036210BCFF
:104280007047836823F4401323F070030B4343F01B
:10429000070383607047000090F83D30DBB2012BCC
:1042A0003AD1022380F83D300268D36843F001031D
:1042B000D36003681B4A934220D0B3F1804F1DD0D6
:1042C000A2F59432934219D002F58062934215D040
:1042D00002F58062934211D002F5943293420DD0E0
:1042E00002F54062934209D002F58052934205D014
:1042F0001A6842F001021A600020704799680A4A61
:104300000A40062A0AD0B2F5803F09D01A6842F066
:1043100001021A600020704701207047002070479A
:1043200000207047002C01400700010070477047D3
:104330007047704770B505460368DE681C6914F065
:10434000020F10D016F0020F0DD06FF002021A61AA
:104350000123037703689B6913F0030F7CD0FFF7F9
:10436000E6FF00232B7714F0040F12D016F0040F91
:104370000FD02B686FF004021A6102232B772B6891
:104380009B6913F4407F6DD02846FFF7D0FF0023D0
:104390002B7714F0080F12D016F0080F0FD02B68EF
:1043A0006FF008021A6104232B772B68DB6913F086
:1043B000030F5ED02846FFF7BAFF00232B7714F0D7
:1043C000100F12D016F0100F0FD02B686FF01002E4
:1043D0001A6108232B772B68DB6913F4407F4FD0D9
:1043E0002846FFF7A4FF00232B7714F0010F02D01B
:1043F00016F0010F4BD114F4025F02D016F0800FBB
:104400004DD114F4807F02D016F0800F4FD114F0FC
:10441000400F02D016F0400F51D114F0200F02D0FF
:1044200016F0200F53D114F4801F02D016F4801F11
:1044300055D114F4001F02D016F4001F57D114F404
:10444000800F02D016F4800F59D114F4000F02D05F
:1044500016F4000F5BD170BDFFF768FF2846FFF729
:1044600067FF7EE72846FFF761FF2846FFF760FFFA
:104470008DE72846FFF75AFF2846FFF759FF9CE7CC
:104480002846FFF753FF2846FFF752FFABE72B689C
:104490006FF001021A612846FDF710FCABE72B68AC
:1044A0006FF402521A61284600F0EFF9A9E72B6871
:1044B0006FF480721A61284600F0E8F9A7E72B68CC
:1044C0006FF040021A612846FFF733FFA5E72B681B
:1044D0006FF020021A61284600F0D6F9A3E72B6896
:1044E0006FF480121A61284600F0D1F9A1E72B6819
:1044F0006FF400121A61284600F0CAF99FE72B6892
:104500006FF480021A61284600F0C3F99DE72B681A
:104510006FF400021A61284600F0BCF99BE7000026
:1045200003683A4A904216D0B0F1804F13D0A2F5FA
:10453000943290420FD002F5806290420BD002F587
:104540008062904207D002F59432904203D002F587
:10455000E052904203D123F070034A6813432B4A80
:10456000904222D0B0F1804F1FD0A2F594329042F9
:104570001BD002F58062904217D002F58062904213
:1045800013D002F5943290420FD002F5406290426F
:104590000BD002F58062904207D002F58062904213
:1045A00003D002F50062904203D123F44073CA683D
:1045B000134323F080034A69134303608B68C3628B
:1045C0000B688362114B984213D003F50063984245
:1045D0000FD003F5406398420BD003F580639842F7
:1045E00007D003F58063984203D003F50063984237
:1045F00001D10B69036301234361036913F0010FC8
:1046000003D0036923F0010303617047002C0140CC
:1046100060B310B5044690F83D3013B3022384F81C
:104620003D30214651F8040BFFF77AFF012384F84F
:10463000483084F83E3084F83F3084F8403084F8C5
:10464000413084F8423084F8433084F8443084F8B0
:10465000453084F8463084F8473084F83D300020F7
:1046600010BD80F83C30FDF73DFDD7E701207047D5
:1046700010B4846824F47F4C42EA03220A4342EADD
:104680000C02826010BC704790F83C30012B00F0A7
:104690009B8010B50446012380F83C30022380F84B
:1046A0003D3002689068494B034093600B68702B63
:1046B00061D031D8502B78D00CD9602B2AD1CA6860
:1046C00049682068FFF7CAFD60212068FFF7D9FD1F
:1046D000002038E0402B0AD1CA6849682068FFF7FB
:1046E000ABFD40212068FFF7CCFD00202BE067D810
:1046F000202B07D003D9302B04D0012023E00BB1AD
:10470000102B05D119462068FFF7BBFD00201AE0E9
:10471000012018E0012016E0B3F5005F38D00ED973
:104720002B4A9342EED015D92A4A9342EAD010324E
:104730009342E7D0203A9342E4D0012003E0B3F55E
:10474000805F3FD10020012384F83D30002384F8AE
:104750003C3010BD203A9342D4D004D91E4A934233
:10476000D0D00120EFE7B3F5801FCBD0B3F1101FFD
:10477000C8D00120E7E7CB684A6889682068FFF75E
:1047800077FF2268936843F0770393600020DAE7AD
:10479000CB684A6889682068FFF76AFF22689368D7
:1047A00043F4804393600020CDE7CA6849682068DD
:1047B000FFF742FD50212068FFF763FD0020C2E7AC
:1047C0000120C0E70120BEE7022070478800CEFF2D
:1047D00040001000600010003000100090F83C30E5
:1047E000012B4CD030B4012380F83C30022380F8F8
:1047F0003D30026853689468224DAA4207D005F5FF
:104800000065AA4203D005F5E055AA4203D123F47E
:1048100070034D682B4323F0007323F070030D6881
:104820002B4353600368174A93421AD0B3F1804F69
:1048300017D0A2F59432934213D002F580629342CE
:104840000FD002F5806293420BD002F5943293426E
:1048500007D002F54062934203D002F580529342A2
:1048600004D124F080048A6814439C60012380F8FA
:104870003D30002380F83C30184630BC70470220A1
:10488000704700BF002C0140704770477047704769
:10489000704770477047026852E8003F23F49073F6
:1048A00042E800310029F6D1026802F1080353E81A
:1048B000003F23F0805323F00103083242E8003127
:1048C0000029F1D1C36E012B06D02023C0F88C3013
:1048D0000023C36643677047026852E8003F23F035
:1048E000100342E800310029F6D1EEE7704708B521
:1048F000026852E8003F23F0400342E800310029FB
:10490000F6D12023C0F8883000238367FFF7EEFF3D
:1049100008BD704708B5806A0023A0F85E30A0F893
:104920005630FFF7F6FF08BD7047000070B504462B
:104930000168CB6908688D6840F60F021A4008D1FB
:1049400013F0200F05D010F0200F34D115F0805F48
:1049500031D12AB1994A2A4033D1994E304230D1CF
:10496000E26E012A00F0C68013F4801F03D015F414
:10497000800F40F0658113F0800F07D010F0800F9A
:1049800040F0658115F4000F40F0618113F0400F95
:1049900003D010F0400F40F0618113F4000F03D0FA
:1049A00010F0804F40F05E8113F0807F02D000282D
:1049B000C0F25C8170BD636F002BFBD0204698472E
:1049C000F8E713F0010F09D010F4807F06D001261C
:1049D0000E62D4F890103143C4F8901013F0020F17
:1049E0000BD015F0010F08D0216802260E62D4F812
:1049F000901041F00401C4F8901013F0040F0BD094
:104A000015F0010F08D0216804260E62D4F890102A
:104A100041F00201C4F8901013F0080F0BD010F011
:104A2000200F00D13AB1226808211162D4F89020F9
:104A30000A43C4F8902013F4006F0CD010F0806F7C
:104A400009D022684FF400611162D4F8902042F03E
:104A50002002C4F89020D4F89020002AAAD013F0A5
:104A6000200F09D010F0200F02D115F0805F03D085
:104A7000636F0BB120469847D4F8902023689B6859
:104A800013F0400F02D112F0280F2CD02046FFF770
:104A900002FF23689B6813F0400F20D0226802F1C8
:104AA000080353E8003F23F04003083242E8003196
:104AB0000029F3D1D4F880306BB1424A9A63D4F81C
:104AC0008000FEF727F800283FF474AFD4F8800088
:104AD000836B98476EE72046FFF71BFF6AE7204687
:104AE000FFF717FF66E72046FFF713FF0023C4F820
:104AF00090305FE713F0100F3FF436AF10F0100F57
:104B00003FF432AF10230B6223689B6813F0400F11
:104B10005AD0D4F8802013685B689BB2002B3FF416
:104B200049AFB4F85C1099427FF644AFA4F85E3008
:104B300013681B6813F0200F32D1226852E8003F3F
:104B400023F4807342E800310029F6D1226802F193
:104B5000080353E8003F23F00103083242E8003124
:104B60000029F3D1226802F1080353E8003F23F043
:104B70004003083242E800310029F3D12023C4F871
:104B80008C300023E366226852E8003F23F01003D4
:104B900042E800310029F6D1D4F88000FDF784FF07
:104BA00002232367B4F85C10B4F85E309BB2C91AD4
:104BB00089B22046FFF7B8FEFCE600BF01000010F6
:104BC0002001000415490008B4F85C10B4F85E3008
:104BD0009BB2C91A89B2B4F85E309BB2002B3FF485
:104BE000E9AE00293FF4E6AE226852E8003F23F424
:104BF000907342E800300028F6D1226802F10803E1
:104C000053E8003F23F0805323F00103083242E8C9
:104C100000300028F1D12023C4F88C300023E36653
:104C20006367226852E8003F23F0100342E8003037
:104C30000028F6D1022323672046FFF775FEB9E668
:104C40004FF480130B62204600F01EFFB2E6A36F04
:104C5000002B3FF4AFAE20469847ABE62046FFF767
:104C600046FEA7E6204600F011FFA3E6204600F02E
:104C70000CFF9FE608B5B0F86030D0F88C20222AEF
:104C800005D00268936943F00803936108BD026888
:104C9000516ADBB2826D0B401370836D0133836503
:104CA000B0F85E309BB2013B9BB2A0F85E30B0F82A
:104CB0005E309BB2002BE9D1026852E8003F23F43A
:104CC000907342E800310029F6D1026802F108032E
:104CD00053E8003F23F00103083242E80031002985
:104CE000F3D12023C0F88C300023436703670368A7
:104CF000164A93420CD05B6813F4000F08D0026888
:104D000052E8003F23F0806342E800310029F6D1E9
:104D1000C36E012B16D10023C366026852E8003F20
:104D200023F0100342E800310029F6D10368DA6964
:104D300012F0100F01D010221A62B0F85C10FFF7C9
:104D4000F3FDA3E7FCF7AEFFA0E700BF0080004043
:104D500008B5B0F86020D0F88C30222B05D002685E
:104D6000936943F00803936108BD03685B6A816D32
:104D700013400B80836D02338365B0F85E309BB2C5
:104D8000013B9BB2A0F85E30B0F85E309BB2002BC6
:104D9000EAD1026852E8003F23F4907342E8003100
:104DA0000029F6D1026802F1080353E8003F23F01E
:104DB0000103083242E800310029F3D12023C0F872
:104DC0008C300023436703670368164A93420CD074
:104DD0005B6813F4000F08D0026852E8003F23F02C
:104DE000806342E800310029F6D1C36E012B16D151
:104DF0000023C366026852E8003F23F0100342E834
:104E000000310029F6D10368DA6912F0100F01D0E1
:104E100010221A62B0F85C10FFF786FDA4E7FCF7D9
:104E200041FFA1E7008000402DE9F843B0F8606041
:104E30000368DD69D3F80090D3F80880D0F88C209F
:104E4000222A05D09A6942F008029A61BDE8F883E7
:104E50000446B0F8687008E0D4F89030002B4CD1CC
:104E6000B4F85E309BB2002B4ED0002F00F09A8039
:104E700015F0200F00F096802368596AF3B2A26DF6
:104E80000B401370A36D0133A365B4F85E309BB281
:104E9000013B9BB2A4F85E302368DD6915F0070F73
:104EA000DED015F0010F09D019F4807F06D0012261
:104EB0001A62D4F890301343C4F8903015F0020F02
:104EC0000BD018F0010F08D0236802221A62D4F820
:104ED000903043F00403C4F8903015F0040FBBD0B9
:104EE00018F0010FB8D0236804221A62D4F8903069
:104EF00043F00203C4F89030AEE72046FFF709FD07
:104F00000023C4F89030ABE7226852E8003F23F456
:104F1000807342E800310029F6D1226802F10803CB
:104F200053E8003F23F0805323F00103083242E8A6
:104F300000310029F1D12023C4F88C3000236367AD
:104F400023672368294A934203D05B6813F4000F58
:104F500006D1E36E012B0DD02046FCF7A3FE84E7BB
:104F6000226852E8003F23F0806342E800310029C4
:104F7000F6D1EEE70023E366226852E8003F23F013
:104F8000100342E800310029F6D12368DA6912F0F3
:104F9000100F01D010221A62B4F85C102046FFF7FF
:104FA000C3FC62E7B4F85E309BB2002B3FF44EAF17
:104FB000B4F868209A427FF649AF226802F10803EC
:104FC00053E8003F23F08053083242E800310029C3
:104FD000F3D1074B6367226852E8003F43F0200398
:104FE00042E800310029F6D130E700BF00800040E0
:104FF000754C00082DE9F843B0F860600368DD697E
:10500000D3F80090D3F80880D0F88C20222A05D05D
:105010009A6942F008029A61BDE8F8830446B0F844
:10502000687008E0D4F89030002B4BD1B4F85E30B3
:105030009BB2002B4DD0002F00F0998015F0200F6F
:1050400000F0958023685B6AA26D33401380A36DE6
:105050000233A365B4F85E309BB2013B9BB2A4F867
:105060005E302368DD6915F0070FDFD015F0010F02
:1050700009D019F4807F06D001221A62D4F890304A
:105080001343C4F8903015F0020F0BD018F0010F45
:1050900008D0236802221A62D4F8903043F0040347
:1050A000C4F8903015F0040FBCD018F0010FB9D03F
:1050B000236804221A62D4F8903043F00203C4F843
:1050C0009030AFE72046FFF724FC0023C4F890306F
:1050D000ACE7226852E8003F23F4807342E80031D5
:1050E0000029F6D1226802F1080353E8003F23F0BB
:1050F000805323F00103083242E800310029F1D146
:105100002023C4F88C300023636723672368294A6F
:10511000934203D05B6813F4000F06D1E36E012BBA
:105120000DD02046FCF7BEFD85E7226852E8003F1F
:1051300023F0806342E800310029F6D1EEE7002336
:10514000E366226852E8003F23F0100342E8003192
:105150000029F6D12368DA6912F0100F01D010226D
:105160001A62B4F85C102046FFF7DEFB63E7B4F880
:105170005E309BB2002B3FF44FAFB4F868209A42E8
:105180007FF64AAF226802F1080353E8003F23F09C
:105190008053083242E800310029F3D1064B63679F
:1051A000226852E8003F43F0200342E80031002922
:1051B000F6D131E700800040514D000870B504463B
:1051C000016883680269134342691343C269134348
:1051D0000868964A024013430B602268536823F420
:1051E0004053E1680B435360A1692268904B9A4297
:1051F00001D0236A1943936823F06E4323F430638C
:105200000B4393602268D36A23F00F03616A0B4358
:10521000D3622368874A934210D0874A934221D0B1
:10522000864A934237D0864A93425CD0854A93425D
:105230006BD07F4A93427DD010223AE002F558426B
:10524000D2F8882002F00302032A09D8DFE802F02E
:105250000204870601222CE004222AE0082228E02A
:10526000102226E002F5E632D2F8882002F00C0285
:105270000C2A0ED8DFE802F0070D0D0D090D0D0DFB
:10528000750D0D0D0B00002213E0042211E0082221
:105290000FE010220DE002F5E432D2F8882002F08F
:1052A0003002202A5FD01AD8002A5ED0102A5ED1A0
:1052B00004225F498B4276D0E069B0F5004F00F0E0
:1052C000C980082A00F23481DFE812F0F7001901E2
:1052D000F50032011C013201320132011F01302A76
:1052E00047D10822E5E702F5E232D2F8882002F041
:1052F000C002802A3FD004D8FAB3402A3FD104220A
:10530000D7E7C02A3DD10822D3E702F5E032D2F830
:10531000882002F44072B2F5007F34D005D8A2B3E1
:10532000B2F5807F33D10422C3E7B2F5407F30D19C
:105330000822BEE702F5C832D2F8882002F44062A3
:10534000B2F5006F27D005D83AB3B2F5806F26D1F9
:105350000422AEE7B2F5406F23D10822A9E702226A
:10536000A7E70222A5E70222A3E70022A1E7102275
:105370009FE710229DE702229BE7002299E7102277
:1053800097E7102295E7022293E7002291E7102287
:105390008FE710228DE702228BE7002289E7102297
:1053A00087E7102285E7082A00F2B280DFE802F0E2
:1053B00008B03BB038B0B0B005004FF4004004E096
:1053C000FEF73CFD002800F0A580626A1E4B33F812
:1053D0001220B0FBF2F3656805EB4501994200F23B
:1053E0009B80B3EB053F00F299800026334631469F
:1053F000FBF7FCFB090241EA106100026B08C018D0
:105400002A46334641F10001FBF7F0FBA0F540725C
:105410000E4B9A4200F284802368D860304665E0E3
:10542000FEF7C6FBCEE70A48CFE700BFF369FFCF20
:105430000080004000380140004400400048004027
:10544000004C00400050004058F60008FFFC0F00E0
:105450000024F400082A65D8DFE802F00727056475
:105460002A6464640B00354803E0FEF7E7FC00287B
:105470005AD0626A324B33F81230B0FBF3F06268F4
:10548000530803EB4000B0FBF2F0A0F110024FF61E
:10549000EF739A424AD883B223F00F03C0F342005D
:1054A00018432368D860002020E0FEF7D9FCDEE72F
:1054B000FEF77EFBDBE7214803E0FEF7BFFC002898
:1054C00038D0626A1E4B33F81230B0FBF3F06368D9
:1054D00000EB5300B0FBF3F0A0F110024FF6EF73B6
:1054E0009A4229D8236880B2D86000200123A4F80A
:1054F0006A30A4F8683000236367A36770BDFEF7C5
:10550000AFFCDCE7FEF754FBD9E74FF40040D8E7E7
:105510000120EBE70020E9E70120E7E70120E5E7CC
:105520000120E3E70120E1E70020DFE70120DDE7DC
:105530000120DBE70020D9E70120D7E70024F400B1
:1055400058F60008836A13F0080F06D00268536803
:1055500023F40043816B0B435360836A13F0010F04
:1055600006D00268536823F40033C16A0B435360CA
:10557000836A13F0020F06D00268536823F4803365
:10558000016B0B435360836A13F0040F06D002686B
:10559000536823F48023416B0B435360836A13F0F9
:1055A000100F06D00268936823F48053C16B0B433D
:1055B0009360836A13F0200F06D00268936823F487
:1055C0000053016C0B439360836A13F0400F0AD0C1
:1055D0000268536823F48013416C0B435360436C9F
:1055E000B3F5801F0BD0836A13F0800F06D00268DA
:1055F000536823F40023C16C0B4353607047026867
:10560000536823F4C003816C0B435360EBE72DE92F
:10561000F84305460E4617469946DDF820802C686B
:10562000E46936EA04030CBF4FF0010C4FF0000CA4
:10563000BC4536D1B8F1FF3FF1D0FDF7C3F9A0EB7F
:105640000900404530D8B8F1000F2FD02B681A68F8
:1056500012F0040FE3D0802EE1D0402EDFD0DA69C3
:1056600012F0080F11D1DA6912F4006FD7D04FF49D
:1056700000621A622846FFF70EF92023C5F8903021
:10568000002385F8843003200CE008241C6228469F
:10569000FFF701F9C5F89040002385F88430012018
:1056A00000E00020BDE8F8830320FBE70320F9E7D2
:1056B0002DE9F04182B01E46D0F88830202B5AD117
:1056C00004460D469046002959D00AB9012053E0FE
:1056D0000023C0F890302123C0F88830FDF772F91C
:1056E0000746A4F85480A4F85680A368B3F5805FF9
:1056F00002D04FF0000816E0236943B34FF00008D2
:1057000011E02023C4F88830032035E038F8023B4C
:105710002268C3F308039362B4F8562092B2013AA8
:1057200092B2A4F85620B4F856309BB293B10096CA
:105730003B46002280212046FFF769FF0028E0D188
:10574000002DE3D015F8012B23689A62E4E7A84600
:105750000025E8E700963B46002240212046FFF75F
:1057600056FF18B92023C4F8883005E02023C4F878
:105770008830032000E0022002B0BDE8F081012063
:10578000FAE730B583B004460023C0F89030FDF747
:1057900019F905462268126812F0080F10D1236823
:1057A0001B6813F0040F28D12023C4F88830C4F8F4
:1057B0008C300020E066206784F8840003B030BDA0
:1057C0006FF07E430093034600224FF40011204601
:1057D000FFF71DFF0028E2D0226852E8003F23F0C7
:1057E000800342E800310029F6D12023C4F8883034
:1057F000002384F884300320E0E76FF07E430093B9
:105800002B4600224FF480012046FFF700FF0028BE
:10581000CAD0226852E8003F23F4907342E8003176
:105820000029F6D1226802F1080353E8003F23F073
:105830000103083242E800310029F3D12023C4F8E3
:105840008C30002384F884300320B7E778B310B598
:105850000446D0F888300BB32423C4F8883022687B
:10586000136823F001031360A36AE3B92046FFF72E
:10587000A5FC012811D02268536823F4904353609B
:105880002268936823F02A0393602268136843F028
:10589000010313602046FFF774FF10BD80F88430C9
:1058A000FCF73EFCD8E72046FFF74CFEDEE7012080
:1058B0007047000010B48165A0F85C20A0F85E205D
:1058C000002343678368B3F5805F06D0A3B90369FB
:1058D00073B9FF23A0F8603014E0036923B940F2E4
:1058E000FF13A0F860300DE0FF23A0F8603009E05E
:1058F0007F23A0F8603005E0B3F1805F2DD0002356
:10590000A0F860300023C0F890302223C0F88C301B
:10591000016801F1080353E8003F43F00103083137
:1059200041E80034002CF3D1436EB3F1005F1ED088
:105930008368B3F5805F42D0294B43670369002B2E
:1059400043D0026852E8003F43F4907342E80031CC
:105950000029F6D1002010BC704703691BB97F23D2
:10596000A0F86030CEE73F23A0F86030CAE7B0F877
:1059700068309342DCD88368B3F5805F19D0194B47
:105980004367036943B1026852E8003F43F4807300
:1059900042E800310029F6D1026802F1080353E819
:1059A000003F43F08053083242E800310029F3D130
:1059B000D0E70369002BE2D10B4B4367E1E70369B2
:1059C000002BB9D1094B4367B8E7026852E8003FA2
:1059D00043F0200342E800310029F6D1BAE700BFC6
:1059E000754C0008294E0008F54F0008514D00087D
:1059F00038B5D0F88C30202B17D1C1B1CAB10023F3
:105A0000C36603680C4CA3420CD05B6813F4000F10
:105A100008D0046854E8003F43F0806344E8003550
:105A2000002DF6D1FFF746FF00E0022038BD01202F
:105A3000FCE70120FAE700BF00800040436E2BB96D
:105A40000123A0F86A30A0F86830704730B40368CA
:105A50009A68C2F342629968490F094D6B5CDB009A
:105A6000084C615C93FBF1F3A0F86A30AB5CDB009F
:105A7000A25C93FBF2F3A0F8683030BC704700BF23
:105A800078F6000870F6000870477047704790F885
:105A90008430012B18D0012380F884302423C0F8EF
:105AA000883003681A68196821F00101196022F032
:105AB00000520023436601680A602022C0F8882053
:105AC00080F88430184670470220704738B590F847
:105AD0008430012B1DD00446012380F88430242318
:105AE000C0F8883003681D681A6822F001021A6045
:105AF0000268936823F0604319439160FFF79EFFAB
:105B000023681D602023C4F88830002084F88400B6
:105B100038BD0220FCE738B590F88430012B1DD049
:105B20000446012380F884302423C0F888300368B9
:105B30001D681A6822F001021A600268936823F057
:105B4000606319439160FFF779FF23681D6020238C
:105B5000C4F88830002084F8840038BD0220FCE7B7
:105B6000014B1868704700BF0C00002070B50D4E47
:105B70000D4D761BB61006D0002455F8043B0134B9
:105B80009847A642F9D1094E094D761B09F008FD48
:105B9000B61006D0002455F8043B01349847A642BD
:105BA000F9D170BDACFC0008ACFC0008B4FC0008E6
:105BB000ACFC0008830730B548D0541E002A3FD003
:105BC000CAB2034601E0013C3AD303F8012B9D071A
:105BD000F9D1032C2DD9CDB245EA05250F2C45EA84
:105BE000054536D9A4F1100222F00F0C03F1200E66
:105BF000E6444FEA121C03F1100242E9045542E95F
:105C0000025510327245F8D10CF1010214F00C0F5C
:105C100003EB021204F00F0C13D0ACF1040323F0D9
:105C200003030433134442F8045B9342FBD10CF0AA
:105C300003042CB1CAB21C4403F8012B9C42FBD1D3
:105C400030BD64461346002CF4D1F9E703461446F0
:105C5000BFE71A46A446E0E70CB410B51F4B002975
:105C60001C689CB035DB4FF40273ADF81430029021
:105C700006901FAB18D001394FF6FF7204910791BF
:105C8000ADF8162002A91E9A0193204600F09AF85A
:105C9000421C01DA8B232360029B00221A701CB085
:105CA000BDE8104002B070474FF6FF7204910791B3
:105CB000ADF8162002A91E9A0193204600F082F842
:105CC000431C01DA8B2323601CB0BDE8104002B0F6
:105CD00070478B2323604FF0FF30F5E70C00002066
:105CE0000EB430B59CB01FAC4FF4017254F8045B95
:105CF000ADF8142002900690FBF782FA039007900B
:105D00000A480B490A9100234FF6FF7C0E93139328
:105D10002A46234602A90068ADF816C0019401F096
:105D20006FFD1CB0BDE8304003B070470C00002090
:105D3000595D000810B50C46B1F90E1005F0D2FA05
:105D4000002803DB236D0344236510BDA38923F4DE
:105D50008053A38110BD00BF002070472DE9F041A2
:105D60000C46B1F90C101F46CB05054616460BD460
:105D700021F48051A1813B46B4F90E1032462846E9
:105D8000BDE8F04103F0C2B8B4F90E1002230022BE
:105D900004F074FAB4F90C10EAE700BF10B50C4631
:105DA000B1F90E1004F06AFAA389421C0EBF23F465
:105DB000805343F480532065A38110BDB1F90E10C8
:105DC00003F0CAB82DE9F04FD5B00C460C919146BE
:105DD0000E930A9004F046FA036817931846FBF7EF
:105DE0000FFAA3891690190603D52369002B00F03A
:105DF0008B8700242BAB4D46CDE92944CDE91944CE
:105E0000CDE91B44129428939846189400230894D3
:105E10000024CDE914342B78002B00F0DD81AA4654
:105E200004E01AF8013F002B00F01681252BF8D171
:105E3000BAEB050640F014819AF80030002B00F010
:105E4000CB8100234FF0FF329AF801608DF8833048
:105E500009930AF1010A07921F462B244FF02009EB
:105E60000AF1010AA6F120035A2B00F22D81DFE886
:105E700013F0BA022B012B01B5022B012B012B01D0
:105E80006A002B012B014F02E3022B015A02C902C7
:105E90002B01C4025B005B005B005B005B005B00EE
:105EA0005B005B005B002B012B012B012B012B0105
:105EB0002B012B01BF012B011A028600BF01BF017C
:105EC000BF012B012B012B012B01B0022B012B0158
:105ED000C3002B012B012B0124022B015F022B019C
:105EE0002B013C072B012B012B012B012B012B013B
:105EF0002B012B01BF012B011A028800BF01BF013A
:105F0000BF01A302880081002B0196022B018202AF
:105F1000C500700281002B0124027E0039072B018D
:105F20002B0119072B017E00A6F1300300221AF87D
:105F3000016B02EB820203EB4202A6F13003092B54
:105F4000F5D909928EE7DDF828B0584604F08AF9B1
:105F500043681B931846FBF753F91C9006465846B6
:105F600004F080F983681993002E40F07A869AF83D
:105F7000006075E79AF8006047F0200770E747F087
:105F80001007BA060E9B40F18081073323F0070308
:105F90001A465B6852F8084B0E929946002BC0F2E5
:105FA0005F85079B013301F01F8054EA090327F046
:105FB000800B00F0E3840A2C79F1000380F08187E4
:105FC000303401238DF84F415F460B930DF24F158E
:105FD00007990B989DF8832081424FF00003B8BFCA
:105FE00001460D9306910F9313931093002A7CD0D2
:105FF000069B0133069378E047F0100717F020095D
:1060000000F034810E9B073323F00703D3F804908C
:1060100053F8084B0E9327F4806B002300228DF871
:106020008320079A511C00F00D8254EA09012BF0DD
:10603000800740F00682002A41F01080002B40F0DB
:10604000A2841BF001030B9300F0378530238DF8F9
:106050004F310DF24F15BBE7BAEB050600F0BC80DF
:106060002A9B33442A93299B0133072BC8E9005606
:10607000299305DC08F10808089B33440893DBE604
:106080000C990A9828AA06F087FE80B90DF1AC0891
:10609000F2E70C990A9828AA06F07EFE002800F084
:1060A0008C800D9B1BB10D990A9803F0C1FF0C9BCE
:1060B0009B8913F0400F089B18BF4FF0FF330893E4
:1060C000089855B0BDE8F08F002E00F085800022C2
:1060D0008DF8EC608DF88320012306930D920B93CD
:1060E00007920F92139210923BAD17F0020302D069
:1060F00006990231069117F0840B07D10999069889
:10610000A1EB0009B9F1000F00F315832A9C8AB1B5
:10611000299A0DF1830101320134C8F80010072AD1
:106120004FF001012A942992C8F8041000F3468325
:1061300008F1080883B1299B21AA01330234C8F869
:106140000020072B4FF002022A942993C8F804205C
:1061500000F3488308F10808BBF1800F00F00E82BD
:10616000079B0B9AA3EB020BBBF1000F00F34F82CE
:10617000FB0500F1A5810B9BC8F804301C44299B4A
:10618000C8F800500133072B2A94299300F3C782E3
:1061900008F108087B0705D5099B069A9D1A002D72
:1061A00000F32C83DDE9083206998A42ACBF9B18C4
:1061B0005B180893002C7FF46CAF002329930D9B90
:1061C0001BB10D990A9803F033FF0DF1AC08554649
:1061D0002B78002B7FF423AE2A9B002B3FF467AF74
:1061E0000C9C0A9828AA214606F0D6FDA38960E7F0
:1061F0000E9B073323F00702F2E80234CDE9143492
:10620000DDE9143424F000440E92994618462146E4
:10621000A74B4FF0FF32FBF7E7FB002840F062840A
:10622000A34B484621464FF0FF32FBF7BFFB002847
:1062300040F05884DDE9140100220023FBF7ACFB99
:10624000002840F0AD879DF883209A4D9A4B27F0A7
:1062500080070321472EC8BF1D4600230D930691DA
:106260000B9107930F9313931093BFE617F010034E
:1062700040F02E8417F0400200F054870E9A52F836
:10628000044B0E929946A4B2C5E653F8044B0E9304
:10629000FB0600F118847D0640F1128444F3C039F6
:1062A0004B4624B27AE60E9B002253F8041B8DF86D
:1062B00083208DF8EC100E930EE70E9C079B54F88C
:1062C000045B4FF000098DF88390002D00F0D58617
:1062D0005A1C00F052851A4649462846FBF700F83A
:1062E0000D90002801F057800D9BCDF81C905B1B92
:1062F0000B930E9423EAE3739DF883200693CDF865
:106300003490CDF83C90CDF84C90CDF840906DE6AF
:106310000E9B53F8042B0992002A80F2C983099A34
:106320000E93524209929AF8006047F0040797E5ED
:1063300047F0100B1BF0200900F081830E9B073300
:1063400023F00703D3F8049053F8084B0E9301236E
:1063500064E60E9B53F8044B0E93302378268DF899
:106360008430564B189347F0020B8DF885604FF040
:106370000009022352E6BD0600F18284FC0600F10A
:106380007386780600F13C87B90540F16D860E9B57
:10639000089953F8042B0E931170554618E79AF894
:1063A00000606C2E03BF9AF8016047F020070AF1E5
:1063B000010A47F0100753E59AF80060682E03BF02
:1063C0009AF8016047F400770AF1010A47F04007A4
:1063D00046E59AF8006047F0080741E59AF8006042
:1063E00047F001073CE59DF88330002B7FF4BFADFB
:1063F0009AF800608DF8839032E59AF8006047F0D3
:1064000080072DE5524612F8016B2A2E01F0CD814E
:10641000A6F13003092B924698BF002201F2888032
:106420001AF8016B02EB820203EB4202A6F1300381
:10643000092BF5D9079215E59AF800608DF883408D
:106440000EE5BB46012B3FF4B6AD022B54AD12D185
:10645000189A04F00F032409D35C05F8013D44EABF
:1064600009744FEA191954EA0903F2D154AB5B1BC2
:106470005F460B93ACE504F00703E40844EA497473
:106480004FEAD909303354EA09012A4605F8013D9B
:10649000F1D11BF0010FE9D0302BE7D03023023AC5
:1064A00005F8013C54AB9B1A5F460B9315468FE5EC
:1064B000FFFFEF7F84F6000888F6000894F60008D6
:1064C000652E40F3E680DDE9140100220023FBF78E
:1064D00059FA002800F0CD81299BBF4AC8F8002056
:1064E000013301340122072B2A942993C8F8042090
:1064F00000F37D8508F10808229B129A934280F2EE
:10650000D382169B179A1C44C8E90023299B2A941E
:106510000133072B299300F3EB8308F10808129B42
:106520005D1E002D7FF736AE102D299BDFF8AC9253
:1065300040F36E8549462246B946DDF828B00C9CEA
:1065400010260F4605E008F10808103D102D40F315
:106550005B8501331032072BC8E90076CDE929327B
:10656000F1DD28AA2146584606F016FC00287FF4E3
:1065700098ADDDE929320DF1AC08E6E7099B069AF2
:10658000A3EB020BBBF1000F7FF7EAADBBF1100FDD
:10659000299ADFF848922CDD1D9621464E460C9C28
:1065A000DDF82890102306E0ABF1100BBBF1100FC3
:1065B00008F108081ADD01321031072AC8E9006322
:1065C000CDE92921F0DD28AA214648460DF1AC0885
:1065D00006F0E2FB00287FF464ADABF1100BBBF1D9
:1065E000100FDDE929214FF01003E4DCB1461D9EB8
:1065F0000C4601325C44072ACDE92924C8F80090F2
:10660000C8F804B000F31D8508F10808A8E5BBF13F
:10661000100F299ADFF8C4912DDD41462046A84687
:106620004C460C9DDDF82890102306E0ABF1100BD2
:10663000BBF1100F01F1080119DD01321030072AFA
:10664000C1E90043CDE92920F0DD28AA29464846C2
:1066500006F0A2FB00287FF424ADABF1100BBBF1D8
:10666000100FDDE929202BA94FF01003E5DC45468A
:10667000A1468846044601325C44072ACDE9292414
:10668000C8F80090C8F804B000F3CC8108F10808FD
:106690006EE5129B012B40F37C81299EC8F80050C7
:1066A000013601340123072E2A942996C8F80430B4
:1066B00000F3E08108F10808169B179A01361C4484
:1066C000072EC8E90023CDE9296400F3E08108F131
:1066D0000808DDE9140100220023FBF753F9002824
:1066E00040F07481129B0136013B01351C44072E9A
:1066F000C8F800502996C8F804302A9400F359814C
:1067000008F108081A9BC8F8043001361C44072E0B
:1067100024ABCDE92964C8F800307FF739AD0C9976
:106720000A9828AA06F038FB00287FF4BAAC2A9C05
:106730000DF1AC082EE5B9F1100FDDE929212BDDB3
:10674000CDE91D3B1F96DDF828B04E461024A94622
:106750000C9D04E0103E102E08F1080817DD0132F0
:106760001F4B1031072AC8E90034CDE92921F1DD9A
:1067700028AA294658460DF1AC0806F00DFB002862
:106780007FF48FAC103E102EDDE92921E7DCDDE936
:106790001D3B4D46B1461F9EC8F80490013209EBDF
:1067A0000104072A0E49C8F80010CDE9292400F396
:1067B000FF839DF8832008F10808A8E40C990A9843
:1067C0001D9328AA06F0E8FA00287FF46AAC2A9CF8
:1067D0001D9B0DF1AC08ADE4C4F60008D8F6000826
:1067E000C8F600080C990A9828AA06F0D5FA0028DD
:1067F0007FF457AC2A9C0DF1AC08ADE4102D299B19
:1068000021DD0A9FDDF83090102604E0103D102DA8
:1068100008F1080817DD0133B04A1034072BC8E926
:106820000026CDE92934F1DD28AA494638460DF184
:10683000AC0806F0B1FA00287FF433AC103D102DFF
:10684000DDE92934E7DC0133A44AC8F804502C44BC
:10685000072BCDE92934C8F800207FF7A3AC0C99A9
:106860000A9828AA06F098FA00287FF41AAC2A9C05
:1068700098E42299002940F36683DDF84090129B4A
:106880009945A8BF9946B9F1000F0BDD299B01334B
:106890004C44072BC8E900592A94299300F32F850B
:1068A00008F10808109EB9F1000FA8BFA6EB090671
:1068B000002E00F33882DDF840B07805AB4400F1DB
:1068C0006682229B129A934202DBF90740F18E8482
:1068D000169A17991444C8E90012299A2A94013289
:1068E000072A299200F3188508F10808129AAE18B1
:1068F000A6EB0B06D51AAE42A8BF2E46002E0DDD24
:10690000299BC8F800B001333444072BC8F8046051
:106910002A94299300F31A8608F10808002EA8BFCC
:10692000AD1B002D7FF736AC102D299BDFF8B09101
:1069300040F36E8349462246B946DDF828B00C9CE8
:1069400010260F4605E008F10808103D102D40F311
:106950005B8301331032072BC8E90076CDE9293279
:10696000F1DD28AA2146584606F016FA00287FF4E1
:1069700098ABDDE929320DF1AC08E6E7079B002B67
:106980007FF41EAB5F46002307930B9354ADFFF7D4
:106990001FBBFA073FF581AE299EC8F800500136AB
:1069A00001340123072E2A942996C8F804307FF772
:1069B000A7AE0C990A9828AA06F0EEF900287FF4F1
:1069C00070ABDDE929640DF1AC089BE6129B5D1EFE
:1069D000002D7FF797AE102DDFF8049140F39683DA
:1069E000224607970A9C0C9F4FF0100B05E008F118
:1069F0000808103D102D40F3878301361032072E12
:106A0000C8E9009BCDE92962F1DD28AA3946204674
:106A100006F0C2F900287FF444ABDDE929620DF1EC
:106A2000AC08E6E70C990A9828AA06F0B5F9002800
:106A30007FF437AB2A9C0DF1AC08FFF799BB1BF034
:106A4000100340F028811BF0400200F079830E9A79
:106A500052F8044B0E929946A4B20123FFF7DEBA16
:106A60002D2364428DF8833069EB4909BB4601232D
:106A7000FFF7D7BA0C990A9828AA06F08DF90028D2
:106A80007FF40FABDDE929640DF1AC0814E60C9935
:106A90000A9828AA06F080F900287FF402ABDDE905
:106AA00029640DF1AC0814E6FD077FF573AB28E50A
:106AB0009AF800600E93FFF7D3B954ADFFF788BA88
:106AC000B80500F1A6834FEAE4794B46FFF766BAB2
:106AD0000E9B53F8044B0E93FFF79DBAC8F60008BF
:106AE000D8F60008DDE9140102460B46FAF77CFFF0
:106AF000002840F00F86612E00F04585412E00F001
:106B00006D84079B013326F02003069300F0A983D0
:106B1000472B00F08885DDE9141247F480730F934A
:106B20001346002BC0F292850B9300231D938B46D6
:106B30000D93069B462B00F0FD83452B00F044850A
:106B40000799019126A9049123A9039122A90291F1
:106B500002210B9B0A9800915A4602F0A1FA069B6B
:106B6000472B054640F0318617F0010FB9460F9FBD
:106B700040F0FC84269B5B1B1293069B472B00F086
:106B80008283069B462B00F01284229B1093109B5D
:106B9000069A013B412A229300F0AD85F2B2002112
:106BA000002BB8BF109B8DF89020BABFC3F1010332
:106BB0002D222B22092B8DF8912040F38D850DF18C
:106BC0009F04B64F2246104687FB0321DA17C2EB1B
:106BD000A10202EB8201A3EB4101303100F8011C5C
:106BE00019466329134600F1FF32ECDC3033D9B289
:106BF000831E9C4202F8011C40F2F18513460DF100
:106C0000920201E013F8011B02F8011B9C42F9D12A
:106C10000DF1A1030DF192021B1A134424AA9B1A31
:106C20001A93129B1A9A012B1A440B9240F39E85D9
:106C30000B9B169A13440B930B9A002329F480673D
:106C400022EAE27247F480770F930692139310932F
:106C50001D9B002B40F03F839DF883200793FFF797
:106C6000C5B9199B002B3FF482A9199B1B78002BF7
:106C70003FF47DA99AF8006047F48067FFF7F0B809
:106C80000E9B089853F8041B0E93C217C1E900022B
:106C90005546FFF79DBA0E9B53F8044B0E93012304
:106CA000FFF7BCB97E4B189317F0200900F0EC8079
:106CB0000E9B073323F00703D3F8049053F8084BD7
:106CC0000E93F80709D554EA090306D030238DF84E
:106CD000856047F002078DF8843027F4806B02232B
:106CE000FFF79CB9BB46FFF725BB6E4B1893DBE75C
:106CF0000C990A9828AA06F04FF800287FF4D1A929
:106D00002A9C0DF1AC080AE40A98402103F0DCFA51
:106D10000C9B18601861002800F065850C9A4023D0
:106D20005361FFF766B8102E299BDFF87C9140F382
:106D30002982484642462146A846B9460A9C0C9DEF
:106D40004FF0100B074604E00832103E102E40F3BF
:106D5000138201331031072BC2E9007BCDE92931C1
:106D6000F2DD28AA2946204606F016F800287FF40E
:106D700098A9DDE929312BAAE7E72846CDF81C9030
:106D80000E94FAF73DFA03460B90FFF7B3BA129B45
:106D9000CDF82CA04246DDF84C801097EB180793F5
:106DA0005E46199FDDF87090DDF828A0DDF830B060
:106DB0000F9B13952146B8F1000F2FD0002B30D137
:106DC000013F08F1FF381B9BC2E90039299B0133C1
:106DD0004944072B2A91299368DC0832079B3878AD
:106DE0009B1B8342A8BF0346002B1C460BDD299842
:106DF000013019440728C2E900632A91299000F361
:106E0000148138780832002CACBF051B0546002DD4
:106E10000BDC06440F9BB8F1000FCFD1002B00F024
:106E200023820F9B013B0F93CDE7102D29981DDD89
:106E3000102404E0103D102D02F1080216DD01308F
:106E4000194B10310728C2E90034CDE92901F1DDE1
:106E500028AA5946504605F09FFF00287FF421A933
:106E6000103D102DDDE929012BAAE8DC01300E4B85
:106E7000556029440728CDE92901136000F33282C7
:106E8000387808320644C5E717F0100300F0A180F7
:106E90000E9B53F8044B0E9313E700BF67666666BC
:106EA00094F60008A8F60008D8F6000828AA594663
:106EB000504605F071FF00287FF4F3A82A992BAA09
:106EC0008CE70BF4806300220696CDF82CA0CDF859
:106ED000348054AFDDF864809A4616460CE00023F7
:106EE000204649460A22F9F781FE0A2C79F100036F
:106EF0001BD3044689462F4620460A2200234946D2
:106F0000F9F774FE30327D1E013607F8012CBAF114
:106F1000000FE4D098F800309E42E0D1FF2EDED082
:106F20000A2C79F1000380F0408154AB5B1BDDF843
:106F30002CA0CDF864801296DDF83480069E0B9369
:106F40005F46FFF745B8299BBC4AC8F800200133CB
:106F500001340122072B2A942993C8F8042000F356
:106F6000388108F10808002940F09780129A07F04C
:106F7000010313433FF40EA9169B17991A19C8E988
:106F80000013299B2A920133072B299300F3478191
:106F900008F108081299C8F8005001338C18072B23
:106FA000CDE92934C8F804107FF7F2A8FFF7B7BB82
:106FB0000C990A981D9328AA05F0EEFE00287FF48C
:106FC00070A89DF883202A9C1D9B0DF1AC08FFF74B
:106FD0009EB817F0400200F0C2800E9A52F8044B9F
:106FE0000E929946A4B26CE6BB46FEF7E4BF0C993C
:106FF0000A9828AA05F0D0FE00287FF452A82A9CFF
:107000000DF1AC08FFF778BA14463A464F46914660
:1070100001332C44072BC8F80090C8F80450CDE980
:1070200029347FF7B5A8FFF77ABB28AA59465046FE
:1070300005F0B2FE00287FF434A838782A992BAAEC
:10704000E1E60C990A9828AA05F0A6FE00287FF42C
:1070500028A82A9C0DF1AC08FFF782B8012BBB468B
:107060007FF4F3A9FEF7ACBF0E9B089953F8042BED
:10707000554611600E93FFF7ABB8062B294628BF83
:10708000062307950D952A4606936D4D0E940B9396
:107090000F9113911091FEF7A9BF169B17981A191B
:1070A000C8E90003299B2A920133072B299300F397
:1070B000B68008F108080029BFF66CAF4E421031C7
:1070C000DFF8809180F297824146DDF828B0A8462B
:1070D00010240C9D04E00831103E102E40F38982EC
:1070E00001331032072BC1E90094CDE92932F2DDDA
:1070F00028AA2946584605F04FFE00287EF4D1AF55
:10710000DDE929322BA9E7E7079F144601362C4415
:10711000072ECDE92964C8F80090C8F804507FF71D
:10712000EFAA46E40E9B17F4007914BF53F8044B02
:1071300053F8044B0E931CBF9146E4B2FEF76BBFAD
:107140000E9B1BF4007914BF53F8044B53F8044B07
:107150000E931CBF9146E4B20123FEF75FBF0E9B66
:1071600017F4007914BF53F8044B53F8044B0E93F3
:107170001CBF9146E4B2A4E5454690463A460C460B
:107180004F46914601333444072BCDE92934C8F8E2
:107190000090C8F8046057DC08F10808FFF78BBBC3
:1071A0002D228DF88320FFF750B81C9B1B99ED1AF8
:1071B0001A46284604F058FB98F801300BB108F144
:1071C0000108204649460A2200230026F9F70EFD51
:1071D0008FE60C990A9828AA05F0DEFD00287EF4B7
:1071E00060AF22992A9C0DF1AC08BCE6129AAE1849
:1071F000A6EB0B06D51AAE42A8BF2E46FFF78EBBF4
:107200000E9B089953F8042B0E9311805546FEF7F8
:10721000DFBF44F3C0194B4664B2FEF7BFBE0C9902
:107220000A9828AA05F0B8FD00287EF43AAFDDE9F7
:10723000293222990DF1AC083DE700BFC4F60008E1
:10724000BCF60008D8F600080C990A9828AA05F0A0
:10725000A3FD00287EF425AF2A9C0DF1AC08FFF7B2
:107260002ABB0623079356E4DDE91235EB189E424C
:107270001997B346DDF82CA0109F90460C4628BF06
:107280009B46FFF71EBB229B1093DA1C02DB079A7A
:10729000934204DD023E26F02003069377E4109B20
:1072A000129A9342C0F2488119F0010F00F0118246
:1072B000169A13440B9319F4806F03D0109B002B84
:1072C00000F3C7810B9B23EAE37306936726002331
:1072D0000F931393BCE42D2200238DF88320079392
:1072E000FEF786BE28AA5946504605F055FD0028EF
:1072F0007EF4D7AE38782A992BAA06448AE50C99F1
:107300000A9828AA05F048FD00287EF4CAAE2A9CF7
:107310000DF1AC08FFF7C6BA0C990A9828AA05F037
:107320003BFD00287EF4BDAE229B2A9C0DF1AC08EB
:10733000FFF7DCBA0799019126A9049123A90391CB
:1073400022A9029103210B9B0A9800915A4601F051
:10735000A7FE0378302B054600F0F181229B079AA7
:10736000B94613440F9FEC180B995846002200238E
:10737000FAF708FB10B12346FFF7FDBB269BA3429B
:10738000BFF4F9AB30215A1C26921970269B9C42FF
:10739000F9D8FFF7F0BB079B9DF883200E94069366
:1073A0000B9307900F9013901090FEF71FBE229A38
:1073B0001092002A40F3E081079909F001030B4382
:1073C00040F0B781109B0B93662619F4806F40F054
:1073D00041810B9B23EAE373069378E730238DF812
:1073E000843058238DF88530079B632B47F00204C7
:1073F00000F3BF8000230D933BADDDE9141247F489
:1074000081730F931346002B2746C0F285800B93A0
:1074100026F02003069300238B461D93612E00F077
:107420004081412E7FF485AB22AA0B99584604F087
:1074300067F900224FF07F53FAF73CF802460B46FB
:10744000CDE9102300220023FAF79CFA08B10123AA
:107450002293AC4B0B93079BCDE912A6CDE91E7886
:10746000DDF82CA0DDE9106703F1FF39AB4610957C
:1074700006E00022002309F1FF39FAF783FAE8B9A0
:10748000A14B002230463946FAF714F80F4606465B
:10749000FAF7C0FA0446F9F725F80B4602463946D2
:1074A0003046F8F7D1FE1AF80430B9F1FF3FD8465C
:1074B0004D460BF8013B06460F46DAD130463946B9
:1074C000924BDDF848A0139ECDF848800022A946D3
:1074D000DDF87C80109D1E9FCDE91001FAF77AFA45
:1074E000002855D1DDE91001884B0022FAF74AFA4D
:1074F00008B1E1074CD44B46002B06DB01335B445B
:1075000030220BF8012B5B45FBD1ABEB0503B946F1
:1075100012930F9FFFF731BB26F020030693DDE99E
:1075200014349B4604F100430B932D231D9375E700
:1075300000230793FEF796BC129B169A9A18109B8D
:107540000B92002B40F3098167263EE70C990A98BD
:1075500028AA05F021FC00287EF4A3AD229D129BF1
:107560002A9C5D1B0DF1AC08FFF7D8B9079BEC18FE
:10757000FAE60A98591C02F0A7FE0546002800F01A
:1075800026810D9039E730238DF88430782329E760
:10759000129B26930B9B1BF8012CD97B8A425B46DE
:1075A00009D1302003F8010C269B5A1E269213F8AD
:1075B000012C9142F6D0392A0BBF0B9A0132927AF4
:1075C000D2B203F8012CA0E707990B9B0A984C1C38
:1075D00026A9049123A9039122A9029102215A46C6
:1075E0000194009101F05CFD0546B9462C440F9FC3
:1075F000BAE64546884601333244072BCDE92932A5
:10760000C8F80090C8F804607FF7C2AC0C990A98DB
:1076100028AA05F0C1FB00287EF443ADDDE929323C
:107620000DF1AC08B6E4079B002B08BF01230793BC
:1076300047F480730F93159B002BC0F2B180DDF8E7
:1076400050B00D900B931D90FFF77ABA00230D9365
:1076500065E7672619990B78FF2B00F0B2800024AC
:10766000109A204603E001300131FF2B08D09342ED
:1076700006DAD21A4B78002BF5D10B780134F4E7F7
:107680001991109213900F940F9A139B1C99134405
:107690000B9A01FB03230B9323EAE3730693FFF793
:1076A000D7BA22AA0B99584604F02AF800224FF0C4
:1076B0007F53F9F7FFFE02460B46CDE91023002267
:1076C0000023FAF75FF908B101232293104B0B93C3
:1076D000C1E6109B0B93EEE5002963D130228DF8B3
:1076E00092200DF19302303302F8013B24ABD31A00
:1076F0001A93FFF796BA06F10F02D2B20121FFF7F3
:107700004FBA00BFA8F60008000030400000E03F7C
:1077100094F60008159B384D002BB4BF2D229DF820
:107720008320364BB8BF8DF8832027F08007FEF703
:1077300090BD169BD31819440B91662645E60B990C
:10774000584600220023FAF71DF900287FF406AE00
:10775000079BC3F10103229301E6C3F101031A441D
:1077600022EAE2730B9206936726B0E519F0010F47
:107770003FF462AAFFF75CBA079A09F0010959EAD7
:10778000020304D10123069366260B939FE5169B03
:1077900001331A4422EAE2730B920693662696E5B9
:1077A0000D90BCE60DF192029DE70E9B9AF80160E8
:1077B000924653F8042B0E9342EAE2720792FEF7C8
:1077C0004FBB00230F9313935EE7079C0DE70C99C3
:1077D0008B8943F0400213468A81FEF76ABC02237C
:1077E0001A93FFF71EBA0A9A0C2313604FF0FF3367
:1077F0000893FEF765BC00BF8CF6000890F6000801
:107800002DE9F04FADF5317D8A46B1F90C1002AF8C
:10781000814688047B6209D4DAF8643041F400516F
:1078200023F40053AAF80C10CAF86430134613F876
:10783000012BFB637A64002A01F0C7800023C7F89C
:107840003890FB617B63BB613B623B639946824B33
:1078500013F8028018F0080840F08180252A61D1D1
:10786000F86B027845464446A2F12503411C552B8E
:1078700064D8DFE813F05600630063006300630020
:10788000830563006300630063006300D200D200DD
:10789000D200D200D200D200D200D200D200D20058
:1078A0006300630063006300630063006300DD0046
:1078B000630013052505DD00DD00DD0063006300C6
:1078C00063006300A904630063001B056300630099
:1078D00063000D056300630063006300B20463008E
:1078E00063002F0563006300630063006300DD0035
:1078F000630015052705DD00DD00DD00640570056A
:10790000A90463003905450553051D05800563007D
:1079100063000F05A504780563006300B2046300EB
:10792000A504F963DAF80430002B48DDDAF80030FA
:10793000FA6B197812F8012C914235D07B6B43B168
:107940007B6BD3F80080B8F1000F02D0404602F004
:10795000B3FC386B07F52F77BD46BDE8F08FDAF83A
:107960000420BC6B0FE0DAF800303B491A788A5CDF
:10797000110703F101030ED5DAF80420013ACAE930
:10798000003209F10109002AEDDC5146204605F0DC
:10799000BFFA0028E7D0FB6B13F8012BFB637A6476
:1079A000002A7FF454AFC9E70133CAF80030DAF88F
:1079B0000430013B09F10109CAF80430EBE7B86B68
:1079C000514605F0A5FA0028B0D03B6B1BB1BAF8C0
:1079D0000C305A06B2D57B6B002B01F0CA807B6B52
:1079E000DE88002E00F08D877B6BD3F800800024AA
:1079F000A8F10405A14655F8043F186802F05CFCA4
:107A000001342B68B442C3F80090F4D14FF0FF3337
:107A10003B63B8F1000F99D19BE715F08F0F8DD123
:107A200004EB840402EB4404303C427808461BE734
:107A3000F9630426DAF80430002B40F3DC836B068C
:107A400040F1E383731E032B01F2EA80DFE813F0B9
:107A500007025A01A600060015F70008B86B02F0ED
:107A600001FC0368BB60631EB3F5AE7F40F2BF85C7
:107A70006FF4AE72A3183B6040F25D14002307F56B
:107A8000AC72514645F4F0657A617B60FB601E463E
:107A90003B6193469A4608680278A2F12B0CBCF130
:107AA0004E0F50D8DFE81CF018034F0018034F00AA
:107AB0004F007D037400740074007400740074003F
:107AC0007400740074004F004F004F004F004F00CF
:107AD0004F004F001E037200720072007A0304030D
:107AE0004F004F00AA024F004F004F004F006203AB
:107AF0004F0044034F004F004F003D034F004F0025
:107B00004F00290311034F004F004F004F004F005B
:107B10004F004F001E037200720072007A030403CC
:107B20004F004F00AA024F004F004F004F0062036A
:107B30004F0044034F004F004F003D034F004F00E4
:107B40004F0029031103BB6893F800C0944514D17A
:107B5000AB0512D525F42075C7F810A00BF8012B42
:107B6000013C4A68013A002A09F101094A6040F3E0
:107B70001D8401300860002C8DD1334656468A465C
:107B8000002E00F04C8225F4807548E22B05F4D5D8
:107B900016EB080FF1D125F4C075DFE7631EB3F5CE
:107BA000AE7F84BF6FF4AE7204EB020B07F5AC73CB
:107BB00098BF4FF0000B4FF000087B611E46C7F8DE
:107BC00028B05346D7F820B0CA4688BF40F25D14AB
:107BD000C14645F458659846D8F800201078A0F1C1
:107BE0002B034D2B63D8DFE813F038036200380312
:107BF00062006200D103FD01FD01FD01FD01FD01F7
:107C0000FD01FD013E033E0362006200620062006E
:107C10006200620062004E004E004E004E004E00B8
:107C20004E00620062006200620062006200620058
:107C30006200620062006200620062006200620034
:107C4000620062004603620062006200620062003D
:107C50006200620062004E004E004E004E004E0078
:107C60004E00620062006200620062006200620018
:107C700062006200620062006200620062006200F4
:107C8000620062004603BBF10A0F10DD25F438657F
:107C900006F8010BD8F80430013B002BC8F804307B
:107CA00040F391830132C8F80020013C94D143464F
:107CB000E905C846C7F820B0D1469A4607D57B6982
:107CC0009E4200F2B9857B699E423FF437AE15F0C3
:107CD000100240F08A833B6A7969B86BFC693270A4
:107CE000A047AA0600F177832B0700F153856C07A4
:107CF00040F1C186D7F824B05BF8043BC7F824B044
:107D000018806FE3002C08BF4FF0FF3415F0010618
:107D100000F0FB8315F01003BB6240F0A18529063B
:107D200040F13B86D7F824B05BF8046B002E3FF49B
:107D300005AE802002F0B8FA804600283FF44BAE32
:107D40007A6B3060D58893889D4280F00D851068ED
:107D50007B6B40F825600135DD802023C7F824B017
:107D6000C7F810807B61DAF80030A14A1B78D35C39
:107D700013F0080358D19B4602F06EFA58453FF4C1
:107D800024AEDAE9003213F8011B013ACAE90032E5
:107D9000BB6907F5AC70032B00F80B1007F1500519
:107DA0000BF1010B02D12B68042B04D00822002117
:107DB0002846FDF7FFFE07F5AC72B86B00955B46F1
:107DC000414602F031FD421CB8613FF4FEAD00288F
:107DD00040F0A985C8F8000002F030FA002840F011
:107DE000B686D944013CBB6A002B40F0728608F18C
:107DF0000408002E00F06D863B69A8EB03057B6943
:107E0000B3EBA50F40F2BA86D7F828B0DAF8043001
:107E1000002B40F36286DAF80030754A1B78D35C99
:107E20001D0701D4002CA7D1BB6A002B7FF4B3AD92
:107E3000C8F80030002E00F037813B697A69A8EB62
:107E400003018B1001339A4240F22E8130680431D5
:107E500003F05EFA002800F02781306024E1002C56
:107E600008BF4FF0FF34E80740F1DE8215F0100341
:107E70003B6140F032852906D7F824B040F1838574
:107E80005BF8043BFB60002B3FF458AD802002F010
:107E90000BFA054600283FF49EADFB687A6B18602C
:107EA000B2F806809388984580F04A841068FB6891
:107EB0007A6B40F8283008F10103D3802023C7F8FB
:107EC00024B0BD607B60C7F82890A146BC6900263D
:107ED00007F5AC7BA84602F0BFF9B0423FF475ADA0
:107EE000DAE9003213F8011B0BF80610013A032CF3
:107EF000CAE9003206F1010607F1480502D12B68F4
:107F0000042B04D0082200212846FDF753FE5A46D0
:107F1000B86B00953346414602F086FC421C04468D
:107F20003FF453AD002840F0F383C8F80000B86177
:107F300007F150030822002118467B61FDF73AFE45
:107F40002C49B86BD1F8E010D7E90532B961D7F800
:107F500018C007F14001E047012800F052840022D8
:107F600007F158039B5C002B00F0A085BB6A032C33
:107F70003344BB6200F0498409F1FF393B695BB9C6
:107F8000FB6808F104083BB1BB68A8EB03057B68FC
:107F9000B3EBA50F40F23F84DAF80430002B4FF02A
:107FA000000640F3BD83B9F1000F94D1D7F82890B3
:107FB000BC6145463B69002B7FF4EDAC2B60FB6850
:107FC000002B71D0BB687A68E91A8B1001339A4292
:107FD0006AD9FC680431206803F09AF9002863D05C
:107FE000206061E0044B25F4386533F91BB04FE69F
:107FF00015F700083C040020F0F60008B8F1000F67
:1080000040F0FF81BAF1000F40F0EC8205F4E06C23
:10801000BCF5E06F00F01B85334656468A46013BAF
:10802000012B40F2848508F1FF33062B40F2E382F6
:10803000EA0513D56B0500F1B3851BF8011C652912
:108040000BF1FF3309F1FF3402D0452940F01C83C6
:10805000B86B5246A1469B4604F01AFF15F0100279
:108060007FF499AC05F4C063B3F5806F8BF8002002
:1080700000F0EB83FB68002B40F09D8300227969C0
:10808000B86B04F0BDFBEE0702460B46C7E90A23B6
:10809000D7F824B040F1E1825BF8043B0A46014680
:1080A000C3E90012C7F824B03B6B01333B6372E4B1
:1080B0002B0503D516EB080F3FF46DADB8F1020F99
:1080C0007FF45BAD4FF0030848E5B8F1070F7FF48C
:1080D00054AD4FF0080841E52B067FF54EAD25F075
:1080E00080053BE52B0503D516EB080F3FF453AD98
:1080F000012E7FF442AD022630E505F4186CBCF584
:10810000807F7FF43AADBAF1010F7FF436AD4FF0C6
:10811000300C0BF801CB45F40065013C4FF0000A30
:108120001CE5B8F1060F7FF428AD4FF0070815E500
:108130002B057FF522AD05F4A06CBCF5806F06D051
:108140006B057FF51AADBAF1000F3FF465AFAB05D3
:1081500005D43B69C7F804B0AAEB0303FB6025F420
:10816000786545F4C0754FF0000AF7E4002E40F042
:108170004281BAF1000F05D105F4E06CBCF5E06F67
:1081800000F07484B8F1010F03D0B8F1040F7FF44C
:10819000F4AC08F101085FFA88F8DFE42B05CAD5D2
:1081A000F6E4EB057FF5F4AC3B6825F080050AF1B9
:1081B000010A002B3FF4D4AC3B68013B3B60D0E4A8
:1081C0002A077FF4BBAB30E42E077FF4B7AB4278CD
:1081D00045F002050846FFF747BB45F400758E4B96
:1081E000FB6110233B62DAF80430F963002B4FF097
:1081F00003063FF724ACB86B514604F089FE002813
:108200007FF4E3AB6B063FF51DACDAF80020834941
:108210001378CB5C18077FF515ACD7F838B007E0BA
:10822000CAF800207D491378CB5C19077FF50AACAA
:10823000DAF80430013B002B09F10109CAF80430D7
:1082400002F10102ECDC5146584604F061FE0028C0
:108250007FF4BBABDAF80020E4E72B067FF527AD0F
:1082600025F0800514E56E4B33F91BB0BBF1080F08
:108270003FF70CAD1BE505F4C063B3F5007F7FF459
:1082800016AD25F4007545F4A0654FF0100BFFE422
:1082900045F00105F9630226FFF7CCBB45F0010567
:1082A00045F04005F9630026FFF7C4BB45F0010522
:1082B000594BFB610823F9633B620326FFF7BABB06
:1082C00045F00105574BFB610A23F9633B62032626
:1082D000FFF7B0BB07F1580003F05CFA45F040052A
:1082E000F8630126FFF7A6BB2A077FF427AB427885
:1082F0006C2A00F0008345F001050846FFF7B4BA88
:1083000015F08F037FF41AAB7A6B002A00F02183FB
:10831000427845F080050846FFF7A6BAEB0600F163
:10832000B0812E0740F14383D7F824B0F9635BF89E
:10833000043BC7F824B083F80090FFF72CBB2B0751
:108340007FF4FCAA4278682A00F0CF8245F0040549
:108350000846FFF789BA334BFB610023F9633B62A0
:108360000326FFF767BB2C4BFB610A23F9633B62D3
:108370000326FFF75FBB45F4087530E72C437FF415
:10838000DDAA427810250846FFF76EBA2B057FF567
:108390007FACBBF1000F03D145F400754FF0080B23
:1083A000690540F14F8125F4B06571E4B86BB9629D
:1083B00004F0AEFDB96A00287FF4DFAB002C7FF437
:1083C0006AABFFF7DABBB86B414604F0A1FD0028A9
:1083D0003FF46BAC6BE4D7F824B05BF8043B186057
:1083E000C7F824B03B6B01333B637B69F61AB0449A
:1083F000C144FFF7D0BA022E7FF4C4AE0326FFF7C4
:10840000ADBBB8F1030F3FF4C4AEB8F1050F3FF4B4
:10841000C0AEFFF7B2BB00BFF9CB000815F70008EC
:10842000F0F600082DC90008E80600F1238215F0D7
:108430008005D7F824B000F0A1825BF8045BBD6230
:10844000002D3FF47BAA202001F02EFF06460028D5
:108450003FF4C1AA7A6B28609388D5889D4280F04A
:1084600041811068BB6A40F825307B6BC7F824B0A7
:108470000135DD802025DAF8002007F1580B13784C
:108480001BF80330002B3FF459AAB046C7F81490EC
:10849000D946AB463546BE6ADAF804000138CAF858
:1084A0000400501CCAF800004146107801F8010B86
:1084B00026B1A1EB0508D84580F007818846013C2C
:1084C0000BD0DAF80410002940F38A81DAF8002092
:1084D000117819F801100029DED1D7F8149046461A
:1084E000A8465D46B6EB08083FF428AA002333707F
:1084F000BB6A23B108F101018D4200F2AE823B6BF1
:108500000133C1443B63FFF746BAE80600F16882D5
:1085100015F0800500F00082D7F824B05BF8046BFA
:10852000BE62002E3FF40AAA202001F0BDFE0546DF
:1085300000283FF450AA7A6B30609388D6889E4218
:1085400080F0AD801068BB6A40F826307B6BC7F8BE
:1085500024B00136DE804FF0200BDAF80030BE493F
:108560001A788A5C160700F1838122462E462C4633
:1085700019461546DAF804204B1C013ACAF80420C3
:10858000CAF80030A0460B7808F8013BBB6A23B15B
:10859000A8EB06045C4580F0E281013D0CD0DAF8DE
:1085A0000420002A444640F31382DAF80010AA4B54
:1085B0000A789A5C1007DDD5A8EB06018944454688
:1085C000013100232B70BB6A002B3FF46DAD8B454E
:1085D0007FF66AAD18681C4602F09AFE00287FF408
:1085E000FFAC61E5334656468A46FFF7CCBA002316
:1085F0003B60FFF743BAB8F1020F40F2E982B8F1ED
:10860000030F3FF415ADA8F104085FFA88F86FEA8C
:1086100008045346BD62BD6BC2465C44B0461E466C
:108620001BF8011D3246284604F032FC5C45F7D1A8
:1086300033464646D0469A4609F1FF33BD6AA3EB5E
:108640000809F5E4BB6A25F4607513B1013BBB6210
:10865000013409F10109FFF71DBBAC0700F1A2804D
:10866000D7E90A235BF8044BF9F7BEF9002840F07C
:10867000A782D7E90A01F9F715FAC7F824B02060F4
:1086800012E5F963FFF787B9B86B524604F000FCB6
:10869000A9F102041BF8021CABF10203D8E44FF667
:1086A000F67293423FF69BA908331FFA83F87B6B5F
:1086B0004FEA8801186802F02BFE00283FF48FA9CA
:1086C0007B6BA3F8048018603DE74FEA4B0B28460C
:1086D000594602F01DFE054600283FF47CA980445F
:1086E0003060ECE64FF6F67293423FF678A9083315
:1086F0001FFA83F87B6B4FEA8801186802F008FEC6
:1087000000283FF46CA97B6BA3F804801860A9E6ED
:10871000831C40F07682DAF80430002B3FF7DBABA5
:10872000B86B514604F0F4FB00283FF43CACD7F89A
:108730002890BC614546002E3FF43CACFFF745B99C
:108740004FF6F67293423FF64AA908339EB27B6B0E
:10875000B100186802F0DCFD00283FF440A97B6BF3
:108760009E801860FFF7A3BB4FF6F67293423FF668
:1087700036A97A6B08339BB210687B62990002F0CD
:10878000C7FD00283FF42BA97A6B7B6A93801060A9
:10879000FFF7DEBAD7F824B05BF8043BC7F824B083
:1087A00018701FE6D7E90A125BF8043BC3E9001210
:1087B000C7F824B078E4786801460A23013183467B
:1087C000B86B04F0B3F8FB68C21A07F2AB239B4501
:1087D00028BF07F2AA2B2149584603F025F84DE49B
:1087E000B86B514604F094FB00283FF46FAE464648
:1087F000A8464645D7F814905D467FF473AEFFF760
:10880000E4B897F84020FFF7ABBB2B68042B7FF44C
:10881000B3ABFFF7B3BBB868D9001E4602F078FDD2
:10882000B86000283FF4D7A8FA68730000EB050889
:1088300010607B60FFF7B0BB16F8011CB86B5246A6
:10884000013E04F025FBFFF73EBA3B69B342A3EBC0
:108850000602BAD112E400BF15F70008E8F60008D6
:10886000002607F14403C7E904669846FFF77BBA80
:108870000121A6E6DAF8003007F1580B1A781BF848
:108880000220002A3FF45AA80133CAF80030DAF86F
:108890000430012C03F1FF33CAF804301AD0BD6B49
:1088A00010E0DAF800301A781BF8022001338AB1A0
:1088B000CAF80030DAF804300136013BB442CAF895
:1088C000043007D0002BECDC5146284604F020FB96
:1088D0000028E6D0B144FFF75EB80023C7E90133B2
:1088E000FB6007F14405FFF7EEBA827845F0080512
:1088F0000230FEF7B9BF827845F002050230FEF77C
:10890000B3BFD3F800804FF0FF333B63B8F1000FE3
:108910007FF41CA8FFF71DB87E6AAB4656F8045BCF
:10892000C7E9096B19E6BB6902333FF46FAAD8F8AF
:10893000000001F083FC002840F00981BB69032B93
:10894000D9447FF44FAA2B68042B7FF44BAAFFF77E
:108950004ABA82B0CDE9023302AB7B63D8E44FEA76
:108960004B0B3046594602F0D3FC064600283FF434
:1089700032A8BB6A00EB040818600EE65BF8046BD3
:10898000C7E909B577E53B695BF8045B7B60C7E93C
:108990000233C7F824B0FFF796BAD7E9096356F84F
:1089A000048B7E627B613B611E46FFF7DCB96C077E
:1089B00040F1A080D7F824B0F9635BF8043BC7F816
:1089C00024B0A3F80090FEF7E6BF3A63FEF7C1BFFC
:1089D000B86B514604F09CFA00283FF4E6ADEBE595
:1089E000DAF800308B491A788A5C11073FF572AFCC
:1089F0000133CAF80030DAF80430012C03F1FF33F8
:108A0000CAF8043000F0F980BD6B012614E0DAF8F2
:108A1000003080491A788A5C120703F101033FF5A0
:108A200059AFCAF80030DAF804300136013BB442DD
:108A3000CAF804303FF44EAF002BE8DC514628461C
:108A400004F066FA0028E2D0B144FEF7A4BF25F492
:108A5000F0654FF00108FFF781B818681C4602F076
:108A600057FC00283FF44BAD206048E525F4F06545
:108A70000126FFF773B815F001027FF4ACACA9072B
:108A80007FF5A9AC644BF969B86B99423B6A796987
:108A900000F0AF8004F010F80B46D7F824B05BF874
:108AA000041BC7F824B0C1E900039BE4D7F8289061
:108AB000BC614546002E3FF47DAABC6B013E524688
:108AC0001BF80610204604F0E3F9002EF6D1FFF75C
:108AD00071BA4FF0000BFFF799B9B86B514604F02B
:108AE00017FA00283FF497A9BBF1000F7EF46DAF91
:108AF000FFF79AB9E8070FD4AA070DD5D7F824B025
:108B0000F9635BF8043BC7F824B04FEAE972C3F895
:108B100000905A60FEF73FBFD7F824B0F9635BF8C6
:108B2000043BC3F80090C7F824B0FEF734BF7C695B
:108B3000D7F83890A3457EF601AF1BF8011D5246C9
:108B4000484604F0A5F9A345F7D1FEF7F7BEBBF1FF
:108B5000000F3FF469A9BD6B5C46013C07F5AC739F
:108B60005246195D284604F093F9002CF5D1FFF721
:108B70005BB94FF0FF333B63FEF7EBBE3869D900BA
:108B800002F0C6FB386100283EF425AF7B69D7F8B8
:108B900028B030605B0000EB05087B61FFF736B959
:108BA0007C69D7F83890A3457EF6C8AE1BF8011D46
:108BB0005246484604F06CF9A345F7D1FEF7BEBE15
:108BC0001648C7F824B002F02BFE2060FFF76CBAFD
:108BD0007B69D7F838909B457EF6B0AE1BF8011D37
:108BE0005246484604F054F97B699B45F6D1FEF79E
:108BF000A5BE04F0CFF80B464FE72646B144FEF77A
:108C0000CABED8F80030BB6101337FF491A9BA69BC
:108C1000FFF7A6B915F70008F9CB0008BCFA000861
:108C2000012C38BF012415F0010300F0978015F0E6
:108C300010037B6140F0D9802A06D7F824B040F1B8
:108C4000DB805BF8043BBB62002B3EF477AE8020F8
:108C500001F02AFB064600283EF4BDAEBB6A7A6BE3
:108C60001860B2F8068093889845C0F0F5804FF6FA
:108C7000F67293423EF6B3AE08339DB27B6BA90009
:108C8000186802F045FB00283EF4A9AE7B6B9D807E
:108C90001860BB6A40F828307B6BC7F824B008F135
:108CA0000108A3F80680B3464FF02008002501F024
:108CB000D3FAA8423EF489AEDAE9003213F8011B78
:108CC000013ACAE90032BA6907F5AC70032A415586
:108CD00005F1010307F1500502D12A68042A06D0E4
:108CE000082200212846BB61FCF764FFBB69B86B12
:108CF000009507F5AC7231463B6101F095FD431CD0
:108D0000B8613EF462AE3B69002840F0B5807A69F4
:108D100002B932609944013C7B6943B9BB6A2BB10B
:108D2000A6EB0B05B8EBA50F40F2D8800436DAF8B5
:108D30000430002B4FF0000540F3A780002CB6D183
:108D4000BB6A2BB1A6EB0B01B8EBA10F00F2D580EB
:108D50007B69002B7EF41FAEFFF7A6B9EE0654D454
:108D60002D066AD57E6A56F8045B002D3EF4E6AD0A
:108D7000204601F099FA804600283EF42CAE7A6B2A
:108D80002860B2F806B093889B4573D34FF6F6720D
:108D900093423EF624AE7A6B08339BB21068BB62F6
:108DA000990002F0B5FA00283EF419AE7A6BBB6A5E
:108DB000938010607B6B40F82B500BF1010BA3F8F4
:108DC00006B04146B86BCDF800A02346012204F05E
:108DD000BDF88046002864D084426DD83B6B7E622B
:108DE0000133C1443B63FEF7D6BD4FF00008C346D4
:108DF000C7F82880464659E77B695BF8046BC7F8DB
:108E000024B098469B46BB6250E71D46DAF8043012
:108E10009C4223DDDAF80020B86B1A44CAF800201F
:108E200051461D44E41A04F073F80028EED0002DDA
:108E30003EF4CBADA944FEF7AEBD7E6AB86B316897
:108E4000CDF800A02346012204F080F880460028D7
:108E50003EF4BBAD0436C1E710681AE71B1BCAF825
:108E60000430DAF8003025441C44CAF80040A94414
:108E7000FEF791BD10689DE7BA69023224D1DAF895
:108E80000420002A1D463FF712AFB86B514604F08C
:108E90003FF800283FF452AF002D3FF451AFFEF7EA
:108EA00094BD3B6B002B3EF49AADBAF80C305B06D8
:108EB0007EF546ADFEF793BD2868414602F028FADC
:108EC00000288BD0286089E79944BB69032B7FF485
:108ED00022AF2B68042B7FF41EAF1DE758464FEAE4
:108EE000C80102F015FA834600283EF474ADBB6A4F
:108EF000461918604FEA480818E7BC6A206802F073
:108F000007FA00283FF424AF206021E738B50C466B
:108F1000084D8446114620461A4600232B606446BD
:108F2000F9F7DEF9431C00D038BD2B68002BFBD0CD
:108F3000236038BD880C0020024B13B1024800F0BA
:108F400005B8704700000000659F00080023014637
:108F50001A46184604F09EB838B5074D002204465C
:108F600008462A60F9F7CAF9431C00D038BD2B68BF
:108F7000002BFBD0236038BD880C00202DE9F04F7A
:108F800003690C69A34283B0C0F28680013C01F101
:108F90001405A30000F11408009355F8243058F884
:108FA000242001338A469A4208EB8401814605EB6E
:108FB00084070191B2FBF3F638D30023AE46404656
:108FC0009B465EF8041B02681FFA81FC06FB0C330B
:108FD000090C4FEA134C06FB01CC99B2ABEB010133
:108FE0001FFA8CF311FA82F1C3EB124202EB214219
:108FF00089B241EA0241774540F8041B4FEA1C431D
:109000004FEA224BDDD2009B58F8033073B9019B25
:10901000043B984504D307E0984504F1FF3403D29C
:1090200053F80429002AF7D0C9F8104051464846A1
:1090300001F01AFF00282BDB01364046002355F8CB
:10904000041BD0F800C08AB29A1A0B0C12FA8CF2E8
:10905000C3EB1C4303EB224392B242EA0342AF420A
:1090600040F8042B4FEA2343E9D258F8242008EBB8
:1090700084036AB9043B984504D307E0984504F19A
:10908000FF3403D253F80429002AF7D0C9F810405E
:10909000304603B0BDE8F08F002003B0BDE8F08F8C
:1090A0002DE9F04F016C99B090469946CDE90489BD
:1090B000259D044641B1426C4A60012393408B6078
:1090C00001F01CFC00232364B9F1000AB4BF0123A2
:1090D00000232B60764BBCBF2AF0004ACDF814A0C9
:1090E00033EA0A0300F0AA80DDE90423104619469A
:1090F00000220023CDE90A01F8F744FC074670B1CD
:10910000249A01231360269B002B00F0E482694817
:109110001860431E0393039819B0BDE8F08F16AB97
:10912000019317AB00932046DDE90A2301F0ECFF21
:109130005FEA1A56054640F09780DDE916763E4410
:1091400006F23240202840F3B583C0F140000AFA0D
:1091500000FA06F2124028FA00F04AEA0000F7F797
:10916000B1F90123013EA1F1F8710F93524B002296
:10917000F7F76AF848A3D3E90023F8F79BF948A367
:10918000D3E90023F7F762F8804630468946F7F7BF
:10919000A9F945A3D3E90023F8F78CF902460B4659
:1091A00040464946F7F752F880468946F8F732FCC0
:1091B00000228346002340464946F8F7EDFB00288D
:1091C00040F07C82BBF1160F00F26B823B4B03EB4D
:1091D000CB03D3E90023DDE90A01F8F7DDFB002822
:1091E00072D00023BE1B0E93731E0BF1FF3B069340
:1091F00000F15E8200230993BBF1000F6BDA099B3B
:10920000CDF81CB0A3EB0B030993CBF100030D9336
:10921000229B092B4FF0000B66D8052B40F34883A7
:10922000043B22930026229B023B032B00F268861C
:10923000DFE813F05C04590450043304249A42F22A
:109240000F73CAF3130A13605AEA08031AD1269B54
:10925000002B00F064861A4B03930833269A039878
:10926000136019B0BDE8F08FDDE90A12C2F31303F1
:10927000084643F07F510F97A6F2FF36169F41F440
:10928000401173E7269B002B40F0EA830D4B0393BC
:1092900041E700BFAFF3008061436F63A787D23F10
:1092A000B3C8608B288AC63FFB799F501344D33FD5
:1092B0000000F07FC5F600080000F83F78F90008CC
:1092C0001CF8000818F80008BE1B731E069300F176
:1092D00085840E900990069B5B44CDE9063B0023F4
:1092E0000D93229B092B98D90023CDE92233012627
:1092F0004FF0FF330C960893089B12930021616492
:10930000204601F0D5FA0390002800F00186039B67
:109310002364089B0E2B00F21381002E00F01081B5
:109320000799002940F35C84AE4B01F00F0203EB78
:10933000C2034FEA2118C905D3E9006740F114843C
:10934000A94BDDE90A01D3E90823F8F7DDF9CDE9F6
:10935000100108F00F084FF0030AB8F1000F13D006
:10936000DFF8849218F0010F09D030463946D9E968
:109370000023F8F79FF80AF1010A06460F465FEA54
:10938000680809F10809EDD1DDE9100132463B46D4
:10939000F8F7BAF9804689460E9B43B1934B0022F9
:1093A00040464946F8F7F8FA002840F03085504624
:1093B000F7F798F842464B46F8F77CF88C4B0022BA
:1093C000F6F744FFA1F15073CDE910011193089B0A
:1093D000002B00F09780079B1493089B13930C9B22
:1093E000002B00F0A584139A7E4B8249039E03EB69
:1093F000C20353E902230020F8F786F9DDE91023C0
:10940000F6F722FFCDE9100149464046F8F702FB86
:109410000746F7F767F802460B4640464946F6F717
:1094200013FF3037DDE9102306F8017B80468946BB
:10943000F8F7B2FA002840F02985CDF854B000279B
:10944000DDE910AB1095139D13942AE00137AF426C
:1094500080F22C85684B504659460022F8F72AF8CE
:10946000654B002282468B4640464946F8F722F873
:1094700089468046F8F7CEFA0446F7F733F80246F5
:109480000B4640464946F6F7DFFE303406F8014BFE
:1094900052465B4680468946F8F77EFA002840F03F
:1094A000F38442464B4651490020F6F7CDFE524622
:1094B0005B46F8F771FA0028C8D0DDE91343109D28
:1094C000039A079302E0964200F0C884B24616F869
:1094D000013D392BF7D00133DBB23370079B0133E9
:1094E0000793C8E15046F6F7FDFF42464B46F7F7B3
:1094F000E1FF3F4B0022F6F7A9FEA1F15073CDE941
:10950000100111933D4B404649460022F6F79CFE60
:10951000DDE910894B46424606460F46F8F75AFAEF
:109520008146002840F0AA84DDE91001024601F1DD
:10953000004330463946F8F72FFA002840F04583BB
:10954000179B002BC0F28C80079A0E2A00F38880AC
:10955000244B03EBC203D3E900AB239B002B1BDAA4
:10956000089B002B18DC40F02E83244B0022504631
:109570005946F7F79FFF02460B46DDE90A01F8F767
:1095800015FADDF820904E46002800F0C782239B94
:10959000DDF80C80DF43C9E2DDE90A7852465B461C
:1095A00038464146F8F7B0F8F8F734FA81460990A2
:1095B000F6F798FF52465B46F7F77CFF039E0B4693
:1095C000024641463846F6F73FFE09F1300306F8F9
:1095D000013B089B012B00F05C8306940127049556
:1095E0001C462AE078F9000850F900080000F03F16
:1095F00000001C400000E03F000024400000144038
:1096000052465B4640464946F8F77EF8F8F702FABC
:109610000546F6F767FF52465B46F7F74BFF013703
:109620000B46024649464046F6F70EFE05F130036A
:10963000A74206F8013B00F02983AC4B0022F7F764
:1096400039FF0022002380468946F8F79BF900285D
:10965000D6D0049D069C079B01330793B2460AE1CE
:109660000C9A002A3DD0229A012A40F39C82089B42
:1096700003F1FF380D9B4345C0F26D82A3EB080850
:10968000089B002BC0F23C83069A1A440692099A62
:1096900017461A4409920121204601F031FA064684
:1096A00023E00123BE1B0E93731E06937FF5A2AD2C
:1096B000C6F101030993002306939DE55846F6F78A
:1096C00011FF42464B46F8F75DF900287FF47AAD6A
:1096D0000BF1FF3B76E5864B0393039819B0BDE889
:1096E000F08FDDF83480099F0C9E002F0CDD069969
:1096F00000290B4608DD099AB942A8BF3B46D21A99
:10970000FF1ACB1A099206930D9BDBB10C9B002B21
:1097100000F05D82B8F1000F0FDD31464246204671
:1097200001F0CAFA2A4601460646204601F016FA1A
:1097300029460546204601F0E1F80D9BB3EB0802EF
:1097400040F0D8820121204601F0DAF9BBF1000F88
:10975000814600F3B480229B012B40F386814FF0B9
:10976000000A0120BBF1000F40F0B580069A1044BA
:1097700010F01F0000F09380C0F12003042B40F391
:10978000D283099BC0F11C0003440244099307449F
:109790000692099B002B05DD29461A46204601F05A
:1097A000EBFA0546069B002B05DD49461A46204686
:1097B00001F0E2FA81460E9B002B40F03681089BB7
:1097C000002B40F31D810C9B002B40F0A080079BD9
:1097D00001330793DDF80C80DDF820A0012707E0B6
:1097E000294600230A22204601F092F80137054657
:1097F00049462846FFF7C2FB574500F1300308F8F9
:10980000013BEDDB089A002AC8BF9346039AD8BFF4
:109810004FF0010B93440027294601222046049370
:1098200001F0AAFA4946054601F01EFB002840F364
:10983000A8811BF8013C039A0BF1FF3B04E05A4559
:1098400000F0AA811BF8013D392B0BF1010AF6D07B
:1098500001338BF800304946204601F04FF856B1ED
:109860002FB1B74203D03946204601F047F83146C0
:10987000204601F043F82946204601F03FF8002336
:109880008AF80030249B079A1A60269B002B3FF42D
:1098900042AC0398C3F800A019B0BDE8F08F1C20BB
:1098A000099B03440993069B03440744069370E70E
:1098B0000126B8E4C0F1200008FA00F04FE40146A8
:1098C0005A46204601F0F8F9229B012B814640F3CD
:1098D000B3814FF0000AD9F8103009EB83031869FF
:1098E00001F0C0F8C0F1200040E700BF00002440B4
:1098F000C4F60008314600230A22204601F008F889
:10990000129B002B064640F3E782CDE90783002F28
:1099100000F31A81BAF1000F40F0D581B046049BE4
:10992000039F089903F001027B1E1944229B0C92AD
:10993000134309910A9349462846FFF71FFB314616
:109940008346284601F090FA424649468246204620
:1099500001F0AAFAC26801460BF13003002A42D195
:1099600006902846089301F07FFA06990490204655
:1099700000F0C4FF049A089B1AB90A99002900F064
:109980009B82BAF1000FC0F2638122994AEA010A70
:109990000C9951EA0A0100F05B81002A00F3B481BE
:1099A000099A3B7007F1010A9742D34600F0B28151
:1099B000294600230A22204600F0AAFF4645054614
:1099C00031464FF000034FF00A02204612D000F05B
:1099D0009FFF4146064600230A22204600F098FFDA
:1099E00057468046A7E72046049300F087FF049B74
:1099F0000122C6E700F08CFF5746064680469AE7EC
:109A0000229B022B79DC0C9B002B80D1079B4946C3
:109A1000013328460793FFF7B1FADDF80CB000F1E7
:109A200030030BF8013B0027F6E64946284601F0D3
:109A30001BFA0028BFF6C3AE294600230A2220469F
:109A400000F066FF079B03F1FF380C9B0546002BD7
:109A50007FF450AF129B002B40F335820893B9E698
:109A6000AF4B03930333FFF7F9BBDDE90412002981
:109A70007FF475AEC2F31303002B7FF470AEA94BD5
:109A80001340002B00F0FE81099B01330993069BD4
:109A9000013306934FF0010A63E601230C93239BE5
:109AA000079A134412930133012B1F460893B8BF42
:109AB00001270021172F61647FF722AC01220423C4
:109AC0005B0003F11400B842114602F10102F7D91C
:109AD000616415E401230C93239B002B4CDD12934E
:109AE00008931F46E5E700230C93D8E700230C9367
:109AF000F2E7129BCDF81C800893089B002B7FF4A3
:109B000046AD49460522204600F002FF0146814647
:109B1000284601F0A9F900287FF739AD0398079F7F
:109B20003123804600F8013B013703904946204627
:109B300000F0E4FE7B1CDDF80CA00793CDF80C8050
:109B4000002E7FF494AE96E631463A46204601F068
:109B500013F90646DEE60D9BCDF83480A8EB03032F
:109B60009B444FF000088BE5DDE90A234FF0020A21
:109B7000CDE91023FFF7F1BB012323930893FFF7EF
:109B8000BBBB03D1049BDB073FF553AEDA461BF8A2
:109B9000013D302BFAD05EE6079B039A0133079311
:109BA0003123137057E60F9A002A00F0268103F242
:109BB0003343069ADDF834801A440692099A174610
:109BC0001A44099267E54FF000094E46DFE4294642
:109BD0000D9A204601F070F80546B3E50E9067E552
:109BE00000F00F81079A504B564206F00F0203EB2C
:109BF000C203D3E90023DDE90A01F7F75BFC361164
:109C00008046894600F07181484F00234FF0020AD8
:109C1000F20706D5D7E90023F7F74CFC0AF1010A51
:109C20000123761007F10807F2D1002B3FF4B4AB03
:109C300080468946FFF7B0BB049B002B7FF449AEFA
:109C4000DDE90412C2F31303002B3FF418AF40E622
:109C5000002A12DD294601222046049301F08CF8E7
:109C60004946054601F000F90028049B40F318819D
:109C7000392B00F0F9800BF13103BA460AF8013BA9
:109C8000079B0133374607934646E4E50995069C52
:109C9000049D02460B46F6F7D9FA52465B468046CB
:109CA0008946F7F797FE60B952465B4640464946FB
:109CB000F7F768FE00283FF4CEAC099BD9077FF583
:109CC000CAAC039A02E47168204600F0F1FD074631
:109CD000002800F00E81336902339A0006F10C016E
:109CE0000C30F7F74DFB39460122204601F044F8CD
:109CF000804614E62946204600F0DEFF054621E5B1
:109D0000DDE908239F1AC6E4392B00F0AD80BA467E
:109D10000133B3E7079A01323746079246467BE59F
:109D200018F800080000F07F78F9000850F90008E2
:109D3000DDF84CA0844901EBCA01DDE9102351E9AB
:109D40000201F7F7B7FBCDE9100149464046F7F7A6
:109D500061FE0646F6F7C6FB0B46024649464046FC
:109D6000F6F772FA039F53463036012B07F8016B62
:109D70008046894600F0AE80139E039B1E44734BC1
:109D8000002240464946F7F795FB89468046F7F79B
:109D900041FE8246F6F7A6FB0AF1300A02460B4660
:109DA00040464946F6F750FA07F801ABB7428046FD
:109DB0008946E4D1664B0022DDE91001F6F746FA48
:109DC00042464B46F7F7E8FD002864D1DDE9102351
:109DD0005F490020F6F738FA42464B46F7F7FAFD9E
:109DE00000283FF4ADABB246013E1AF8013C302BDF
:109DF000F9D0149B013307933DE5169BC3F136035D
:109E0000D7E6DDE90A894FF0020AFFF7C5BA089BD9
:109E1000002B3FF467AB129B002B7FF791AB079AA7
:109E2000013ACDE913324046484B00224946F7F744
:109E300041FB804689460AF10100F6F753FB424692
:109E40004B46F7F737FB434B0022F6F7FFF9A1F13A
:109E50005073CDE910011193FFF7C1BA079B01338D
:109E600007933123FFF739BB079BBB4601330793A9
:109E7000392337460BF8013B4646DCE44FF0000936
:109E80004E464BE69A466CE4109D139C149B01339E
:109E90000793B246EFE4149B039A0793FFF716BBB0
:109EA0007FF4EBAEDA077FF5E8AEE1E6DDF854B01B
:109EB000109D139CFFF744BB392BD5D0BAF1000F8E
:109EC0003FF7D9AED9E6229B022B3FF712AECDF871
:109ED0001C809BE53E466DE7229B022B3FF709AEB7
:109EE000129BCDF81C80089311E54FF0020AFFF792
:109EF00053BA194B19483A4640F2EA2103F010F9D7
:109F0000002666643146204600F0D2FC039078B902
:109F1000114B124800224FF4D57103F001F9104B98
:109F20000393FFF7F8B83FF434ACC0F13C00B7E45A
:109F3000039B236401224FF0FF33239612930C926C
:109F40000893FFF7FDBA00BF78F90008000024402D
:109F50000000E03F00001C4028F800083CF8000822
:109F60001CF8000838B5084B084D5B1B9C1007D047
:109F7000043B1D44013C55F804399847002CF9D1A5
:109F8000BDE8384005F012BBB8FC0008B4FC00087E
:109F9000F8B5244F0C46064600F07EFCBA685568BA
:109FA000C4F57E630F3325F003052B4423F47F6350
:109FB00023F00F03A3F58054B4F5805F07DB002185
:109FC000304601F0D5FBBB682B44984204D03046A4
:109FD00000F068FC0020F8BD6142304601F0C8FB8B
:109FE00001300DD0104ABB682D1B45F001055D60A6
:109FF000136830461B1B136000F054FC0120F8BDB1
:10A000000021304601F0B4FBBA68831A0F2BDEDD65
:10A0100043F001035360054B03491B68C01A0860F5
:10A02000D5E700BFA8050020540C0020B00900208F
:10A03000002961D0F8B50C46064600F02DFC54F816
:10A04000042C7B4FA4F1080522F0010105EB010C63
:10A05000B868DCF80430604523F0030300F08B801F
:10A06000D207CCF8043032D454F8082CAD1A11447D
:10A07000AA6807F1080082426AD00CEB0304D4F806
:10A0800004E0EC68D4601EF0010FA26000F097803D
:10A0900041F001036B60CCF80010B1F5007F35D2C0
:10A0A0007A68CB0848090121013381401143796066
:10A0B00007EBC30257F83310083AC5E9021247F814
:10A0C0003350CD603046BDE8F84000F0EBBB0CEB00
:10A0D00003025268D00710D4194407F10800DCF8D5
:10A0E0000830834273D0DCF80C20DA60936041F0D2
:10A0F00001036B606950D0E7704741F00103B1F58F
:10A10000007F44F8043CCCF80010C9D3B1F5206FAF
:10A110004FEA512348D28B0903F1390003F1380289
:10A12000C300F818FB580838984259D05A6822F0F2
:10A1300003028A4202D99B689842F7D1D868C5E9E0
:10A1400002308560DD603046BDE8F84000F0AABB13
:10A150000CEB03025268D20763D40B44DCE9021211
:10A16000CA60916043F001026A603046EB50BDE87E
:10A17000F84000F097BB0B44D10707D454F8082CE3
:10A18000AD1A1344D5E90212CA60916043F001028E
:10A190006A60284ABD6012689A4293D8264B3046BE
:10A1A0001968FFF7F5FE8DE7142B0AD9542B1FD839
:10A1B0000B0B03F16F0003F16E02C300B1E719440A
:10A1C0008DE703F15C0003F15B02C300A9E741F0F6
:10A1D0000103C7E90455C5E902006B60695071E7E6
:10A1E00079689210012404FA02F20A437A60A6E721
:10A1F000B3F5AA7F06D8CB0B03F1780003F1770201
:10A20000C3008EE740F25452934206D88B0C03F100
:10A210007D0003F17C02C30083E74FF47E737E224E
:10A220007FE741F001036B60CCF800104AE700BF04
:10A23000A8050020B4090020840C0020002100F0B3
:10A2400001B800BFFF289DBF024BC05C00F00800B2
:10A250000020704715F70008014B93F8280170475C
:10A260003C040020004870472C050020704700BFC8
:10A27000704700BF704700BF704700BF38B50C463D
:10A28000084D8446114620461A4600232B6064463A
:10A29000F8F73EF8431C00D038BD2B68002BFBD0EC
:10A2A000236038BD880C0020024B0146186800F07E
:10A2B0000BB800BF0C000020024B01461868FFF7E6
:10A2C000B7BE00BF0C0000202DE9F04F01F10B06D6
:10A2D000162E83B0044624D8102900F2BA8000F06C
:10A2E000DBFA102618220220B54F3A44A2F10801E9
:10A2F00053688B4200F0BA805A68D96822F0030292
:10A300001A449D68E9608D60516841F00101204662
:10A31000516003F1080500F0C5FA284603B0BDE816
:10A32000F08F36F0070600F19480B14200F2918080
:10A3300000F0B2FAB6F5FC7FC0F09A81730A00F023
:10A340008F80042B00F26F81B30903F1390003F110
:10A35000380CC3009A4F3B44A3F108055B689D424B
:10A3600006D10CE0002980F22781DB689D4206D0EF
:10A370005A6822F00302911B0F29F3DD60463D6904
:10A38000DFF840C265457CD06A6822F00302931B67
:10A390000F2B00F37B81002BC7E904CC80F26C818A
:10A3A000B2F5007F80F01A81D308796801334FEA53
:10A3B000521E012202FA0EF20A4357F833E0C5F8A2
:10A3C00008E007EBC3010839E9607A6047F83350C9
:10A3D000CEF80C50831001219940914257D8114278
:10A3E00006D120F003004900114200F10400FAD028
:10A3F00007EBC0094D468646D5F80C80454508D187
:10A400001DE1002B80F22481D8F80C80454500F036
:10A410001681D8F8042022F00302931B0F2BF0DDE5
:10A420002046D8E9025408EB060146F00106C8F8B8
:10A430000460EC60A56043F00104C7E90411C1E9C0
:10A4400002CC4C6048F8023000F02CFA08F1080504
:10A4500002E00C2323600025284603B0BDE8F08FFE
:10A460004FF4007340204FF03F0C73E7D3689A42DB
:10A4700008BF02307FF440AF3D69DFF848C1654551
:10A4800082D17A688310012199409142A7D9BD6891
:10A490006B6823F003094E4503D8A9EB06030F2B85
:10A4A0007ADCDFF824B1494BDBF800201B6801326D
:10A4B000334405EB090A00F0338103F580530F3371
:10A4C00023F47F6828F00F084146204601F050F938
:10A4D000411C024600F0F380824500F2EE803C4BC6
:10A4E000196841441960084600F04E81DBF80010FD
:10A4F000019301311BBFA2EB0A0A5044CBF80020A4
:10A50000186012F0070B00F01781CBF108010A4424
:10A51000CBF5805190440831A1EB0801C1F30B0A3F
:10A5200051462046009201F023F9421CDDE9002348
:10A5300000F04F81801A00EB0A081968BA6048F0F1
:10A5400001005144BD425060196000F02981B9F109
:10A550000F0F40F227816868A9F10C0C2CF0070C52
:10A5600000F0010040EA0C0068604FF0050E05EBBA
:10A570000C00BCF10F0FC0E901EE00F2328150680F
:10A580001546144B1A688A4238BF1960124B1A6874
:10A590008A4238BF196094E0AA1943F0010346F0DB
:10A5A00001066E602046BA60536000F07BF9083502
:10A5B000284603B0BDE8F08FD9681A44A1E600BF71
:10A5C000A8050020B0050020B0090020840C002060
:10A5D000540C00207C0C0020800C0020B2F5206F71
:10A5E0004FEA522363D3142B00F2B78003F15C01CE
:10A5F000C9005B3307EB010E7958AEF1080E8E45AA
:10A6000000F091804B6823F00303934202D98968DC
:10A610008E45F7D1D1F80CE07A68C5E9021ECEF874
:10A620000850CD60D6E6142B59D9542B00F29D80EA
:10A63000330B03F16F0003F16E0CC3008AE60EF1D9
:10A64000010E1EF0030F05F108057FF4D5AE51E0B1
:10A65000424445465368D8F80C1043F00103536058
:10A6600055F8083F2046D9608B6000F01BF9F3E6EF
:10A67000F00806F1080237E62A442046536843F002
:10A6800001035360083500F00DF9E5E6A9192046ED
:10A6900046F0010643F001046E60C7E90411C1E908
:10A6A00002CC4C60AB5000F0FDF80835D4E69309BD
:10A6B00003F13901C90038339CE7BD425FD0BD6862
:10A6C000686820F003084645A8EB060302D80F2B64
:10A6D0003FF762AF204600F0E5F80025BCE603F145
:10A6E0005C0003F15B0CC30034E659F808394B45B4
:10A6F00040F0968010F0030F00F1FF30F5D17B6839
:10A7000023EA01037B60490099423FF6C0AE19B9C4
:10A71000BDE649000EF1040E1942FAD0704667E614
:10A7200003F11008D0E69A104FF001087B6808FA90
:10A7300002F21A437A6070E702EB08014942C1F362
:10A740000B0A51462046009201F012F8431CDDE945
:10A7500000237FF4EFAEDA46EFE6542B25D8130B37
:10A7600003F16F01C9006E3344E7B3F5AA7F25D822
:10A77000F30B03F1780003F1770CC300EAE5294BF2
:10A78000186840441860B1E6CAF30B0CBCF1000F26
:10A790007FF4ACAEBD68C84448F001006860F0E6E4
:10A7A0001546EEE60123536094E7B3F5AA7F23D85C
:10A7B000D30B03F17801C90077331BE740F2545201
:10A7C000934223D8B30C03F17D0003F17C0CC3004A
:10A7D000C0E5ABF1080BD844A8EB02084FF0000A23
:10A7E000ABE605F1080120460093FFF721FCBD68A8
:10A7F000009B68681968C4E640F254518B420BD83C
:10A80000930C03F17D01C9007C33F3E64FF47E73B2
:10A810007F204FF07E0C9DE54FF47E717E23E9E6AC
:10A820007B6870E7540C002070B582B00546069C2A
:10A8300042B10C4E0094D6F8E460B047431C0BD0F4
:10A8400002B070BD074B0094D3F8E46011460123B9
:10A85000054AB047431CF3D100228A2322602B60B3
:10A8600002B070BD3C040020BCFA000882B049B1BF
:10A870005AB16BB113780B601278101E18BF01200B
:10A8800002B0704701A9002AF3D1104602B0704708
:10A890006FF00100F4E700BF0148FFF7EBBC00BF19
:10A8A000480C00200148FFF7E7BC00BF480C00201F
:10A8B000C36C70B505460C464BB153F8240080B10B
:10A8C000026843F824200023C0E9033370BD21222D
:10A8D000042102F045FC0346E8640028EDD1002085
:10A8E00070BD012101FA04F6721D9200284602F0A3
:10A8F00037FC0028F3D0C0E90146E4E731B1C36C6E
:10A900004A6853F82200086043F82210704700BFDD
:10A910002DE9F0410D6907460E461C4601F1140E63
:10A920000020DEF800108BB202FB03434FEA134C09
:10A93000090C02FB01CC01309BB203EB0C438542B6
:10A940004EF8043B4FEA1C44EBDC3CB1B368AB422D
:10A9500007DD06EB850301355C6135613046BDE8F6
:10A96000F081716838460131FFF7A2FF8046A8B137
:10A970003269023206F10C0192000C30F6F700FD4C
:10A98000FB6C726853F82210316043F8226046462F
:10A9900006EB850301355C613561DFE7024B034857
:10A9A0004246B52102F0BCFB28F80008CCF80008AC
:10A9B0002DE9F8430C4628491E46174603F10802C4
:10A9C00081FB0231092E4FEAE2730546C3EB6103B6
:10A9D00039DD4FF0010C00214FEA4C0C634501F1C9
:10A9E0000101F9DC2846FFF763FF014668B3089BC5
:10A9F0004361092F4FF00103036112DC0A34092778
:10AA0000BE420BDDF61B264414F8013B0A22303B04
:10AA10002846FFF77DFFA6420146F5D10846BDE86E
:10AA2000F88304F10909C8463C4418F8013B0A229E
:10AA3000303B2846FFF76CFFA0450146F5D1A7F152
:10AA400008044C44DCE70021CCE70A46034B0448E9
:10AA5000CE2102F065FB00BF398EE33828F80008EC
:10AA6000CCF80008020C12040346CAB903041020F3
:10AA700013F07F4F04BF1B02083013F0704F04BF68
:10AA80001B01043013F0404F04BF9B000230002B29
:10AA900005DB13F0804F00F1010008BF2020704754
:10AAA0000020E5E70368024613F0070007D0D90746
:10AAB0001DD498071FD55B0813600120704799B219
:10AAC00009B91B0C1020D9B209B908301B0A1907A3
:10AAD00004BF1B090430990704BF9B080230D90743
:10AAE00003D45B0800F1010003D01360704700201D
:10AAF0007047202070479B0813600220704700BFFA
:10AB000038B5C36C04460D464BB15868B0B1026805
:10AB10005A6000220123C0E90435C26038BD2122F9
:10AB2000042102F01DFB0346E0640028EDD1094B2F
:10AB3000094800224FF4A07102F0F2FA1C22012110
:10AB4000204602F00DFB0028F1D001220223C0E9CB
:10AB50000123DEE728F80008CCF800082DE9F04FC3
:10AB60000E691569AE4285B08846144605DB2A4653
:10AB7000234635460C4616469846A3686168AF19C9
:10AB8000BB42B8BF0131FFF793FE0190002800F0EF
:10AB90008780019B03F1140909EB870AD14505D28F
:10ABA0004B46002243F8042B9A45FBD808F11408C1
:10ABB00008EB860B04F11403D8451A4603EB850510
:10ABC0005FD22B1B153B23F0030304331534A5423E
:10ABD00038BF0423CDE902A7AC461F46924605E0E4
:10ABE000000C29D1C34509F1040948D958F8040BD0
:10ABF00085B2002DF4D056464C46002356F8040B7F
:10AC0000216882B21FFA81FE05FB02EE000C0A0CDD
:10AC1000734405FB002202EB13429BB243EA02435A
:10AC2000B44544F8043B4FEA1243E7D849F80730EB
:10AC300058F8040C000CD5D0D9F800305446194609
:10AC40004D4600222688090C00FB06110A449BB2DF
:10AC500043EA024345F8043B54F8046B2968360C78
:10AC60008BB200FB063303EB1243A4454FEA1342B9
:10AC7000E8D8C34549F8073009F10409B6D8DDE939
:10AC800002A7002F02DC05E0013F03D05AF8043D83
:10AC9000002BF9D0019B18461F6105B0BDE8F08F6D
:10ACA000034B0448019A40F25D1102F039FA00BFEB
:10ACB00028F80008CCF8000812F003032DE9F04151
:10ACC0001446064632D10D46A41020D0D6F848804E
:10ACD000B8F1000F33D0E3074FF0000707D464103A
:10ACE00015D0D8F80000A8B18046E307F7D5424652
:10ACF00029463046FFF732FFB5B16968F36C64103E
:10AD000053F821202A6043F821500546E9D128460E
:10AD1000BDE8F081424641463046FFF71FFFC8F8C4
:10AD2000000007608046E0E70546D8E7013B0F4A90
:10AD300052F823200023FFF7EBFD0546C4E701216D
:10AD40003046FFF7B5FD804640B1012340F2712245
:10AD5000C0E904320023B0640360BCE7044B05483B
:10AD600042464FF4A07102F0DBF900BF40FA000840
:10AD700028F80008CCF800082DE9F0470C4690466A
:10AD80002669A368496806EB6216751C9D42074652
:10AD90004FEA621904DD5B009D4201F10101FADC1A
:10ADA0003846FFF785FD8446002851D0B9F1000FE1
:10ADB00000F114000EDD09F105024FEA820E034690
:10ADC0000CEB8202002143F8041B9342FBD1AEF14D
:10ADD00014031844216904F1140318F01F0803EB4D
:10ADE00081012DD0C8F1200986464FF0000A1A686B
:10ADF00002FA08F242EA0A024EF8042B53F8042B36
:10AE0000994222FA09FAF2D80B1B153B23F00303EF
:10AE1000043304F11502914238BF0423BAF1000F44
:10AE200018BF2E4640F803A0FB6C6268CCF8106097
:10AE300053F822102160604643F82240BDE8F087B5
:10AE4000043853F8042B40F8042F9942F9D8EBE763
:10AE5000034B0448624640F2D91102F061F900BF89
:10AE600028F80008CCF800080B6984460069C01A6D
:10AE700015D10CF1140C14310CEB830210B401EB5E
:10AE8000830301E0944508D252F8044D53F8041DA1
:10AE90008C42F7D004D24FF0FF3010BC704770479F
:10AEA000012010BC704700BF2DE9F84F0F691369EE
:10AEB000FF1A002F0E4690467AD101F11405143284
:10AEC00002EB830205EB830301E09D4273D253F84A
:10AED000041D52F8044DA142F7D064D37168FFF706
:10AEE000E7FC8146002872D03569D8F81020C76089
:10AEF00008F1140E06F1140009F1140A06F1100C01
:10AF00000EEB820200EB8507564600215EF8044BEB
:10AF10005CF804BFA3B211FA8BF1CB1A210CC1EB80
:10AF20001B4101EB23419BB243EA0143724546F8C2
:10AF3000043B4FEA2141E9D8A2EB0804153C08F193
:10AF40001508424524F0030606F1040638BF04261E
:10AF5000304424F0030238BF002287425244B244F6
:10AF600016D95646044654F8043B11FA83F10A14E4
:10AF700002EB134289B241EA0243A74246F8043B7E
:10AF80004FEA2241EFD87A1E101A20F003025244F1
:10AF900023B952F8043D013D002BFAD0C9F81050F6
:10AFA0004846BDE8F88F334601274646984695E760
:10AFB000F9DB002792E70021FFF77AFC814668B1B0
:10AFC00001220023C9E904234846BDE8F88F074B56
:10AFD00007484A464FF4107102F0A2F8034B0448A8
:10AFE0004A4640F2322102F09BF800BF28F80008E0
:10AFF000CCF800080F4B0B40A3F15073002B02DD7F
:10B000000020194670475B42B3F1A07F4FEA2352FC
:10B0100005DA4FF40023002043FA02F17047143A96
:10B020001E2ADABF4FF0004323FA02F20122002168
:10B03000104670470000F07F2DE9F843066900F1E3
:10B04000140808EB8606A6F1040956F8047C384675
:10B05000FFF708FDC0F120030A280B6036DDC84564
:10B060001ED2B0F10B0356F8082C26D0C3F1200CE9
:10B0700022FA0CF19F400F43A6F1080147F07F55DB
:10B08000884545F440153AD202FA03F056F80C3CD4
:10B0900023FA0CF303431C4620462946BDE8F883F7
:10B0A000B0F10B0308D007FA03F343F07F550023F8
:10B0B00045F440151C46EFE71A4647F07F5545F426
:10B0C0004015144620462946BDE8F883C0F10B031D
:10B0D00027FA03F2C84542F07F553CBF56F8082CCA
:10B0E000DA4000F1150328BF002207FA03F345F404
:10B0F000401543EA020420462946BDE8F88302FAD7
:10B1000003F31C46C8E700BF70B5012182B01646A4
:10B110001D46FFF7CDFB044600284BD02B46C5F358
:10B120000A55C3F313030DB143F48013002E0193AA
:10B1300022D068460096FFF7B5FC002836D0019B68
:10B140000099C0F1200203FA02F20A43C3400193BE
:10B150006261002B14BF02210121A3612161ADB105
:10B16000069AA5F2334303441360079BC0F13500F0
:10B170001860204602B070BD01A8FFF793FC019B48
:10B180000121C4E904132030002DE9D104EB810230
:10B19000A0F232431069069A1360FFF763FC079B25
:10B1A000C0EB41112046196002B070BDDDE90023FB
:10B1B0006261CEE7034B0448224640F20A3101F0B7
:10B1C000AFFF00BF28F80008CCF800082DE9F043D5
:10B1D00083B00F4669468046FFF72EFF04460D46B2
:10B1E000384601A9FFF728FFD8F810303A690F4612
:10B1F0009A1ADDE90013CB1A03EB4213002B064623
:10B200000BDD05EB03594D4632463B4620462946A9
:10B21000F6F77AFA03B0BDE8F083C3EB033307EB2C
:10B2200003510F46F0E700BF0139491101F1010C4C
:10B23000116902F1140303EB81018B4200EB8C0CCA
:10B2400016D210B5A0F1040E53F8044B4EF8044F7B
:10B250009942F9D88B1A153B23F0030304331844A1
:10B26000844504D9002340F8043B8445FBD810BD35
:10B27000844505D9002340F8043B8445FBD870473A
:10B28000704700BF03694A11934200F1140009DAC4
:10B2900000EB830302E053F8042DC2B98342FAD8CD
:10B2A0000020704710DD11F01F010DD010B450F8D0
:10B2B000224000EB820324FA01F202FA01F18C42EF
:10B2C0000BD0012010BC704700EB8203E6E70120A1
:10B2D000704753F8042D002AF3D18342F9D8002097
:10B2E00010BC704738B50C46084D844611462046C0
:10B2F0001A4600232B606446F6F7E2FF431C00D099
:10B3000038BD2B68002BFBD0236038BD880C002093
:10B3100010B4044C03460A46206810BC194600F0DD
:10B3200003B800BF0C0000202DE9F84F1746002994
:10B3300000F0988007F10B0580460C46FFF7ACFA49
:10B34000162D5DD810252A46AF425ED854F8041C4D
:10B3500021F003069642A4F1080962DABC4BD3F847
:10B3600008C009EB0600844500F09780D0F804C0BF
:10B370002CF0010303445B68DB0768D42CF0030C5A
:10B3800006EB0C03934247DACB0710D454F8083C81
:10B39000A9EB030ADAF8043023F003018C44B44427
:10B3A000944580F211817318934280F2E880394607
:10B3B0004046FEF789FF0746E0B154F8043C23F00D
:10B3C00001034B44A0F10802934200F0D280321FE7
:10B3D000242A00F2F580132A00F2AC8003462246AC
:10B3E000116819605168596092689A602146404618
:10B3F000FEF71EFE4046FFF755FA3846BDE8F88FC7
:10B4000025F00705002D2A469EDA0C23C8F80030E7
:10B4100000273846BDE8F88F1E46D0E90223D360E6
:10B420009A60731B0F2B22D8D9F8043003F0010364
:10B4300033434E44C9F80430736843F0010373602A
:10B4400040462746FFF72EFA3846BDE8F88FC90771
:10B45000ADD454F8083CA9EB030ADAF8041021F043
:10B460000301A0E7BDE8F84F1146FEF72DBFD9F85C
:10B47000041001F001012943C9F8041009EB05018A
:10B480004E4443F001034B60736843F001030831FD
:10B4900073604046FEF7CCFDD2E7DCF8040020F0F4
:10B4A000030B06EB0B0C05F1100084454DDAC907C0
:10B4B0003FF57DAF54F8081CA9EB010ADAF8041037
:10B4C00021F003018B44B34458453FF76CAF574616
:10B4D000DAF80C1057F8080F321F242AC160886070
:10B4E00000F2DB80132A40F2D6802168CAF80810E7
:10B4F0006168CAF80C101B2A00F2DF8008340AF1D8
:10B5000010022168116061685160A16891600AEBC6
:10B510000501ABEB050242F0010299604A60DAF8DE
:10B52000043003F001031D434046CAF80450FFF7FE
:10B53000B9F96EE723680360636843601B2A68D823
:10B5400004F1080200F108034AE709EB05029A60DA
:10B55000ACEB050343F00103536054F8043C03F0E3
:10B5600001031D43404644F8045CFFF79BF927465E
:10B570004FE750F8043C23F003031E4451E75746BD
:10B58000DAF80C1057F8080F321F242AC1608860BF
:10B590004CD8132A48D92168CAF808106168CAF83B
:10B5A0000C101B2A56D808340AF110021E462368D4
:10B5B000136063685360A3689360D1463C4630E7EC
:10B5C000214602F0B7FB11E7D0E902135746CB60E2
:10B5D000996057F8081FDAF80C30CB60321F242A24
:10B5E00099602DD8132A29D92368CAF808306368CE
:10B5F000CAF80C301B2A42D808340AF1100322681A
:10B600001A6062685A60A2689A606646D1463C46F3
:10B6100007E7A3688360E368C360242A26D004F1A7
:10B62000100200F11003DBE63A46BFE72146384638
:10B630001E46D14602F07EFB3C46F2E63B46DEE784
:10B64000214638466646D14602F074FB3C46E8E6A1
:10B65000A8050020A168CAF81010E168CAF8141003
:10B66000242A20D010340AF118029FE723690361CD
:10B670006169416104F1180200F11803B0E6A368A2
:10B68000CAF81030E368CAF81430242A21D01034E4
:10B690000AF11803B3E73A4633E72146384602F089
:10B6A00049FB164B33E72269CAF818206269CAF8C9
:10B6B0001C2018340AF1200278E7A168CAF810109B
:10B6C000E168CAF81410242A0DD010340AF11802C7
:10B6D00017E72369CAF818306369CAF81C301834B0
:10B6E0000AF120038BE72269CAF818206269CAF8B8
:10B6F0001C2018340AF1200203E700BFA80500202F
:10B70000DFF860C0F8B521F0004300276345044628
:10B710000D461646176022DC844653EA0C0C1ED0F8
:10B72000DFF844C001EA0C0C0A46BCF1000F09D155
:10B730000E4B0022F5F7BEFE6FF0350704460A46B1
:10B7400021F0004322F0FF421B1522F4E002A3F295
:10B75000FE3342F07F553B4445F4001533602046EC
:10B760002946F8BDFFFFEF7F0000F07F0000504347
:10B7700038B5074D0022044608462A60F6F7CAFD90
:10B78000431C00D038BD2B68002BFBD0236038BD94
:10B79000880C0020F0B50D785E2D044621D00022E3
:10B7A00001F1010C9646631E04F1FF0103F8012F1D
:10B7B0008B42FBD195B18EF00102E64362550CF14C
:10B7C000010E1EF8013C2D2B704610D05D2B04D0CD
:10B7D00013B11D46F446F1E76046F0BD0CF1FF30B1
:10B7E000F0BD01224D7801F1020C9646DBE79CF892
:10B7F00001005D28EDD08542EBDC6F1C0CF1020CE2
:10B80000E31903F8012BF1188842FADC431B013BD2
:10B810008542A8BF00230EF1020EDD19D1E700BF5B
:10B82000004870470000C07F0EB410B59DB06FF0A7
:10B8300000411FABCDE906010491094953F8042BDF
:10B840000290084C0868019302A90594FAF7BAFA25
:10B85000029B00221A701DB0BDE8104003B0704773
:10B860000C0000200802FFFF30B540EA0104A307E6
:10B8700001D1032A0FD8844601F1FF3E07E01EF8EC
:10B88000011F03F8011B541EC1B19C4622466346AA
:10B89000002AF4D130BD0B468446194653F8045BA8
:10B8A000A5F1013424EA050414F0803FE4D1043A00
:10B8B000032A4CF8045B1946EFD8DDE76244002CFC
:10B8C000E8D003F8011B9342FBD130BD000000001B
:10B8D0002DE9F04F1C46984B1B68A1B0002581460E
:10B8E0001846884608921C950493F5F789FC0021B8
:10B8F00083460020CDE90601CDF86C80424617460C
:10B9000012F8013B2D2B2FD8DFE813F0A1002E00F9
:10B910002E002E002E002E002E002E002E00AF0036
:10B92000AF00AF00AF00AF002E002E002E002E00A3
:10B930002E002E002E002E002E002E002E002E0097
:10B940002E002E002E002E002E002E00AF002E0006
:10B950002E002E002E002E002E002E002E002E0077
:10B960002E0006042E00FC0300220A92302B7ED00B
:10B97000002209922F2B1C4640F233854FF0000A1B
:10B9800038465646554612E00130082D1B90C8BF78
:10B990000AEB8A0A0478C6BF03EB4A03A3F1300A14
:10B9A000A2F130062F2C05F10105234670DD06EBD0
:10B9B0008602392C03EB4202E6DD04995A4602F076
:10B9C0003BFA0346002835D11B9A11465A441B9274
:10B9D00011F80B40002D40F0AC85302C40F0648510
:10B9E000C2F10101531801321B921478302CF9D0A6
:10B9F000A4F13102082A00F23883A4F1300E1B9C16
:10BA000003F1010B002301252746049306EB86066C
:10BA10000EEB46060023621C1B926478A4F13001F1
:10BA2000092900F2ED8201338E46002940F0B884E6
:10BA30001B9CF0E70023652C04959B469E4601D095
:10BA4000452C32D1002D7CD1099A1A4378D1089B1C
:10BA500013B1089BC3F800804FF0000BCDF810B075
:10BA60000499584621B0BDE8F08F1B9247E77B78D8
:10BA700003F0DF03582B00F0748401371B973B78E9
:10BA8000302BFAD0002B00F0CC800122099271E714
:10BA900004995A4602F0D0F90346002800F0D680F7
:10BAA00004954FF0000B5B46DE4600220B92002D02
:10BAB00000F09380049A1346002A08BF2B463046B4
:10BAC0000493F4F7FFFC0B460246CDE906230B9BDB
:10BAD000102DA3EB0B032C46A8BF1024092D0E93A9
:10BAE00013DD164B03EBC40353E91223F5F7E2FC15
:10BAF000CDE906015046F4F7E5FC02460B46DDE9C8
:10BB00000601F4F7A3FBCDE906010F2D00F3A78092
:10BB10000E9B002B00F018840E9B40F39283162B93
:10BB200040F3F9840E9AC5F12503934280F20C8507
:10BB30000E9B2C1B1C4498E078FC000878F9000848
:10BB40000025DDF86C8008F101021B9298F8014095
:10BB50002B2C00F087822D2C00F0218200220E92E7
:10BB6000A4F13002092A00F21582302C05D11B9A6B
:10BB700001321B921478302CFAD0A4F13102082A39
:10BB800093D81B990B914A1C1B92A4F130004C785E
:10BB90002F2C09DC00F034BC01321B929CF80140D0
:10BBA0002F2CA1F1300006DD00EB8001392C9446EA
:10BBB00004EB4101F0DD0B99521A082A40F320846E
:10BBC00044F61F620B920E9A002A3FF470AF0B9A54
:10BBD00052420B92002D7FF46DAF099A134320D18E
:10BBE000BEF1000F7FF433AF692C00F03B8400F30B
:10BBF0004183492C00F036844E2C7FF428AFAC49A9
:10BC00001BA801F0A7FF00283FF421AF1B9B1B7866
:10BC1000282B00F06D85A74802F008F983460491AF
:10BC200003E04FF0000BCDF810B0089A0AB11B9B4F
:10BC300013600A9B002B3FF413AF049901F10043FA
:10BC400004930499584621B0BDE8F08F1B9A0495DF
:10BC500002EB0B011B9112F80B409B46DEE60E9B9C
:10BC60002C1B1C44002C40F30A8314F00F000AD054
:10BC7000914901EBC001DDE90623D1E90001F5F7A7
:10BC800019FCCDE9060134F00F0340F08B8200234C
:10BC90000993049A00962B4639464846FEF788FEDB
:10BCA0001390002800F055830B9BABEB03000E9B19
:10BCB000002BB4BF024600220F9223EAE373002256
:10BCC000934612939046139C48466168FEF7F0FD38
:10BCD0000746002800F0418122690232920004F1F7
:10BCE0000C010C30F5F74CFBDDE9060104910B4625
:10BCF0001EA901911DA90B90024600914846FFF72D
:10BD000003FA1C90002800F0188101214846FEF734
:10BD1000F7FE8046002800F020811D9B002BC0F21A
:10BD20000F810F9A129D9E18099A1E9C9B1A2344FC
:10BD3000624A013B9342C4F1360480F2AE80D21ACB
:10BD40001F2AA4EB020400F31D814FF0010A002317
:10BD50000AFA02FA0C93099B25443444A6421D4476
:10BD60003346A8BF2346AB42A8BF2B46002B02DDBB
:10BD7000E41AED1AF61A0F9B002B00F3BE80002C7C
:10BD800000F3D2800E9B002B00F3DE80002D00F329
:10BD9000EF80002E08DD414632464846FEF7ECFFB4
:10BDA0008046002800F0D9801C993A464846FFF7A3
:10BDB0007BF88346002800F0D0800026C368C66068
:10BDC00041461093FFF750F8B042C0F2638400F090
:10BDD000D28341465846FFF7F9F900224FF08043DD
:10BDE00004460D46F5F7E2FD00286FD0109B002BAE
:10BDF00000F0E180079B1193314B314C0022CDE9DB
:10BE00000C2335462F4E119A2F4B02EA060A9A450B
:10BE100000F0FC80099B93B1BAF1D46F0FD822A334
:10BE2000D3E9002328462146F5F7C0FD002840F05D
:10BE300087810D9B03F1D663A3EB0A030D93049E48
:10BE40000B98DDE90C233146CDE90423FFF7D2F846
:10BE500002460B46DDE90401F5F72CFB33460B9A4D
:10BE6000F4F7F4F9CDE906010E46099B23B9154B09
:10BE700033409A4500F002811C994846FEF73EFD8A
:10BE800039464846FEF73AFD41464846FEF736FD3C
:10BE900059464846FEF732FD15E700230C934FF054
:10BEA000010A58E7AFF300800000C0FFFFFFDF4149
:10BEB00058FA0008BCFA000878F9000802FCFFFFF5
:10BEC0000000F03F0000F07F0000E07FAE4B204616
:10BED00029460022F5F7EEFA109B024605460C466D
:10BEE000002B64D101F1004314901593079B11932B
:10BEF000DDE91423CDE90C2384E741461A46484680
:10BF0000FEF7DAFE804640B301461C9A4846FEF72B
:10BF100025FE10B310901C994846FEF7EFFC109BCD
:10BF20001C93002C7FF72EAF1C9922464846FEF743
:10BF300023FF1C9000287FF425AFBA465E460FE031
:10BF4000129A0F9ED51AEFE63946129A4846FEF726
:10BF5000B3FE074600287FF419AFBA465E461C9828
:10BF60002223C9F80030894B04934FF0000BB4E052
:10BF700039462A464846FEF7FFFE074600287FF46A
:10BF800008AFEAE7824A4FF0010AD31A0AFA03F32C
:10BF90000C93E0E60022CDF86C800B9287E501223D
:10BFA0000E9208F102021B9298F80240D8E50B4667
:10BFB000CDE914239AE7DDE90612002940F0AF80AD
:10BFC000C2F313031192002B40F0AF80714B00229B
:10BFD00020462946F5F7E0FC002840F0AE826A4B87
:10BFE000204629460022F5F765FA01F1004305468F
:10BFF0000C4618901993DDE91823CDE90C2301E7CD
:10C00000652C4FF0010E3FF49CAD19E5A2F154737D
:10C010000793DDE90623DDE90C01CDE906011046B1
:10C020001946CDE90C23FEF7E5FF02460B46DDE994
:10C030000601F5F73FFADDE90C23F4F707F9564A54
:10C040000E409642CDE9060176D9049A534B9A42A6
:10C0500002D10B9B013380D0504A4FF0FF33CDE922
:10C06000063209E700220E929BE7652C00F0FB8068
:10C07000452C00F0F8804FF0010EAEE52846214631
:10C08000F5F760FDF4F76AFA0B46024621462846AA
:10C09000F4F7DAF8109C069DC6F3130644EA050C83
:10C0A0005CEA060304460D4600F0C28032A3D3E9E1
:10C0B0000023F5F771FC48B931A3D3E900232046EA
:10C0C0002946F5F787FC00283FF4D6AEDDE90634B3
:10C0D0001C9804945E46BA469B4601464846FEF7C5
:10C0E0000DFC51464846FEF709FC41464846FEF71E
:10C0F00005FC13994846FEF701FC31464846FEF719
:10C10000FDFB92E501230A937A1C1B927B78002B9E
:10C110003FF49DAC174629E400230A93F4E7DDE9D8
:10C120000612012900F0748111921D4B194C002256
:10C13000CDE90C23002565E601F15476079694E6D7
:10C1400021462846F5F78EFC012838BF0120F4F778
:10C15000B9F9109B024605460C46002B40F0698158
:10C1600001F1004316901793DDE91623CDE90C2366
:10C170005FE600BFAFF300809535A094FFFFDF3F7F
:10C1800035E5AF350000E03F0000E03F0000F07F04
:10C19000E2FBFFFF0000F03FFFFF9F7CFFFFEF7F10
:10C1A0000000F0BFB3F59A7F00F3D380102B4FEA65
:10C1B0002314A54B40F3C682DDE906019846099396
:10C1C00000239A4614F0010F0AF1010A4FEA6404B1
:10C1D00004D0D8E90023F5F76DF90123012C08F10B
:10C1E0000808EFD10BB1CDE90601099B03EBCA01A9
:10C1F000079BA3F154730793DDE90623D1E90001FE
:10C20000F5F758F9914BCDE906010B400A469049E4
:10C210008B4200F29E80A1F580118B4240F21C827D
:10C220008C494FF0FF33CDE906310023099330E507
:10C2300083A3D3E90023F5F7AFFB00283FF41CAE3E
:10C2400044E71633FFF60BAD0B9BABEB0302824BBF
:10C2500003EBC203DDE90601D3E90023F5F754FA45
:10C2600083460491E1E40022049293464FF0010ECC
:10C27000FFF7EABB6E2C3FF4C2ACFFF7E8BB3FF41C
:10C2800006AD644214F00F020AD0734B03EBC203F5
:10C29000DDE90601D3E90023F5F736FACDE9060119
:10C2A00024113FF4F4AC1F2C35DC14F01003DDE94D
:10C2B000060118BF6A23DFF8A48109930023E2076F
:10C2C00004D5D8E90023F5F7F5F80123641008F147
:10C2D0000808F4D10BB1CDE90601099B93B1DDE962
:10C2E0000601C1F30A52C2F16B03002B0ADD1F2BBA
:10C2F00040F350820020342B069040F356824FF0DA
:10C300005C730793DDE9060100220023F5F73AFB91
:10C3100000283FF4BEAC22234FF0000BC9F80030D8
:10C32000CDF810B081E41E9B06931D9B03F23342AF
:10C330001F9B23F4801343EA02530793200742BF55
:10C34000079B43F000430793DDE906349B460494C2
:10C350006BE43E4A04922223C9F800304FF0000BF0
:10C3600063E40A9B01931CAB029400933C4A1DAB0F
:10C370001BA9484601F010F910F0070504463FF4E8
:10C3800050AC062D40F09380089B0137002B3FF402
:10C3900063AB4FF0000B1F60CDF810B0FFF760BB30
:10C3A0006A1C012B1B9C9B44104615D02B4403F1A7
:10C3B000FF3C03E0460094450DD001322B46082B8C
:10C3C000154606EB8600F5D9102ADCBF0AEB8A0A6F
:10C3D0004FEA4A0AEFE7981C082D5BDC0546FFF799
:10C3E00015BB04995A46384601F026FD002800F096
:10C3F000888000231D4604939A461E46FFF751BBD2
:10C4000044F61F629042A8BF10460B90FFF7DBBBBB
:10C41000DDE906341194002C7FF487AEBA465E46FF
:10C4200022234FF0000B1C98C9F80030CDF810B053
:10C4300053E60B46CDE9162396E600BFAFF3008026
:10C440009535A094FFFFCF3F50F900080000F07F22
:10C450000000A07CFFFFEF7F78F9000888FA000851
:10C460005CFA0008AD491BA801F074FB00283FF4FA
:10C47000EEAA1B9BAA49013B1BA81B9301F06AFB78
:10C4800010B91B9B01331B93A64B04934FF0000B79
:10C49000FFF7CBBB1028DCBF0AEB8A0A01EB4A0A84
:10C4A00005460023FFF7B7BA0023FFF7A1BA1C9A8D
:10C4B0003AB135211EA8FEF7B7FE1C994846FEF793
:10C4C0001DFA013D042D3FF639AF01A353F825F0C5
:10C4D00027C30008F9C40008F3C40008E5C4000835
:10C4E00027C300084FF0FF336FF00045CDE9063554
:10C4F00024E78C4B079321E71E9B06931F9B079312
:10C500001CE71B9A13465A441B9213F80B4006462D
:10C510008246FFF762BA0E98834901EBC001DDE95C
:10C520000623D1E90001F4F7C5FF83460491FFF724
:10C530007CBB04958346FFF771BA7C4B7C4C109D05
:10C540000022CDE9182356E5774CC5F10F0504EB21
:10C55000C501DDE90623D1E90001F4F7ABFF0E9B2D
:10C560005D1B04EBC504D4E90023F4F7A3FF834665
:10C570000491FFF75ABB109B5E46D446BA46DDE9EC
:10C580000BB7002B6FD0DDE906456A4BC5F31301ED
:10C5900099422A463CD0002F00F0A380DDE9062313
:10C5A0001F421C4621D0109B04995846002B00F0D6
:10C5B000CD80FEF71FFD099D02460B467DB1C4F3F9
:10C5C0000A54C4F16B04002C09DD240504F17F53E7
:10C5D000002203F54013F4F76DFF02460B46049961
:10C5E0005846F3F733FE83460491099B73B10499CF
:10C5F000514B58460022F4F75DFF03460B4308BF3A
:10C6000022238346049108BFC9F800301C9864E5D2
:10C61000099B0699002B00F0C580424B2B40B3F1DB
:10C62000D46F00F2BF801B0DC3F16B034FF0FF30DE
:10C6300000FA03F39942AED1404B9A4200F0D88001
:10C64000384B134003F58013079300230693DDE96D
:10C6500006349B460494C8E702F154730793002301
:10C660000993FFF716BBDDE90612C2F313030B4370
:10C67000144690D1099B002B40F0AF80294B2340FA
:10C68000A3F580136FEA13536FEA035307934FF038
:10C69000FF33DBE7DDE90612109B0B4358465E468D
:10C6A000BA46DDF82CB0A0D1C2F313031446002B18
:10C6B0009BD122F000431B0D1B05B3F1D66F94D91B
:10C6C000436913B90369012B8FDD314601224846C6
:10C6D000FEF752FB41460646FEF7C6FB002884DD06
:10C6E000C8E7DDE906341CEA030F3FF47EAF5AE7E2
:10C6F00013491BA81EAA01F047FA05287FF48BAA4C
:10C700001F9B43F0FF4343F4E00307931E9B0693F4
:10C71000DDE906349B460494FFF787BA4CFA00081B
:10C7200050FA00080000F07F78F900080000E0BF30
:10C730000000E03FFFFF0F0000005039FFFFEF7FD8
:10C7400070FA000809934FF0000A4EE5FEF752FC1C
:10C75000099D02460B4695B3C4F30A54C4F16B0419
:10C76000002C09DD240504F17F53109A03F54013D2
:10C77000F4F7A0FE02460B4604995846F3F764FD11
:10C780000022002383460491F5F7FCF800283FF4CB
:10C790002EAF45E64FF0FF3202FA03F3069A1A4035
:10C7A0000692AFE54FF0FF3344E74FF0FF33C2F19D
:10C7B0004B0203FA02F202EA01030793A2E504998D
:10C7C0005846F3F741FD0022002383460491F5F714
:10C7D000D9F800283FF41AAF22E6084B2340B3F102
:10C7E000D66F3FF74DAFB3F15C7F3FF700AF17E671
:10C7F00001317FF425AFFFF7B2BB00BF0000F07F2F
:10C80000014BFFF765B800BF3C0400202DE9F04F55
:10C81000814645488E4675461EF801CB10F80C40FF
:10C8200014F00804F7D1BCF12D0FE34654D0BCF14D
:10C830002B0F08BF9EF800B06FF0004808BF05F14D
:10C84000020E1BB1102B4FD01F4604E0BBF1300F7E
:10C8500055D00A231F460025B8FBF7F6284607FBEC
:10C86000168A07E0864215D329D007FB00C00125B0
:10C870001EF801BBABF1300CBCF1090F06D9ABF1CE
:10C88000410CBCF1190F08D8ABF1370C63450DDD35
:10C89000002DE7DA4FF0FF35EAE7ABF1610CBCF1B0
:10C8A000190F03D8ABF1570C6345F1DC002D0BDBFE
:10C8B00004B140420AB195BB1160BDE8F08FE2457A
:10C8C000D3DA4FF0FF35D3E72223C9F800301AB38B
:10C8D0000EF1FF314046EFE79EF800B04FF0004800
:10C8E00005F1020E0124ACE7BBF1300FACD19EF88C
:10C8F000000000F0DF00582807D01F46ABE79EF885
:10C90000003003F0DF03582B0BD110279EF801B045
:10C910003B460EF1020E9EE74046BDE8F08F804692
:10C92000D6E708231F4696E715F70008012B03D02A
:10C93000242B01D8FFF76ABF10B5F9F711F91623B8
:10C940000360002010BD00BF2DE9F04F85B01F46E9
:10C95000584B03908A4600920D462A4615F8014B23
:10C960001E5D16F00806F8D12D2C76D02B2C05BFB5
:10C970002C7802960296951C4FF0FF366FF0004B14
:10C980002FB1102F70D0B8464FEAE77905E0302C70
:10C9900075D04FF00A08B946474642464B463046E6
:10C9A0005946F4F723F90023019284460A461846B3
:10C9B000194611E08A4208BF84453ED000FB09F3C6
:10C9C00008FB0131A0FB080319441EEB000041EBFA
:10C9D000EE71012315F8014BA4F1300EBEF1090FE1
:10C9E00006D9A4F1410EBEF1190F0CD8A4F1370EEF
:10C9F000774511DD5C1CEDD0844572EB0103D9D283
:10CA00004FF0FF33E6E7A4F1610EBEF1190F03D832
:10CA1000A4F1570E7745EDDC5A1C14D0029A12B1DE
:10CA2000404261EB4101009A22B1002B39D1009BB9
:10CA3000C3F800A005B0BDE8F08F019B7345BDDAD7
:10CA40004FF0FF33C6E7039A22231360009B1BB30A
:10CA500005F1FF3A30465946E9E701232C78029365
:10CA6000951C4FF0004B8BE7302C04D12B7803F052
:10CA7000DF03582B08D0B8464FF000098DE72B781C
:10CA800003F0DF03582B0FD14FF010086C784FF0F4
:10CA900000090235474680E73046594605B0BDE8F3
:10CAA000F08F06468B46D3E74FF00808B946474655
:10CAB00073E700BF15F70008FFF746BF2DE9F04701
:10CAC00007464B480E46354616F801CB10F80C4089
:10CAD00014F00804F7D1BCF12D0FE64658D0BCF194
:10CAE0002B0F04BF96F800E0AE1C5BB1102B54D0A6
:10CAF0004FF0FF38B8FBF3F803FB08FA6FEA0A0AB5
:10CB0000994608E0BEF1300F5AD00A23DFF8E480DE
:10CB10004FF0050A99460025284607E0404515D8FC
:10CB200029D009FB00C0012516F801EBAEF1300C4D
:10CB3000BCF1090F06D9AEF1410CBCF1190F08D8B0
:10CB4000AEF1370C63450DDD002DE7DA4FF0FF3510
:10CB5000EAE7AEF1610CBCF1190F03D8AEF1570C46
:10CB60006345F1DC002D0BDB04B140420AB16DB925
:10CB70001160BDE8F087D445D3DD4FF0FF35D3E732
:10CB800022233B604FF0FF30002AF2D0711EEFE706
:10CB900096F800E00124AE1CA7E7BEF1300F21D1CA
:10CBA000307800F0DF00582816D14FF0100996F8C1
:10CBB00001E04FF00F0A02366FF070484B46AAE7CB
:10CBC000337803F0DF03582BEFD008234FF0070A28
:10CBD0006FF0604899469EE799466FF070484FF0B5
:10CBE0000F0A98E74FF00F0A6FF07048994692E7E6
:10CBF00015F7000899999919FFF760BF2DE9F04FD3
:10CC000085B08A460192614A03901E460D46294628
:10CC100015F8014B135D13F00803F8D12D2C7ED0CD
:10CC20002B2C03BF2C7802938D1C0293C6B1102EBF
:10CC30007AD04FEAE67B32465B464FF0FF304FF04A
:10CC4000FF31F3F7D3FF3246074688465B464FF085
:10CC5000FF304FF0FF31F3F7C9FFB14694460BE0C8
:10CC6000302C76D04FF00A09DFF82481B3464FF01C
:10CC7000050C4FF099374E4600221046114614E03D
:10CC8000874278EB01021ED3414508BFB84235D038
:10CC900000FB0BF209FB0121A0FB0902114418184B
:10CCA00041EBE371012215F8014BA4F13003092B8C
:10CCB00005D9A4F14103192B08D8A4F137039E42EA
:10CCC0000CDD002ADCDA4FF0FF32ECE7A4F161035F
:10CCD000192B03D8A4F157039E42F2DC002A12DB81
:10CCE000029B13B1404261EB4101019B1BB19AB918
:10CCF000019BC3F800A005B0BDE8F08F6345C7DD18
:10CD00004FF0FF32CFE7039A22231360019B4FF0CD
:10CD1000FF300146002BEED005F1FF3AE8E7012392
:10CD20002C7802938D1C81E7302C25D12B7803F0D1
:10CD3000DF03582B1DD14FF010096C784FF00F0C0A
:10CD400002354FF0FF376FF070484FF0000B4E4642
:10CD500092E72B7803F0DF03582BECD04FF0080953
:10CD6000B3464FF0070C4FF0FF376FF060484E4668
:10CD700082E74FF0000B5EE74FF00F0C4FF0FF37EC
:10CD80006FF07048B1464FF0000B75E715F70008DB
:10CD900099999919FFF732BF2DE9F04F936883B045
:10CDA0009146002B6DD017688D6880460C46086848
:10CDB000083743E0A38913F4906F2ED0D4E904150B
:10CDC000A0EB010A05EB450505EBD5750AEB06005E
:10CDD0006D100130A8422A4684BF05462A465B05ED
:10CDE00036D511464046FDF76FFA00283AD0524634
:10CDF00021690190F4F7C4FAA289019B22F49062A0
:10CE000042F08002A281A5EB0A0203EB0A006561F1
:10CE1000A260236120603546B2465946524600F072
:10CE200089FFD9F80830A16820684D1B50449E1B2B
:10CE3000A5602060C9F808601EB3083757E902B63C
:10CE4000002EFAD0B542AA46B4D93546B246E4E738
:10CE50004046FEF769FA03460028D4D121694046CE
:10CE6000FDF7E6F80C23C8F80030A389002243F050
:10CE700040034FF0FF30A381C9E9012203B0BDE8B0
:10CE8000F08F0020C9F8040003B0BDE8F08F00BFA8
:10CE900038B54B1C1AD093891446126B23F020032B
:10CEA000A381CDB2AAB16268636B9A4209DA2368A2
:10CEB0005A1E226003F8015C6368013363602846F0
:10CEC00038BD214600F09CF80028F0D04FF0FF3527
:10CED000F5E7236922682BB1934203D212F8013C93
:10CEE000AB420FD06168E1632346A26304F14001C5
:10CEF00003226263216303F8425F0122C4E9003226
:10CF0000284638BD6368013A0133C4E90023D6E7F7
:10CF100010B50C46096B69B104F14003994201D088
:10CF2000FDF786F8E36B63600020206313B1A36B09
:10CF3000236010BDA3892169002243F02003C4E9C6
:10CF40000012A3814FF0FF3010BD00BF2DE9F04F5C
:10CF500085B0CDE9023202FB03F30E9C0193A3B32B
:10CF6000D4F804A0019B53458B4646D9A046019DA9
:10CF700058F8401B0746002652465846F4F700FA78
:10CF80002368226B5344A946C4E90036114638464B
:10CF9000D344A5EB0A05E2B1424501D0FDF748F8BC
:10CFA000E36B26636360A3B1A16B2160AB429A4639
:10CFB000E2D3029B01932A465846F4F7E1F9D4E9FB
:10CFC0000032521B2B44C4E90032019805B0BDE881
:10CFD000F08F019B22695344A3EB090A039BBAFB20
:10CFE000F3F30193A389019843F02003A381002365
:10CFF000C4E9002305B0BDE8F08F21681D46D8E7DD
:10D0000001F140032DE9F0410C46096B994214D01F
:10D01000666B77003A46FEF787F9054640B300EBAA
:10D020000608014632464046F4F7AAF9C4E90C570F
:10D03000C4F800800020BDE8F0814FF48061FDF766
:10D0400043F9A8B194F842304FF48062C4E90C026D
:10D0500080F8FF3394F8413080F8FE3394F8402094
:10D0600080F8FD2300F2FD3323600020BDE8F0814D
:10D070004FF0FF30DFE700BF49B1FF2A02D80A7046
:10D08000012070478A2303604FF0FF307047084645
:10D09000704700BF2DE9F047DFF87CA00646DAF8BC
:10D0A000000098460F469146FDF7E4F81B4B1B68BD
:10D0B000D3F8484124B365681F2D26DC5EB96B1C8C
:10D0C0000235DAF80000636044F82570FDF7D4F803
:10D0D0000020BDE8F08704EB85010123C1F88890AA
:10D0E000D4F88821AB401A43022EC4F88821C1F835
:10D0F0000881E4D1D4F88C211343C4F88C31DEE7E5
:10D1000003F5A674C3F84841D5E7DAF80000FDF747
:10D11000B3F84FF0FF30DCE73804002080F6000859
:10D1200000B50B4C25681446EE681A4685B00346D8
:10D130000D464CB107490095CDE90114304606492A
:10D1400000F0A0F901F06EFE04490C46F3E700BFC1
:10D150000C000020B0FA0008C0FA0008BCFA000871
:10D1600038B5A1FB02148CBBFDF7AEF80546E0B163
:10D1700050F8042C22F00302043A242A17D8132A68
:10D180001AD91B2AC0E900441DD9242A14BF00F172
:10D19000100200F118024FF00003C0E9024404BF7E
:10D1A00004614461C2E900339360284638BD2146DA
:10D1B000F8F700FD284638BD02460023C2E90033D7
:10D1C0009360284638BD00F10802F6E7F8F7C8FC7E
:10D1D0000C2300250360E8E7B1F90C20F8B50C46F4
:10D1E0001107074642D4636842F40062002BA28113
:10D1F00059DDA56A002D54D000233E683B6093B2F0
:10D2000012F4805253D1E16901233846A847421CE9
:10D2100063D0A389A56A5B0705D56368C01A236B31
:10D220000BB1E36BC01AE169024600233846A847F8
:10D23000411C3ED13B68002B3BD01D2B01D0162B4F
:10D2400052D1A3892269226023F400630021616026
:10D25000A381216B3E6021B304F14003994202D0C7
:10D260003846FCF7E5FE00202063F8BD2669C6B10C
:10D2700093B2256826609A070CBF63690023AD1B33
:10D28000A3600CE0D4F824C0E1692B46324638464E
:10D29000E047B0F1000CA5EB0C05664416DD002D4F
:10D2A000F0DC0020F8BDE36B002BA2DCF9E7206D79
:10D2B000B1E7B4F90C302269226023F40063A38142
:10D2C0000022DB046260C4D52065C2E7A38943F075
:10D2D00040034FF0FF30A381F8BD3B68002B98D08E
:10D2E0001D2B06D0162B04D0A38943F04003A38145
:10D2F000F8BD3E60D5E700BF38B50C46054608B11D
:10D30000836BA3B1B4F90C00B8B1636EDB0701D431
:10D31000810515D528462146FFF75EFF636EDA07C3
:10D32000054602D4A3899B050ED5284638BD00F0DA
:10D3300017F8B4F90C000028E7D10546284638BD97
:10D34000A06DFCF797FFE5E7A06DFCF795FF284679
:10D3500038BD00BF014900F0A9B800BF35EE000894
:10D360002DE9F04782463948FCF784FFDAF8384067
:10D37000002C66D1DAF80450354ACAF83C20032361
:10D38000CAE9B843DFF8CC90DFF8CC80334F344E95
:10D3900004230AF53B72CAF8E8222146C5E9024394
:10D3A000C5E90044C5E904446C660822AC6105F196
:10D3B0005C00F8F7FFFBC5E90759C5E90987EE628C
:10D3C00005F15800FCF752FFDAF80850254BEB60E6
:10D3D0002146C5E90044C5E904446C66AC60AC6113
:10D3E000082205F15C00F8F7E5FBC5E90759C5E936
:10D3F0000987EE6205F15800FCF738FFDAF80C50A7
:10D40000194BEB602146C5E90044C5E904446C664C
:10D41000AC60AC61082205F15C00F8F7CBFB05F1CC
:10D420005800C5E90759C5E90A76C5F82480FCF714
:10D430001DFF0123CAF838300448BDE8F047FCF767
:10D440001BBFBDE8F0470148FCF716BF500C002099
:10D4500055D30008355D00085D5D00089D5D00083E
:10D46000BD5D000809000100120002000148FCF740
:10D4700001BF00BF4C0C00200148FCF7FDBE00BFFF
:10D480004C0C00200EB410B583B005AB064C53F81D
:10D49000042B01930146206800F04AFD03B0BDE86B
:10D4A000104003B0704700BF0C0000202DE9F84386
:10D4B0000746884600F538764FF00009D6E9015452
:10D4C000013D11D4A389012B05F1FF3508D9B4F929
:10D4D0000E300133214603D03846C04749EA0009DF
:10D4E0006B1C04F16804EDD13668002EE6D1484685
:10D4F000BDE8F8832DE9F0410469B4EB611F2FDD2D
:10D5000000F1140E4E1111F01F0C0EEB84050EEB02
:10D5100086032BD05EF8262004339D4222FA0CF1BC
:10D52000CCF1200818D977461A6802FA08F20A43A3
:10D5300047F8042B53F8041B9D4221FA0CF1F3D851
:10D54000A41BA300053B9B0801330EEB83044EF89C
:10D550002310C9B1043417E0416174460029F9D1A0
:10D560000023036100234361BDE8F0819D4288BF31
:10D5700000F11002F4D953F8041B42F8041F9D4235
:10D58000F9D8A41B0EEB8404A4EB0E039B10744586
:10D590000361E7D0BDE8F0812DE9F04FA84C8BB0D6
:10D5A0002468059020468946029207930394F3F776
:10D5B00027FE21460144D9F8003011F801BC9978C2
:10D5C0003029024640F0DA816FF00100C01A0333BF
:10D5D00000EB030A1C4613F8011B3029F8D0DFF8D2
:10D5E000648218F80130002B00F0F08023780027C7
:10D5F00018F803303D4626462BB116F8013F18F8BF
:10D600000330002BF9D103990192304600F014FC4D
:10D61000019A0090002800F09180002D40F0918048
:10D620003378009503F0DF03502B354600F09380EC
:10D63000C9F80060002F40F0AB802B1B013B072B8B
:10D64000394604DD5B10072B01F10101FADC059876
:10D650000492FDF72DF9049A0190002800F06782EA
:10D66000019BAC4203F11406069680F0DC81002792
:10D67000C2F10103B946049310E0202F00F091801D
:10D680003946043715F8013C18F80330554603F0C5
:10D690000F038B40A54249EA030916D915F8013C4E
:10D6A0005B4505F1FF3AE8D1049B5344A342E4D320
:10D6B000184603990992089300F0BEFBDDE9083291
:10D6C0000028DAD11D46A542E8D846F8049B069BFF
:10D6D000F61A019BB6101E614846FDF7C3F9029B7E
:10D6E00076011C68301AA04200F3AE80C0F2268199
:10D6F0000027029B009A9B689342C0F2898102999D
:10D70000009A4B6893427EDD9D1AAC4200F3BC80C8
:10D71000CA68022A00F0BC81032A00F0B481012A01
:10D7200000F0988105980199FDF7E8F85025149AC2
:10D730000023284613600BB0BDE8F08F002D00F0E9
:10D740000B81AD1BAB000093337803F0DF03502B4C
:10D7500035467FF46DAF6B782B2B00F0ED802D2BD1
:10D760006AD06E1C002018F803104B1E182B61D8CD
:10D77000737818F803301039013623BB00B14942E1
:10D78000009BC9F800600B440093002F3FF455AF95
:10D79000BAF1000F14BF0025062528460BB0BDE8DE
:10D7A000F08F002146F8049B042789466AE701EBC5
:10D7B000810103EB4103A3F1100116F8013F18F8B2
:10D7C0000330002BDAD0192BF1DDD7E70399009253
:10D7D000204600F031FB009A002873D1A15C18F8B4
:10D7E0000130A518002B6FD030292C4605D114F834
:10D7F000013F302BFBD018F80330B3FA83F77F09D1
:10D800004FF0010AF7E6012557B1029BDB68022BB6
:10D8100062D0032B64D0012B00F0858045F0100509
:10D82000149B019A1A60079B009A1A6028460BB055
:10D83000BDE8F08F2E46FBE60120AB78AE1C92E7E8
:10D8400078FC000878FB0008019D061B314628463D
:10D85000FDF718FD074678B1721E5311069901278E
:10D8600051F8231002F01F0307FA03F30B4203D011
:10D87000BA4200F3E2800227009B0198334431460C
:10D880000093FFF737FE34E76E1E002F40F0C9808B
:10D89000002E40F0CC807311069A019852F8232094
:10D8A00006F01F06012303FA06F61642294618BFA2
:10D8B00047F00207FFF71EFE029B5B680093641BA4
:10D8C0000225A1E72178254601F0DF01502900F06B
:10D8D000BD80C9F800505BE7159BC3F101031593A8
:10D8E000159B002B9AD0019BDDF818901E69002132
:10D8F0004B464FEA860809EB860003E0984243F85E
:10D90000041C3FD91F4653F8042BB2F1FF3FF5D05A
:10D910000132022D3A6000F0C08014F01F0440F084
:10D92000E08021257CE7BA077FF578AF069B1B686E
:10D930001F43FB07D7D471E700207EE7DDE9003104
:10D94000221A9B1A05980093FDF716FA0346143322
:10D95000019006930027CCE6B35C18F80310B018CA
:10D96000064600293FF45EAE16F8013F18F8031092
:10D970000029F9D1801B8100009153E69C1C4FF0D7
:10D98000000A2CE6019B9B689E4280F28D80334604
:10D99000019901EB830201330B61022D4FF001016C
:10D9A00051617AD09E42B8DA002B40F3A780019AE9
:10D9B00009EB8303516902F1180083424FEA5101D8
:10D9C00040F2AF804C46026841EAC27144F8041B41
:10D9D00050F8041B83424FEA5101F4D8019A9B1A74
:10D9E000193B9B08013349F8231009EB83030029F5
:10D9F00040F09B800199A3EB090292104B450A610C
:10DA00007FD0029B009A9B6801329342009288DA91
:10DA100001990598FCF772FF149A00231360A3255F
:10DA2000BBE6012737E7069E4FF000094DE6019857
:10DA30003146FDF727FC07462DE7B11E2846FDF7C6
:10DA400021FC00283FF417AF032715E700230093BC
:10DA5000012780E6AC427FF465AE012C08D0019826
:10DA6000611EFDF70FFC00283FF45CAE029B5B6873
:10DA700007990B60019B069901221A610A60149AAA
:10DA80006225136089E6159A002A3FF44BAEEFE752
:10DA9000159A002A7FF446AEEAE7029B1B68013B19
:10DAA000A34232D02225BBE6019B0598596801317B
:10DAB000FCF7FEFE074600283FD0DDF80490D9F8B9
:10DAC0001030494602339A000C310C30F3F758FC01
:10DAD00049460598FCF712FF07F114093B690197C5
:10DAE00056E7C844C4F1200458F8040CFCF7BAFF08
:10DAF000A042BFF616AF019B1B6955E7019A0023B0
:10DB00001361019A002353617BE7631104F01F0442
:10DB100059F823200123A34013420CBF22252125BD
:10DB20007EE6C9F800104B4669B1043362E7074B43
:10DB30000748019ADE21FFF7F3FA044B04483A46FE
:10DB40008421FFF7EDFA019B1961DAE728F8000854
:10DB5000F0FA000810B4046809E014F8013FA3F1DA
:10DB6000410CBCF1190F98BF2033934208D111F832
:10DB7000012B002AF1D101340460012010BC704750
:10DB8000002010BC704700BF2DE9F04F096885B038
:10DB90004B1111F01F01029002EB8303039140F03F
:10DBA0008E801D1F0193029B01991C68002341F880
:10DBB000043C61780134002900F09780DFF870910F
:10DBC000A846AC469A461E460EE0202900F28B80FD
:10DBD000B24506DAC44501D2072B5BDD624551D35D
:10DBE000082314F8011FA1B119F801000028ECD096
:10DBF0000133082B06F101063ADCDCF800100901BC
:10DC000000F00F000843CCF8000014F8011F0029B1
:10DC1000EAD1002E69D0E04501D9072B73DD6245BA
:10DC200051D2111F634653F8040B41F8040F9D4273
:10DC3000F9D2A5EB0C0323F00303691C04330CF1A8
:10DC4000010C614538BF04231344002143F8041B31
:10DC50009D42FBD2019B53F8043C2BB9AA4248D009
:10DC600055F8043D002BF9D0052005B0BDE8F08F34
:10DC70006245B6D200234CF8043C1946ACF1040CC2
:10DC80000123BDE70023ACF104084CF8043CB24684
:10DC9000C446A6E7C3F108018900DCF80030C1F1F1
:10DCA000200E60468B46416801FA0EF73B43036045
:10DCB00021FA0BF340F8043F4045F4D38EE7191DD9
:10DCC00001911D466FE7039B002BC3D0039B019876
:10DCD000C3F120014FF0FF33CB4050F8041C0B4040
:10DCE00040F8043CB9E7292909D0042005B0BDE873
:10DCF000F08F012305202B6005B0BDE8F08F02995D
:10DD000001340C6085E7C3F108039B00DCF80010C8
:10DD1000C3F120076446666806FA07F001432160F4
:10DD200026FA03F144F8041FA045F4D877E700BFB2
:10DD300078FB000888420DD98B1883420AD900EB82
:10DD4000020CBAB1624613F801CD02F801CD994236
:10DD5000F9D170470F2A0ED8034602F1FF3C4AB1B1
:10DD60000CF1010C013B8C4411F8012B03F8012F3D
:10DD70006145F9D1704740EA01039B0750D1A2F1F8
:10DD8000100370B501F1200C23F00F0501F1100E06
:10DD900000F11004AC441B095EF8105C44F8105C00
:10DDA0005EF80C5C44F80C5C5EF8085C44F8085CB7
:10DDB0005EF8045C44F8045C0EF1100EE64504F1D4
:10DDC0001004E9D1013312F00C0F01EB031102F042
:10DDD0000F0400EB031327D0043C24F003064FEAA2
:10DDE000940C1E441C1F8E465EF8045B44F8045FCE
:10DDF000B442F9D10CF1010402F0030203EB8403F5
:10DE000001EB840102F1FF3C4AB10CF1010C013B32
:10DE10008C4411F8012B03F8012F6145F9D170BD35
:10DE200002F1FF3C03469BE72246EBE70149002055
:10DE3000704700BF0000F87FA2B330B540EA01048C
:10DE4000A40784460B462AD09CF800000C78844234
:10DE50002FD1012A0DD0E64660B11EF8010F11F84E
:10DE6000014F6FEA0E03A042134422D11CEB0303BF
:10DE7000F2D1002030BD0468194653F8045BA4F1C8
:10DE8000013EAC4284462EEA040E00F104000BD1A0
:10DE9000043A84461946ECD01EF0803FE9D1032AAB
:10DEA000E9D8D1E7104670479CF800000C78A042F2
:10DEB000D1D0001B30BD00BF2DE9F84F4B6E9C0444
:10DEC00090462DD59368126843B38B46064602F1FF
:10DED000080959E9025A5FEA9A0715D0043D00245F
:10DEE00001E0A7420ED055F8041F5A46304601F013
:10DEF0005BF8431C04F10104F3D10023C8E90133AA
:10DF0000BDE8F88FD8F808302AF0030AA3EB0A031B
:10DF1000C8F8083009F10809002BDAD10020ECE735
:10DF200001F076F80023C8E90133BDE8F88F00BF9F
:10DF30002DE9F04FBDB0CDE904301C4601911746E4
:10DF400018B1836B002B00F08682019A536EDE07B6
:10DF500040F18F81B2F90C108AB2900408D441F4D8
:10DF6000005201994B6E8A8123F4005392B24B66A2
:10DF7000110740F1F780019B1B69002B00F0F28034
:10DF800002F01A030A2B00F0FB8013AB109300235E
:10DF9000CDE91133CDE90A3308930DF14C0909930A
:10DFA00003933B78002B00F051813C4604E014F8C9
:10DFB000013F002B00F02C81252BF8D1E51B40F010
:10DFC00029812378002B00F041814FF000030025C8
:10DFD0008DF83B30671C637802954FF0FF3B2B2494
:10DFE0000137A3F120025A2A00F25281DFE812F031
:10DFF00098025001500194025001500150016A00F2
:10E000005001500136026B0250014102A60250013C
:10E01000A2025B005B005B005B005B005B005B00DF
:10E020005B005B0050015001500150015001500154
:10E030005001500150012302840050015001500151
:10E040005001500150015001500150015001DD00BC
:10E050005001500150010702500159025001500176
:10E060001E05500150015001500150015001500156
:10E07000500150015001230286005001500150010F
:10E080004F02860080005001450250018102DF00EE
:10E090006F028000500107027E003E0550015001D2
:10E0A000400550017E00A3F13002002117F8013B2A
:10E0B00001EB810102EB4101A3F13002092AF5D9FC
:10E0C00002918EE7DDF814804046FCF7CBF84368F8
:10E0D0000A931846F3F794F80B9006464046FCF76F
:10E0E000C1F883680993002E40F07B843B7877E782
:10E0F0003B7845F0200573E745F01005AC06049E1B
:10E1000040F16F81073626F007063246736852F8F1
:10E11000086B04929846002BC0F22D84BBF1FF3FA0
:10E1200000F0108556EA080325F0800A00F0088404
:10E130000A2E78F1000380F0BD84303601238DF87B
:10E14000EF60554600930DF1EF04DDF800809DF877
:10E150003B30D845B8BFD846002B00F0A88008F166
:10E160000108A4E0019D0598294600F0F1FD002872
:10E1700040F08885AA8902F01A030A2B7FF405AFC4
:10E180000199B1F90E30002BFFF6FFAE4B6EDE07A2
:10E1900002D4950540F156850199059823463A46E3
:10E1A0003DB0BDE8F04F00F093BD45F0100515F00F
:10E1B000200800F00781049E073626F00706334644
:10E1C000D6F8048053F8086B049325F4806A002382
:10E1D0004FF000028DF83B20BBF1FF3F00F0C881FB
:10E1E00056EA08022AF0800540F0C181BBF1000F19
:10E1F00040F0AB84002B40F0A8831AF00103009399
:10E2000000F0D68330238DF8EF300DF1EF049CE75A
:10E21000E51B1BD0119B129A01332A44072BC9E935
:10E2200000751292119305DC09F10809039B2B4438
:10E230000393C6E6002A00F07F830199059810AA8F
:10E24000FFF73AFE40B90DF14C09EFE7129B002BA6
:10E2500040F0098500231193019A536ED90740F1CC
:10E26000A68093895B0600F1198503983DB0BDE84F
:10E27000F08F019BB3F90C108D058AB23FF56DAE9E
:10E280001D46986DFBF7F6FFB5F90C108AB264E6EF
:10E29000002BDBD08DF88C304FF001084FF00003DD
:10E2A0008DF83B30CDF8008023AC4FF0000B15F01B
:10E2B0000203069318BF08F1020815F084030793C0
:10E2C00005D1029BA3EB0806002E00F36C82DDE96A
:10E2D0001121501C9DF83B608EB10DF13B020131C4
:10E2E000C9F8002007284FF00102CDE91101C9F853
:10E2F000042000F33B82024609F108090130069B25
:10E30000DBB10FAB0231C9F8003007284FF0020330
:10E31000CDE91101C9F8043040F34082002900F032
:10E3200006830199059810AAFFF7C6FD002893D12E
:10E33000DDE911210DF14C09501C079B802B00F0E9
:10E340005881009BABEB0306002E00F3B681009BC7
:10E35000C9F8004019440728CDE91101C9F8043073
:10E3600040F34481002900F072820199059810AAB7
:10E37000FFF7A2FD00287FF46FAF12990DF14C0951
:10E38000680705D5029BA3EB0804002C00F3698203
:10E39000DDE902234245ACBF9B18434403930029A7
:10E3A00040F0D581002311930DF14C09F9E5019B53
:10E3B0009B899A053FF556AF019CA06DFBF75CFF6A
:10E3C000A3894FE715F0100340F0238315F04002B6
:10E3D00000F0EB83049A52F8046B04929846B6B2AC
:10E3E000F3E656F8043B0496E80600F1ED82690670
:10E3F00040F1E78243F3C0381EB243468BE6049EE9
:10E4000056F8044B4FF000038DF83B30002C00F021
:10E41000B183BBF1FF3F00F02E835A460021204616
:10E42000F2F75EFF002800F01284031B00930496AD
:10E430004FF0000B89E6049E4FF000038DF83B304F
:10E440004FF0010856F8043B8DF88C300496CDF857
:10E45000008023AC29E7FEF783FF76E5049B53F8A1
:10E46000042B0292002A80F29F82029A0493524265
:10E4700002923B7845F00405B2E53B786C2B03BF74
:10E480007B7845F02005013745F01005A8E53B787D
:10E49000682B03BF7B7845F40075013745F04005D4
:10E4A0009EE545F0100A1AF0200800F05582049EFF
:10E4B000073626F007063346D6F8048053F8086B73
:10E4C0000493012384E63B788DF83B4088E5049B68
:10E4D00053F8046B049330238DF83C3078238DF887
:10E4E0003D30B94B089345F0020A4FF00008022373
:10E4F0006EE6AE0600F18382EC0600F13383680617
:10E5000000F19283A90540F12D83049E039A56F8E9
:10E51000043B04961A7044E53B7845F001055FE53D
:10E520009DF83B30002B7FF4E1AD20238DF83B308C
:10E530003B7855E53B7845F0800551E5394611F8C3
:10E54000013B2A2B00F0B383A3F13002092A0F46C6
:10E550004FF0000B3FF645AD17F8013B0BEB8B0B73
:10E5600002EB4B0BA3F13002092AF5D939E5AA4693
:10E57000012B3FF4DDAD022B3CAC12D1089A06F022
:10E580000F033609D35C04F8013D46EA08764FEAEA
:10E59000181856EA0803F2D13CAB1B1B55460093F2
:10E5A000D3E506F00703F60846EA48764FEAD808AE
:10E5B000303356EA0801224604F8013DF1D11AF041
:10E5C000010FE9D0302BE7D03023023A04F8013CA8
:10E5D0003CAB9B1A554600931446B6E5009913943C
:10E5E00001231491129111930DF14C0909F10809BD
:10E5F000C6E6029BA3EB0806002E7FF7A2AE102E04
:10E6000040F35183DFF8C4A15346CDE906B4BA46BE
:10E61000DDF814B0019C2F461D4607E002F1020C04
:10E6200009F108090246103E102E1EDD501C103163
:10E6300010230728CDE91101C9F80050C9F80430AA
:10E64000ECDD10AA002900F08B80214658460DF120
:10E650004C09FFF731FC00287FF4FEADDDE9112104
:10E66000103E102E02F1010CE0DCDDE906B42B4671
:10E670003D4657469A463144BCF1070FCDE911C1DA
:10E68000C9F800A0C9F8046040F39581002900F0A2
:10E69000BB820199059810AAFFF70EFC00287FF4B1
:10E6A000DBAD009BDDE91121ABEB0306002E02F18F
:10E6B00001000DF14C097FF74AAE102EDFF80CA1D6
:10E6C00031DD5346CDE90645BA46059C019D4FF024
:10E6D000100B1F4607E002F1020C09F1080902467F
:10E6E000103E102E19DD501C10310728C9E9007B9F
:10E6F000CDE91101EFDD10AA19B3294620460DF12D
:10E700004C09FFF7D9FB00287FF4A6ADDDE9112104
:10E71000103E102E02F1010CE5DCDDE906453B461A
:10E72000604657469A4631440728CDE91101C9F899
:10E7300000A0C9F8046000F3E68009F1080901307F
:10E7400005E64FF0010C0A460DF14C09C8E70199A6
:10E75000059810AAFFF7B0FB00283FF423AE7BE535
:10E760004FF0010C0A460DF14C095CE7002900F05E
:10E77000DB800199059810AAFFF79EFB00287FF423
:10E780006BADDDE911210DF14C09501CB7E50221FB
:10E790000FAB1491139301200DF14C09024609F1BE
:10E7A0000809501CC9E5102E40F35782DDE911C15C
:10E7B000DFF81CA0CDE90CB410235446DDF804B0FA
:10E7C000DDF814A062460DE094F6000894FC000801
:10E7D00084FC000802F1020C09F108090246103E0F
:10E7E000102E1BDD501C10310728C9E90043CDE96C
:10E7F0001101EFDD10AA21B3594650460DF14C0925
:10E80000FFF75AFB00287FF427ADDDE91121103E08
:10E81000102E02F1010C4FF01003E3DCA246DDF8EC
:10E8200030B00D9C62463144072ACDE91121C9F868
:10E8300000A0C9F8046000F3A78009F10809501C82
:10E8400048E50A464FF0010C0DF14C09C7E76C078B
:10E85000119150D5029BA3EB0804002C4BDD0DF168
:10E860004C09102C40F30982DFF8ECA2119A059EA6
:10E87000DDF804B053461025BA461F4606E0901C4A
:10E8800009F108091A46103C102C19DD531C1031EF
:10E89000072BC9E90075CDE91131F0DD10AA29B3C4
:10E8A00059463046FFF708FB00287FF4D5ACDDE978
:10E8B0001121103C102C02F101000DF14C09E5DC96
:10E8C0003B4657469A4621440728C9E900A4CDE9AA
:10E8D00011017FF75DAD71B10199059810AAFFF79D
:10E8E000EBFA00287FF4B8AC129951E501200A46F2
:10E8F0000DF14C09C7E7DDE902234245ACBF9B1887
:10E90000434403934EE500293FF468AE019905980E
:10E9100010AAFFF7D1FA00287FF49EAC1198129943
:10E9200001300DF14C0912E5069B002B77D1012037
:10E930000A460DF14C0900E511920DF14C0975E400
:10E94000BBF1000F7FF4F9AB55464FF0000BCDF84B
:10E9500000B03CACFFF7F9BB1AF010033AD11AF043
:10E96000400200F01381049A52F8046B0492984616
:10E97000B6B201232CE42D2376428DF83B3068EBB0
:10E980004808AA46012327E400297DD0019905986B
:10E9900010AAFFF791FA00287FF45EACDDE911219F
:10E9A0000DF14C09501C95E404933B78FFF718BB1C
:10E9B0003CACFFF7CABB09F108090CF10100624643
:10E9C000BFE4AA0500F138814FEAE3781E464346CA
:10E9D000FFF7A1BB049B53F8046B04930123FFF7DB
:10E9E000F7BB099B002B3FF481AB099B1B78002BE5
:10E9F0003FF47CAB3B7845F48065FFF7F1BADDE985
:10EA0000031656F8042B0496CB17C2E90013FFF740
:10EA1000C8BA049B53F8046B0493FFF7D6BB0221DA
:10EA20000FAB149113930DF14C09B8E64B4A0892C1
:10EA300015F0200836D0049E073626F00706324629
:10EA4000D6F8048052F8086B0492EA0709D556EA12
:10EA5000080206D08DF83D30302345F002058DF8D0
:10EA60003C3025F4806A0223FFF7B2BBAA461AE5C0
:10EA70003B4A0892DCE720460496F2F7C1FB4FF0D0
:10EA8000000B0090FFF761BB9DF83B20002A00F0CF
:10EA9000C18001200DF13B02149013920DF14C093D
:10EAA000014628E415F0100242D0049A52F8046B93
:10EAB0000492CAE70AF48063CDF800B0CDF818904C
:10EAC000BB46DDF8249000253CAC1F4609E03046EB
:10EAD0004146F2F78BF80A2E78F100031BD3064665
:10EAE0008846304641460A220023F2F77FF8114655
:10EAF000303104F8011C0A220023013C0135002FAB
:10EB0000E5D099F80010A942E1D1FF2DDFD00A2EFF
:10EB100078F1000364D23CAB1B1BCDF824905F4618
:10EB2000DDF81890DDF800B000935546FFF70DBBF7
:10EB300015F0400147D0049951F8046B04919046B8
:10EB4000B6B282E7AA46FFF7F3BA012BAA467FF4D2
:10EB500012ADFFF7F2BA00BF84FC0008A8F6000867
:10EB600094F60008049E039A56F8043B1A60049633
:10EB7000FFF717BABBF1060FD84628BF4FF00608BB
:10EB8000504CCDF800800496FFF78FBB049B1AF41D
:10EB9000007814BF53F8046B53F8046B04931CBF44
:10EBA0009046F6B20123FFF713BB049B15F40078DF
:10EBB00014BF53F8046B53F8046B04931CBF9046C6
:10EBC000F6B2FFF702BB049A15F4007814BF52F8AE
:10EBD000046B52F8046B04921CBF8846F6B234E70B
:10EBE0000B9B0A99E41A1A462046FCF73DFE99F859
:10EBF00001300BB109F10109304641460A220023D8
:10EC00000025F1F7F3FF6AE701200A460DF14C09F0
:10EC1000FFF797BB069B002B7FF4B9AD0A46012096
:10EC20000DF14C09FFF78DBB049E039A56F8043B87
:10EC300004961A80FFF7B5B943F3C0185EB2434695
:10EC4000FFF769BA886DFBF717FBFFF7A5BACDF898
:10EC500000B004968346FFF778BA119A1299DFF84C
:10EC600068A00132DFE50199059810AAFFF724F9A1
:10EC700000283FF4EFAAFFF7EFBA1198DFF848A099
:10EC8000013020E6019B5B6EDB0707D4019B9B896B
:10EC90009F0503D4019B986DFBF7EEFA4FF0FF330D
:10ECA0000393FFF7E2BADFF824A08446E3E4049A72
:10ECB0007B780F4652F8041B049241EAE17BFFF790
:10ECC0008FB900BFBCF6000884FC000894FC000863
:10ECD000F0B51F468B89ADF26C4D23F00203ADF801
:10ECE0000C304B6E1993CB89ADF80E30CB6907937E
:10ECF0004B6A09931AAB009304934FF48063154653
:10ED000006460293059316A800230C460693FBF7CC
:10ED1000ADFA2A463B4669463046FFF709F9051E1B
:10ED200007DB69463046FEF7E7FA002818BF4FF0C8
:10ED3000FF35BDF80C305B0603D5A38943F04003D3
:10ED4000A3811698FBF794FA28460DF26C4DF0BD9E
:10ED500038B5334B1B6805460C460BB19A6B12B3A2
:10ED6000B4F90C3018079AB225D5216900292DD0A5
:10ED700012F0010007D00020A06060694042A0614D
:10ED800039B1002038BD950758BF6069A0600029DF
:10ED9000F7D1120658BF0846F4D543F04003A381CB
:10EDA0004FF0FF3038BD1846FEF7DAFAB4F90C30F0
:10EDB00018079AB2D9D4D1062AD5520714D421699A
:10EDC00043F00803A3819AB20029D1D102F4207044
:10EDD000B0F5007FCCD02146284600F08DFAB4F97A
:10EDE0000C3021699AB2C3E7216B51B104F14002A2
:10EDF000914204D02846FBF71BF9B4F90C300022ED
:10EE0000226321690022C4E9001223F02403D7E71A
:10EE1000092243F040032A604FF0FF30A38138BD40
:10EE20000C00002008B5062000F0D6FA0120F3F708
:10EE300041FA00BF70B500294BD006460C4610B110
:10EE4000836B002B48D0636ED80734D5B4F90C30EF
:10EE5000002B3ED021463046FEF7BEF9E36A054658
:10EE600033B1E169304698470028B8BF4FF0FF350D
:10EE7000A3891A063BD4216B41B104F140039942A6
:10EE800002D03046FBF7D4F800232363616C21B134
:10EE90003046FBF7CDF800236364FEF7E7FA636EB4
:10EEA0000022DB07A28127D5A06DFBF7E1F9FEF771
:10EEB000E3FA284670BDA3899905CBD4A06DFBF772
:10EEC000D9F9B4F90C30002BC4D1656E15F00105E9
:10EED00008D00025284670BDFEF742FA636ED807B9
:10EEE000B4D4E8E7A06DFBF7C7F9284670BD2169E7
:10EEF0003046FBF79DF8BEE7A06DFBF7BDF9D3E701
:10EF00002DE9F04383B0074688461446FBF7A4F981
:10EF1000012803D108F1FF33FE2B37D9424604F113
:10EF20005C0301A9384600F0F5FA421C064633D0CE
:10EF300038B39DF804C00DF10509002509E02368E8
:10EF40005A1C226083F800C00135B54219D219F865
:10EF500001CBA368013B002BA360F0DAD4F818E0E2
:10EF6000734561462246384602DBBCF10A0FE6D102
:10EF700000F078FA431CE7D10646304603B0BDE8FE
:10EF8000F0834646304603B0BDE8F0835FFA88FC64
:10EF90008DF804C00646CEE7A389304643F040030F
:10EFA000A38103B0BDE8F08330B5536E13F0010FB9
:10EFB000B2F90C30144683B005469AB201D19805D7
:10EFC0001CD5900406D4626E43F4005342F4005200
:10EFD000A381626622462846FFF792FF636EDA0736
:10EFE000054602D4A3899B0502D5284603B030BD4F
:10EFF000A06DFBF741F9284603B030BDA06D01912B
:10F00000FBF738F9B4F90C3001999AB2D9E700BF8F
:10F010009368002B00F081802DE9F04FB1F90C309E
:10F020000C461907804683B0174698B223D523694A
:10F030000BB310F002033D682BD04FF0000ADFF84D
:10F04000B4B256465E453346524628BF5B464046FC
:10F05000002E4FD0E169D4F824C0E047002852DDEB
:10F06000BB681B1A8244361ABB60002BEAD1002011
:10F0700003B0BDE8F08F21464046FFF769FE002847
:10F0800040F03481B4F90C303D6898B210F00203BE
:10F09000D3D110F0010942D14E463EB38205D4F8D7
:10F0A00008B040F18180B3455A4600F2B18010F4B7
:10F0B000906F40F0BE80206801924946FEF73AFE0C
:10F0C000A3682168019AA3EB0B030A44B246A3602C
:10F0D00022600026B868A0EB0A00D144B86000287E
:10F0E000C5D0B4F90C0080B2002ED7D1D5E9009676
:10F0F0000835D2E7D5E900A60835A3E72146404602
:10F10000FEF7FAF880B3B4F90C3043F040034FF047
:10F11000FF30A38103B0BDE8F08F002070471E468A
:10F12000AA46994618461D4656B388B34A46D4E9BE
:10F1300004132068B24228BF3246884205D9A1682C
:10F1400003EB010B5A4500F3A780934264DCE169AD
:10F15000D4F824C02A464046E047B0F1000BD2DD87
:10F16000B9EB0B09CAD00120BB68A3EB0B035D44CC
:10F17000A6EB0B06BB60002B3FF479AF002ED4D179
:10F180000AF1080353E902569A460833002EF9D0D3
:10F1900032460A212846F2F7A3F8002800F09D80A5
:10F1A0000130A0EB0509C1E720682369984217D810
:10F1B0006369B34214D86FF00042B24228BF3246AE
:10F1C000E16992FBF3F2D4F824C002FB03F340465A
:10F1D0004A46E047B0F1000A95DDA6EB0A0679E75A
:10F1E000B345DA4628BFB24652464946FEF7A2FD6D
:10F1F000A3682268A3EB0A035244A3602260002B99
:10F20000EBD121464046FEF777F80028E5D07AE7B3
:10F210002068B34632464FE729460192FEF78AFD41
:10F22000019AA3689B1AA360236813442360934642
:10F2300096E723682169A3EB010B636903EB430A9B
:10F240000AEBDA7A0BF101034FEA6A0A33445345B9
:10F25000524684BF9A46524643052CD51146404635
:10F26000FBF732F800283BD05A4621690190F2F7AB
:10F2700087F8A289019B22F4906242F08002A28169
:10F2800003EB0B002361AAEB0B03C4F814A0A360EB
:10F290002060B34632460FE729465A46FEF74AFD3C
:10F2A00023685B44236021464046FEF725F800288A
:10F2B0003FF456AF27E74046FCF736F803460028F0
:10F2C000DED121694046FAF7B3FEB4F90C300C22C6
:10F2D00023F08003C8F8002017E7721C914626E748
:10F2E0000C22B4F90C30C8F800200EE74FF0FF30C4
:10F2F000BEE600BF00FCFF7F2DE9F0418B890C4684
:10F30000990796B008D504F143030122C4E90432F9
:10F31000236016B0BDE8F081B4F90E10002906464E
:10F3200027DB6A4600F014F9002821DB019D05F473
:10F330007045A5F50055B5FA85F54FF480686D095F
:10F340004FF4006741463046FAF7BEFFB4F90C307F
:10F35000F0B1204AF26343F08003C4F81480A38123
:10F360002060206135BB3B43A38116B0BDE8F0812E
:10F37000A38913F0800519D04FF04008414630466C
:10F38000FAF7A2FF0025B4F90C302F460028E0D18F
:10F390009A05BED423F0030304F1430243F00203B1
:10F3A0000121C4E90421A3812260B2E74FF48068FF
:10F3B0002F46C7E7B4F90E10304600F0DFF810B959
:10F3C000B4F90C30CFE7A38923F0030343F0010322
:10F3D0001BB2C8E755D3000838B5154B1F281D6868
:10F3E00020D8D5F8DC22044662B152F820304BB167
:10F3F000012B15D0591C0FD0002542F820509847FA
:10F40000284638BD284600F02BF8224601462846FB
:10F41000BDE8384000F00EB816232B60012038BD3F
:10F42000002038BD16232B604FF0FF3038BD00BFE1
:10F430000C00002070B50C46084D034600262046FF
:10F4400011461C462E60F2F72DFF431C00D070BD04
:10F450002B68002BFBD0236070BD00BF880C002000
:10F46000F2F71EBFF8B50D461446064610B1836B81
:10F47000002B43D0B4F90C20A369A360170790B206
:10F480001BD52369CBB1EDB281042F4622D522686A
:10F490006169D31A994229DD0133A1680139A1605C
:10F4A000511C2160157062699A422AD0A389DB073A
:10F4B00001D50A2D25D03846F8BD21463046FFF744
:10F4C00047FC20BBB4F90C20236990B2EDB2810453
:10F4D0002F46DCD442F40052A281626E616922F4AC
:10F4E000005262662268D31A9942D5DC2146304622
:10F4F000FDF702FF58B922680123CEE7FDF730FF80
:10F50000B8E721463046FDF7F7FE0028D3D04FF08C
:10F51000FF37D0E770B5054684B01C4639B10B4EB5
:10F52000D6F8E060B047431C09D004B070BD0A466D
:10F530000649D1F8E06001A9B047431CF5D100228B
:10F540008A2322602B6004B070BD00BF3C04002001
:10F5500070B50C46084D03460026204611461C4651
:10F560002E60F2F7CEFE431C00D070BD2B68002B3E
:10F57000FBD0236070BD00BF880C002038B5074D5C
:10F580000022044608462A60F2F7C0FE431C00D061
:10F5900038BD2B68002BFBD0236038BD880C0020C1
:10F5A000F8B500BFF8BC08BC9E467047F8B500BF70
:08F5B000F8BC08BC9E46704740
:10F5B800000000000000000001020304060708091B
:10F5C80000000000010203046D6F64653A256600BF
:10F5D800647574793A25660063757272656E743A5B
:10F5E8002566000072706D3A256600006272616BD4
:10F5F800653A2566000000007461726765743A25F3
:10F6080066000000656E61626C653A256600000060
:10F6180073746F7000000000252E33662C252E337E
:10F62800662C252E31662C252E32662C252E326628
:10F638002C252E31662C252E31662C25640A0000D7
:10F648000001020304050607080C101418203040B6
:10F65800010002000400060008000A000C00100067
:10F668002000400080000001080402040801010194
:10F67800010101030701000010000020494E460067
:10F68800696E66004E414E006E616E003031323355
:10F6980034353637383961626364656600000000C6
:10F6A80030313233343536373839414243444546B0
:10F6B80000000000286E756C6C2900003000000006
:10F6C8002020202020202020202020202020202032
:10F6D8003030303030303030303030303030303022
:10F6E80065256C64000000000A00010002000300A8
:10F6F8000400050006000700080009000A000B00C6
:10F708000C000D000E000F0010000000002020204B
:10F7180020202020202028282828282020202020B9
:10F728002020202020202020202020202088101089
:10F7380010101010101010101010101010040404E5
:10F7480004040404040404101010101010104141A3
:10F758004141414101010101010101010101010191
:10F7680001010101010101011010101010104242A5
:10F778004242424202020202020202020202020261
:10F788000202020202020202101010102000000001
:10F798000000000000000000000000000000000061
:10F7A8000000000000000000000000000000000051
:10F7B8000000000000000000000000000000000041
:10F7C8000000000000000000000000000000000031
:10F7D8000000000000000000000000000000000021
:10F7E8000000000000000000000000000000000011
:10F7F8000000000000000000000000000000000001
:10F8080000000000000000000000000000000000F0
:10F818004E614E00496E66696E6974790000000099
:10F8280042616C6C6F6320737563636565646564BE
:10F83800000000002F6D6E742F776F726B7370610C
:10F8480063652F776F726B73706163652F474343EE
:10F858002D31302D706970656C696E652F6A656E23
:10F868006B696E732D4743432D31302D7069706578
:10F878006C696E652D3333385F3230323131303157
:10F88800385F313633343531363230332F73726363
:10F898002F6E65776C69622F6E65776C69622F6C65
:10F8A8006962632F7374646C69622F64746F612E6C
:10F8B8006300000043000000504F53495800000007
:10F8C8002E0000002F6D6E742F776F726B7370614E
:10F8D80063652F776F726B73706163652F4743435E
:10F8E8002D31302D706970656C696E652F6A656E93
:10F8F8006B696E732D4743432D31302D70697065E8
:10F908006C696E652D3333385F32303231313031C6
:10F91800385F313633343531363230332F737263D2
:10F928002F6E65776C69622F6E65776C69622F6CD4
:10F938006962632F7374646C69622F6D707265639A
:10F948002E630000000000000080E03779C34143C7
:10F95800176E05B5B5B89346F5F93FE9034F384D2D
:10F96800321D30F94877825A3CBF737FDD4F1575D9
:10F97800000000000000F03F0000000000002440EC
:10F9880000000000000059400000000000408F40C7
:10F99800000000000088C34000000000006AF84032
:10F9A8000000000080842E4100000000D012634156
:10F9B8000000000084D797410000000065CDCD41CC
:10F9C800000000205FA00242000000E876483742AD
:10F9D800000000A2941A6D42000040E59C30A2424B
:10F9E8000000901EC4BCD64200003426F56B0C43C0
:10F9F8000080E03779C3414300A0D8855734764367
:10FA080000C84E676DC1AB43003D9160E458E143C7
:10FA1800408CB5781DAF154450EFE2D6E41A4B443C
:10FA280092D54D06CFF08044F64AE1C7022DB54481
:10FA3800B49DD9794378EA44050000001900000014
:10FA48007D0000006E660000696E69747900000030
:10FA5800616E000035000000CEFBFFFFCB03000005
:10FA6800010000000000000034000000CEFBFFFF92
:10FA7800CB030000010000000000000000000000AF
:10FA8800BC89D897B2D29C3C33A7A8D523F649396C
:10FA98003DA7F444FD0FA5329D978CCF08BA5B258E
:10FAA800436FAC64280668112C2066756E63746910
:10FAB8006F6E3A2000000000617373657274696F9D
:10FAC8006E2022257322206661696C65643A20667F
:10FAD800696C6520222573222C206C696E652025AF
:10FAE80064257325730A00002F6D6E742F776F726B
:10FAF8006B73706163652F776F726B737061636589
:10FB08002F4743432D31302D706970656C696E65E0
:10FB18002F6A656E6B696E732D4743432D31302D07
:10FB2800706970656C696E652D3333385F323032B9
:10FB380031313031385F3136333435313632303364
:10FB48002F7372632F6E65776C69622F6E65776CA1
:10FB580069622F6C6962632F7374646C69622F67C2
:10FB680064746F612D6765746865782E63000000A2
:10FB7800000000000000000000000000000000007D
:10FB8800000000000000000000000000000000006D
:10FB9800000000000000000000000000000000005D
:10FBA8001011121314151617181900000000000080
:10FBB800001A1B1C1D1E1F00000000000000000092
:10FBC800000000000000000000000000000000002D
:10FBD800001A1B1C1D1E1F00000000000000000072
:10FBE800000000000000000000000000000000000D
:10FBF80000000000000000000000000000000000FD
:10FC080000000000000000000000000000000000EC
:10FC180000000000000000000000000000000000DC
:10FC280000000000000000000000000000000000CC
:10FC380000000000000000000000000000000000BC
:10FC480000000000000000000000000000000000AC
:10FC5800000000000000000000000000000000009C
:10FC6800000000000000000000000000000000008C
:10FC7800C8F80008BCFA0008B80900202020202095
:10FC8800202020202020202020202020303030302C
:0CFC980030303030303030303030303020
:08FCA400780FFF7F0100000052
:08FCAC00398F00082502000851
:04FCB4000102000841
:10FCB8000024F400010000001000000010000020E3
:10FCC80000000000FC02002064030020CC03002098
:10FCD800000000000000000000000000000000001C
:10FCE800000000000000000000000000000000000C
:10FCF80000000000000000000000000000000000FC
:10FD080000000000000000000000000000000000EB
:10FD180000000000000000000000000000000000DB
:10FD280000000000000000000000000000000000CB
:10FD380000000000000000000000000000000000BB
:10FD480000000000000000000000000000000000AB
:10FD5800000000000000000000000000000000009B
:10FD6800000000000000000001000000000000008A
:10FD78000E33CDAB34126DE6ECDE05000B0000004F
:10FD8800000000000000000000000000000000006B
:10FD9800000000000000000000000000000000005B
:10FDA800000000000000000000000000000000004B
:10FDB800000000000000000000000000000000003B
:10FDC800000000000000000000000000000000002B
:10FDD800000000000000000000000000000000001B
:10FDE800000000000000000000000000000000000B
:10FDF80000000000000000000000000000000000FB
:10FE080000000000000000000000000000000000EA
:10FE180000000000000000000000000000000000DA
:10FE280000000000000000000000000000000000CA
:10FE380000000000000000000000000000000000BA
:10FE480000000000000000000000000000000000AA
:10FE5800000000000000000000000000000000009A
:10FE6800000000000000000000000000000000008A
:10FE7800000000000000000000000000000000007A
:10FE8800000000000000000000000000000000006A
:10FE9800000000000000000000000000000000005A
:10FEA800000000000000000000000000000000004A
:10FEB800000000000000000000000000000000003A
:10FEC800000000000000000000000000000000002A
:10FED800000000000000000000000000000000001A
:10FEE800000000000000000000000000000000000A
:10FEF80000000000000000000000000000000000FA
:10FF080000000000000000000000000000000000E9
:10FF180000000000000000000000000000000000D9
:10FF280000000000000000000000000000000000C9
:10FF380000000000000000000000000000000000B9
:10FF480000000000000000000000000000000000A9
:10FF58000000000000000000000000000000000099
:10FF68000000000000000000000000000000000089
:10FF78000000000000000000000000000000000079
:10FF88000000000000000000000000000000000069
:10FF98000000000000000000000000000000000059
:10FFA8000000000000000000000000000000000049
:10FFB8000000000000000000000000000000000039
:10FFC8000000000000000000000000000000000029
:10FFD8000000000000000000000000000000000019
:10FFE8000000000000000000000000000000000009
:08FFF800000000000000000001
:020000040801F1
:1000000000000000000000000000000000000000F0
:1000100000000000000000000000000000000000E0
:1000200000000000000000000000000000000000D0
:1000300000000000000000000000000000000000C0
:1000400000000000000000000000000000000000B0
:1000500000000000000000000000000000000000A0
:100060000000000000000000000000000000000090
:100070000000000000000000000000000000000080
:100080000000000000000000000000000000000070
:100090000000000000000000000000000000000060
:1000A0000000000000000000000000000000000050
:1000B0000000000000000000000000000000000040
:1000C0000000000000000000000000000000000030
:1000D0000000000000000000000000000000000020
:1000E0000000000000000000000000000000000010
:1000F000440C00204300000000000000000000004D
:1001000000000000000000000000000000000000EF
:10011000000000004300000000000000000000009C
:1001200000000000000000000000000000000000CF
:10013000000000004300000000000000000000007C
:1001400000000000000000000000000000000000AF
:10015000000000004300000000000000000000005C
:10016000000000000000000000000000000000008F
:10017000000000004300000000000000000000003C
:10018000000000000000000000000000000000006F
:10019000000000004300000000000000000000001C
:1001A000000000000000000000000000000000004F
:1001B00000000000430000000000000000000000FC
:1001C000000000000000000000000000000000002F
:1001D0000000000079D000086DA8000800000000B1
:1001E00014F70008C8F80008BCFA0008BCFA0008B8
:1001F000BCFA0008BCFA0008BCFA0008BCFA000807
:10020000BCFA0008BCFA0008BCFA0008FFFFFFFFB8
:10021000FFFFFFFFFFFFFFFFFFFF00000100415353
:1002200043494900000000000000000000000000F9
:10023000000000000000000000000000000041532A
:1002400043494900000000000000000000000000D9
:10025000000000000000000000000000000000009E
:100260000000000000000000A8050020A8050020F4
:10027000B0050020B0050020B8050020B80500201A
:10028000C0050020C0050020C8050020C8050020CA
:10029000D0050020D0050020D8050020D80500207A
:1002A000E0050020E0050020E8050020E80500202A
:1002B000F0050020F0050020F8050020F8050020DA
:1002C0000006002000060020080600200806002086
:1002D0001006002010060020180600201806002036
:1002E00020060020200600202806002028060020E6
:1002F0003006002030060020380600203806002096
:100300004006002040060020480600204806002045
:1003100050060020500600205806002058060020F5
:1003200060060020600600206806002068060020A5
:100330007006002070060020780600207806002055
:100340008006002080060020880600208806002005
:1003500090060020900600209806002098060020B5
:10036000A0060020A0060020A8060020A806002065
:10037000B0060020B0060020B8060020B806002015
:10038000C0060020C0060020C8060020C8060020C5
:10039000D0060020D0060020D8060020D806002075
:1003A000E0060020E0060020E8060020E806002025
:1003B000F0060020F0060020F8060020F8060020D5
:1003C0000007002000070020080700200807002081
:1003D0001007002010070020180700201807002031
:1003E00020070020200700202807002028070020E1
:1003F0003007002030070020380700203807002091
:100400004007002040070020480700204807002040
:1004100050070020500700205807002058070020F0
:1004200060070020600700206807002068070020A0
:100430007007002070070020780700207807002050
:100440008007002080070020880700208807002000
:1004500090070020900700209807002098070020B0
:10046000A0070020A0070020A8070020A807002060
:10047000B0070020B0070020B8070020B807002010
:10048000C0070020C0070020C8070020C8070020C0
:10049000D0070020D0070020D8070020D807002070
:1004A000E0070020E0070020E8070020E807002020
:1004B000F0070020F0070020F8070020F8070020D0
:1004C000000800200008002008080020080800207C
:1004D000100800201008002018080020180800202C
:1004E00020080020200800202808002028080020DC
:1004F000300800203008002038080020380800208C
:10050000400800204008002048080020480800203B
:1005100050080020500800205808002058080020EB
:10052000600800206008002068080020680800209B
:10053000700800207008002078080020780800204B
:1005400080080020800800208808002088080020FB
:1005500090080020900800209808002098080020AB
:10056000A0080020A0080020A8080020A80800205B
:10057000B0080020B0080020B8080020B80800200B
:10058000C0080020C0080020C8080020C8080020BB
:10059000D0080020D0080020D8080020D80800206B
:1005A000E0080020E0080020E8080020E80800201B
:1005B000F0080020F0080020F8080020F8080020CB
:1005C0000009002000090020080900200809002077
:1005D0001009002010090020180900201809002027
:1005E00020090020200900202809002028090020D7
:1005F0003009002030090020380900203809002087
:100600004009002040090020480900204809002036
:1006100050090020500900205809002058090020E6
:100620006009002060090020680900206809002096
:100630007009002070090020780900207809002046
:1006400080090020800900208809002088090020F6
:1006500090090020900900209809002098090020A6
:10066000A0090020A0090020FFFFFFFF00000200FA
:04067000FF00000087
:040000050800293D89
:00000001FF
